// SOLO HUNTER v1.0.6 settings-page build for ILI9341 CYD
// Public/shareable build for ILI9341 screen variant
//
// Features:
// - WiFiManager for first-time WiFi setup / recovery
// - local config page after connected
// - edit wallet + screen flip from browser
// - live DGB wallet balance (10s refresh)
// - cached DGB/USD/GBP/CAD prices (5 min refresh)
// - BLOCK FOUND popup on mined tx or confirmed balance increase
// - HELIOS hardware SHA-256d engine with second-core software mining
//
// Required library:
//   WiFiManager by tzapu / tablatronix

#include <WiFi.h>
#include <WiFiClientSecure.h>
#include <HTTPClient.h>
#include <Preferences.h>
#include <LovyanGFX.hpp>
#include <WiFiManager.h>
#include <WebServer.h>
#include "SoloHunterMiner.h"
#include <esp_pm.h>

const char* AP_SSID = "SOLO_HUNTER_SETUP";
const char* AP_PASS = "solohunter";

#define TFT_BL 21
#define REAR_LED 17

static const uint32_t WALLET_REFRESH_MS = 300000;
static const uint32_t FIAT_REFRESH_MS   = 600000;
static const uint32_t MINED_ALERT_REFRESH_MS = 120000;
static const uint32_t MINING_DISPLAY_REFRESH_MS = 1000;

Preferences prefs;
WebServer server(80);

String cfgWallet = "";
String cfgCurrency = "USD";
bool cfgFlip = false;
bool cfgMiningEnabled = false;
String cfgMiningPoolHost = "";
String cfgMiningPoolPort = "3333";
String cfgMiningUser = "";
String cfgMiningWorker = "";
String cfgMiningPass = "x";

String chainzUrl() {
  return String("https://chainz.cryptoid.info/dgb/api.dws?q=getbalance&a=") + cfgWallet;
}

String geckoUrl() {
  return String("https://api.coingecko.com/api/v3/simple/price?ids=digibyte&vs_currencies=usd,gbp,cad");
}

String minedTxUrl() {
  return String("https://www.coinexplorer.net/api/v1/DGB/address/transactions?address=") + cfgWallet;
}

class LGFX : public lgfx::LGFX_Device {
  lgfx::Panel_ILI9341 _panel;
  lgfx::Bus_SPI _bus;
public:
  LGFX(void) {
    {
      auto cfg = _bus.config();
      cfg.spi_host = HSPI_HOST;
      cfg.spi_mode = 0;
      cfg.freq_write = 27000000;
      cfg.freq_read = 16000000;
      cfg.spi_3wire = false;
      cfg.use_lock = true;
      cfg.dma_channel = 1;
      cfg.pin_sclk = 14;
      cfg.pin_mosi = 13;
      cfg.pin_miso = 12;
      cfg.pin_dc   = 2;
      _bus.config(cfg);
      _panel.setBus(&_bus);
    }
    {
      auto cfg = _panel.config();
      cfg.pin_cs = 15;
      cfg.pin_rst = -1;
      cfg.pin_busy = -1;
      cfg.memory_width = 240;
      cfg.memory_height = 320;
      cfg.panel_width = 240;
      cfg.panel_height = 320;
      cfg.offset_x = 0;
      cfg.offset_y = 0;
      cfg.offset_rotation = 0;
      cfg.dummy_read_pixel = 8;
      cfg.dummy_read_bits = 1;
      cfg.readable = true;
      cfg.invert = false;
      cfg.rgb_order = false;
      cfg.dlen_16bit = false;
      cfg.bus_shared = true;
      _panel.config(cfg);
    }
    setPanel(&_panel);
  }
} tft;

static constexpr uint16_t C_BG      = TFT_BLACK;
static constexpr uint16_t C_GREEN   = 0x07E0;
static constexpr uint16_t C_GREEN2  = 0x05A0;
static constexpr uint16_t C_DIM     = 0x7BEF;
static constexpr uint16_t C_WARN    = TFT_YELLOW;
static constexpr uint16_t C_ALERT   = TFT_RED;
static constexpr uint16_t C_POPBG   = 0x0120;

const int IMG_W = 172;
const int IMG_H = 150;
static const uint16_t acceptedImg[IMG_W * IMG_H] PROGMEM = {
  0x0000, 0x0000, 0x0000, 0x0000, 0x0000, 0x0000, 0x0000, 0x0000, 0x0000, 0x0000, 0x0000, 0x0000,
  0x0000, 0x0000, 0x0000, 0x0000, 0x0000, 0x0000, 0x0000, 0x0000, 0x0000, 0x0000, 0x0000, 0x0000,
  0x0000, 0x0000, 0x0000, 0x0000, 0x0000, 0x0000, 0x0000, 0x0000, 0x0000, 0x0000, 0x0000, 0x0000,
  0x0000, 0x0000, 0x0000, 0x0000, 0x0000, 0x0000, 0x0000, 0x0000, 0x0000, 0x0000, 0x0000, 0x0000,
  0x0000, 0x0000, 0x0000, 0x0000, 0x0000, 0x0000, 0x0000, 0x0000, 0x0000, 0x0000, 0x0000, 0x0000,
  0x0000, 0x0000, 0x0000, 0x0000, 0x0020, 0x0020, 0x0020, 0x0040, 0x0040, 0x0040, 0x0060, 0x0060,
  0x0060, 0x0060, 0x0060, 0x0060, 0x0060, 0x0060, 0x0080, 0x0080, 0x0080, 0x0080, 0x0080, 0x0080,
  0x0080, 0x0080, 0x0080, 0x0080, 0x0080, 0x0080, 0x0080, 0x0080, 0x0080, 0x0080, 0x0080, 0x0080,
  0x0060, 0x0060, 0x0060, 0x0060, 0x0060, 0x0040, 0x0040, 0x0040, 0x0040, 0x0040, 0x0020, 0x0020,
  0x0000, 0x0000, 0x0000, 0x0000, 0x0000, 0x0000, 0x0000, 0x0000, 0x0000, 0x0000, 0x0000, 0x0000,
  0x0000, 0x0000, 0x0000, 0x0000, 0x0000, 0x0000, 0x0000, 0x0000, 0x0000, 0x0000, 0x0000, 0x0000,
  0x0000, 0x0000, 0x0000, 0x0000, 0x0000, 0x0000, 0x0000, 0x0000, 0x0000, 0x0000, 0x0000, 0x0000,
  0x0000, 0x0000, 0x0000, 0x0000, 0x0000, 0x0000, 0x0000, 0x0000, 0x0000, 0x0000, 0x0000, 0x0000,
  0x0000, 0x0000, 0x0000, 0x0000, 0x0000, 0x0000, 0x0000, 0x0000, 0x0000, 0x0000, 0x0000, 0x0000,
  0x0000, 0x0000, 0x0000, 0x0000, 0x0000, 0x0000, 0x0000, 0x0000, 0x0000, 0x0000, 0x0000, 0x0000,
  0x0000, 0x0000, 0x0000, 0x0000, 0x0000, 0x0000, 0x0000, 0x0000, 0x0000, 0x0000, 0x0000, 0x0000,
  0x0000, 0x0000, 0x0000, 0x0000, 0x0000, 0x0000, 0x0000, 0x0000, 0x0000, 0x0000, 0x0000, 0x0000,
  0x0000, 0x0000, 0x0000, 0x0000, 0x0000, 0x0000, 0x0000, 0x0000, 0x0000, 0x0000, 0x0000, 0x0000,
  0x0000, 0x0000, 0x0000, 0x0000, 0x0000, 0x0000, 0x0000, 0x0000, 0x0000, 0x0000, 0x0000, 0x0000,
  0x0000, 0x0000, 0x0020, 0x0020, 0x0020, 0x0020, 0x0040, 0x0040, 0x0040, 0x0040, 0x0040, 0x0060,
  0x0060, 0x0080, 0x0060, 0x0080, 0x00A0, 0x00A0, 0x00A0, 0x00C0, 0x00C0, 0x00C0, 0x00E0, 0x00E0,
  0x00E0, 0x00E0, 0x0100, 0x0100, 0x0100, 0x0100, 0x0100, 0x0100, 0x0100, 0x0100, 0x00E0, 0x00E0,
  0x00E0, 0x00E0, 0x00E0, 0x00C0, 0x00A0, 0x00A0, 0x0080, 0x0080, 0x0080, 0x0060, 0x0060, 0x0060,
  0x0060, 0x0060, 0x0060, 0x0040, 0x0020, 0x0020, 0x0020, 0x0020, 0x0020, 0x0000, 0x0000, 0x0000,
  0x0000, 0x0000, 0x0000, 0x0000, 0x0000, 0x0000, 0x0000, 0x0000, 0x0000, 0x0000, 0x0000, 0x0000,
  0x0000, 0x0000, 0x0000, 0x0000, 0x0000, 0x0000, 0x0000, 0x0000, 0x0000, 0x0000, 0x0000, 0x0000,
  0x0000, 0x0000, 0x0000, 0x0000, 0x0000, 0x0000, 0x0000, 0x0000, 0x0000, 0x0000, 0x0000, 0x0000,
  0x0000, 0x0000, 0x0000, 0x0000, 0x0000, 0x0000, 0x0000, 0x0000, 0x0000, 0x0000, 0x0000, 0x0000,
  0x0000, 0x0000, 0x0000, 0x0000, 0x0000, 0x0000, 0x0000, 0x0000, 0x0000, 0x0000, 0x0000, 0x0000,
  0x0000, 0x0000, 0x0000, 0x0000, 0x0000, 0x0000, 0x0000, 0x0000, 0x0000, 0x0000, 0x0000, 0x0000,
  0x0000, 0x0000, 0x0000, 0x0000, 0x0000, 0x0000, 0x0000, 0x0000, 0x0000, 0x0000, 0x0000, 0x0000,
  0x0000, 0x0000, 0x0000, 0x0000, 0x0000, 0x0000, 0x0000, 0x0000, 0x0000, 0x0000, 0x0000, 0x0000,
  0x0000, 0x0000, 0x0000, 0x0000, 0x0000, 0x0000, 0x0000, 0x0000, 0x0000, 0x0000, 0x0000, 0x0000,
  0x0000, 0x0000, 0x0000, 0x0020, 0x0020, 0x0020, 0x0020, 0x0020, 0x0020, 0x0040, 0x0060, 0x0040,
  0x0060, 0x0060, 0x0060, 0x0080, 0x00A0, 0x00A0, 0x00C0, 0x00E0, 0x0100, 0x0120, 0x0100, 0x0120,
  0x0140, 0x0140, 0x0140, 0x0160, 0x0160, 0x0160, 0x0160, 0x0160, 0x0160, 0x0160, 0x0160, 0x0160,
  0x0160, 0x0160, 0x0140, 0x0140, 0x0140, 0x0140, 0x0140, 0x0140, 0x0120, 0x0100, 0x0100, 0x00E0,
  0x00E0, 0x00C0, 0x0080, 0x0080, 0x0060, 0x0060, 0x0060, 0x0060, 0x0040, 0x0040, 0x0040, 0x0040,
  0x0040, 0x0020, 0x0000, 0x0000, 0x0000, 0x0000, 0x0000, 0x0000, 0x0000, 0x0000, 0x0000, 0x0000,
  0x0000, 0x0000, 0x0000, 0x0000, 0x0000, 0x0000, 0x0000, 0x0000, 0x0000, 0x0000, 0x0000, 0x0000,
  0x0000, 0x0000, 0x0000, 0x0000, 0x0000, 0x0000, 0x0000, 0x0000, 0x0000, 0x0000, 0x0000, 0x0000,
  0x0000, 0x0000, 0x0000, 0x0000, 0x0000, 0x0000, 0x0000, 0x0000, 0x0000, 0x0000, 0x0000, 0x0000,
  0x0000, 0x0000, 0x0000, 0x0000, 0x0000, 0x0000, 0x0000, 0x0000, 0x0000, 0x0000, 0x0000, 0x0000,
  0x0000, 0x0000, 0x0000, 0x0000, 0x0000, 0x0000, 0x0000, 0x0000, 0x0000, 0x0000, 0x0000, 0x0000,
  0x0000, 0x0000, 0x0000, 0x0000, 0x0000, 0x0000, 0x0000, 0x0000, 0x0000, 0x0000, 0x0000, 0x0000,
  0x0000, 0x0000, 0x0000, 0x0000, 0x0000, 0x0000, 0x0000, 0x0000, 0x0000, 0x0000, 0x0000, 0x0000,
  0x0000, 0x0000, 0x0000, 0x0000, 0x0000, 0x0000, 0x0000, 0x0000, 0x0000, 0x0000, 0x0000, 0x0000,
  0x0000, 0x0000, 0x0000, 0x0000, 0x0000, 0x0000, 0x0000, 0x0020, 0x0020, 0x0040, 0x0040, 0x0040,
  0x0060, 0x0060, 0x0080, 0x0080, 0x00A0, 0x00A0, 0x00C0, 0x00E0, 0x0100, 0x0100, 0x0120, 0x0140,
  0x0160, 0x0160, 0x0160, 0x0160, 0x0180, 0x0180, 0x01A0, 0x01C0, 0x01C0, 0x01C0, 0x01C0, 0x01C0,
  0x01C0, 0x01C0, 0x01C0, 0x01C0, 0x01C0, 0x01C0, 0x01A0, 0x01A0, 0x01A0, 0x01A0, 0x01A0, 0x01A0,
  0x0180, 0x0160, 0x0140, 0x0160, 0x0140, 0x0120, 0x0100, 0x00E0, 0x00C0, 0x00C0, 0x00A0, 0x0080,
  0x0060, 0x0060, 0x0060, 0x0060, 0x0040, 0x0040, 0x0020, 0x0000, 0x0000, 0x0000, 0x0000, 0x0000,
  0x0000, 0x0000, 0x0000, 0x0000, 0x0000, 0x0000, 0x0000, 0x0000, 0x0000, 0x0000, 0x0000, 0x0000,
  0x0000, 0x0000, 0x0000, 0x0000, 0x0000, 0x0000, 0x0000, 0x0000, 0x0000, 0x0000, 0x0000, 0x0000,
  0x0000, 0x0000, 0x0000, 0x0000, 0x0000, 0x0000, 0x0000, 0x0000, 0x0000, 0x0000, 0x0000, 0x0000,
  0x0000, 0x0000, 0x0000, 0x0000, 0x0000, 0x0000, 0x0000, 0x0000, 0x0000, 0x0000, 0x0000, 0x0000,
  0x0000, 0x0000, 0x0000, 0x0000, 0x0000, 0x0000, 0x0000, 0x0000, 0x0000, 0x0000, 0x0000, 0x0000,
  0x0000, 0x0000, 0x0000, 0x0000, 0x0000, 0x0000, 0x0000, 0x0000, 0x0000, 0x0000, 0x0000, 0x0000,
  0x0000, 0x0000, 0x0000, 0x0000, 0x0000, 0x0000, 0x0000, 0x0000, 0x0000, 0x0000, 0x0000, 0x0000,
  0x0000, 0x0000, 0x0000, 0x0000, 0x0000, 0x0000, 0x0000, 0x0000, 0x0000, 0x0000, 0x0000, 0x0000,
  0x0000, 0x0000, 0x0000, 0x0000, 0x0000, 0x0000, 0x0000, 0x0000, 0x0000, 0x0020, 0x0020, 0x0040,
  0x0040, 0x0040, 0x0040, 0x0060, 0x0080, 0x00A0, 0x00C0, 0x00E0, 0x0100, 0x0120, 0x0140, 0x0140,
  0x0160, 0x0180, 0x0180, 0x01A0, 0x01A0, 0x01A0, 0x01E0, 0x01E0, 0x0200, 0x0220, 0x0240, 0x0240,
  0x0240, 0x0240, 0x0260, 0x0260, 0x0260, 0x0260, 0x0260, 0x0260, 0x0260, 0x0260, 0x0220, 0x0220,
  0x0220, 0x0220, 0x0200, 0x01E0, 0x01E0, 0x01C0, 0x01A0, 0x0180, 0x0180, 0x0160, 0x0160, 0x0160,
  0x0140, 0x0120, 0x0100, 0x00E0, 0x00C0, 0x00A0, 0x0080, 0x0060, 0x0060, 0x0060, 0x0060, 0x0040,
  0x0040, 0x0020, 0x0000, 0x0000, 0x0000, 0x0000, 0x0000, 0x0000, 0x0000, 0x0000, 0x0000, 0x0000,
  0x0000, 0x0000, 0x0000, 0x0000, 0x0000, 0x0000, 0x0000, 0x0000, 0x0000, 0x0000, 0x0000, 0x0000,
  0x0000, 0x0000, 0x0000, 0x0000, 0x0000, 0x0000, 0x0000, 0x0000, 0x0000, 0x0000, 0x0000, 0x0000,
  0x0000, 0x0000, 0x0000, 0x0000, 0x0000, 0x0000, 0x0000, 0x0000, 0x0000, 0x0000, 0x0000, 0x0000,
  0x0000, 0x0000, 0x0000, 0x0000, 0x0000, 0x0000, 0x0000, 0x0000, 0x0000, 0x0000, 0x0000, 0x0000,
  0x0000, 0x0000, 0x0000, 0x0000, 0x0000, 0x0000, 0x0000, 0x0000, 0x0000, 0x0000, 0x0000, 0x0000,
  0x0000, 0x0000, 0x0000, 0x0000, 0x0000, 0x0000, 0x0000, 0x0000, 0x0000, 0x0000, 0x0000, 0x0000,
  0x0000, 0x0000, 0x0000, 0x0000, 0x0000, 0x0000, 0x0000, 0x0000, 0x0000, 0x0000, 0x0000, 0x0000,
  0x0000, 0x0000, 0x0000, 0x0000, 0x0000, 0x0000, 0x0000, 0x0000, 0x0000, 0x0000, 0x0020, 0x0020,
  0x0040, 0x0040, 0x0040, 0x0060, 0x0060, 0x0080, 0x0080, 0x00A0, 0x00E0, 0x0100, 0x0120, 0x0140,
  0x0140, 0x0180, 0x0180, 0x09A0, 0x01C0, 0x01E0, 0x0200, 0x0220, 0x0240, 0x0260, 0x0280, 0x0280,
  0x02A0, 0x02C0, 0x02E0, 0x02E0, 0x02E0, 0x0300, 0x0320, 0x0320, 0x0320, 0x0320, 0x0320, 0x0320,
  0x0320, 0x0320, 0x02E0, 0x02E0, 0x02E0, 0x02C0, 0x02A0, 0x0280, 0x0280, 0x0260, 0x0240, 0x0220,
  0x0200, 0x0200, 0x01C0, 0x01C0, 0x01A0, 0x0180, 0x0160, 0x0140, 0x0140, 0x0120, 0x0100, 0x00C0,
  0x0080, 0x0080, 0x0060, 0x0040, 0x0040, 0x0040, 0x0020, 0x0020, 0x0020, 0x0020, 0x0020, 0x0020,
  0x0000, 0x0000, 0x0000, 0x0000, 0x0000, 0x0000, 0x0000, 0x0000, 0x0000, 0x0000, 0x0000, 0x0000,
  0x0000, 0x0000, 0x0000, 0x0000, 0x0000, 0x0000, 0x0000, 0x0000, 0x0000, 0x0000, 0x0000, 0x0000,
  0x0000, 0x0000, 0x0000, 0x0000, 0x0000, 0x0000, 0x0000, 0x0000, 0x0000, 0x0000, 0x0000, 0x0000,
  0x0000, 0x0000, 0x0000, 0x0000, 0x0000, 0x0000, 0x0000, 0x0000, 0x0000, 0x0000, 0x0000, 0x0000,
  0x0000, 0x0000, 0x0000, 0x0000, 0x0000, 0x0000, 0x0000, 0x0000, 0x0000, 0x0000, 0x0000, 0x0000,
  0x0000, 0x0000, 0x0000, 0x0000, 0x0000, 0x0000, 0x0000, 0x0000, 0x0000, 0x0000, 0x0000, 0x0000,
  0x0000, 0x0000, 0x0000, 0x0000, 0x0000, 0x0000, 0x0000, 0x0000, 0x0000, 0x0000, 0x0000, 0x0000,
  0x0000, 0x0000, 0x0000, 0x0000, 0x0000, 0x0000, 0x0000, 0x0000, 0x0000, 0x0000, 0x0000, 0x0000,
  0x0020, 0x0020, 0x0040, 0x0040, 0x0060, 0x0060, 0x0080, 0x0080, 0x00A0, 0x00C0, 0x0100, 0x0120,
  0x0140, 0x0140, 0x0160, 0x0180, 0x01A0, 0x01E0, 0x0200, 0x0220, 0x0240, 0x0260, 0x0280, 0x02C0,
  0x0300, 0x0320, 0x0340, 0x0380, 0x03A0, 0x03C0, 0x03E0, 0x03E0, 0x03E0, 0x0C01, 0x0C01, 0x0C00,
  0x0400, 0x0400, 0x0400, 0x0400, 0x0400, 0x0C00, 0x0BE1, 0x0BC1, 0x0BC1, 0x03A0, 0x03A0, 0x0380,
  0x0340, 0x0320, 0x0300, 0x02C0, 0x02A0, 0x0280, 0x0240, 0x0220, 0x0200, 0x01E0, 0x01C0, 0x01A0,
  0x0180, 0x0160, 0x0140, 0x0140, 0x0100, 0x00C0, 0x00A0, 0x0080, 0x0080, 0x0060, 0x0060, 0x0040,
  0x0040, 0x0040, 0x0040, 0x0040, 0x0020, 0x0000, 0x0000, 0x0000, 0x0000, 0x0000, 0x0000, 0x0000,
  0x0000, 0x0000, 0x0000, 0x0000, 0x0000, 0x0000, 0x0000, 0x0000, 0x0000, 0x0000, 0x0000, 0x0000,
  0x0000, 0x0000, 0x0000, 0x0000, 0x0000, 0x0000, 0x0000, 0x0000, 0x0000, 0x0000, 0x0000, 0x0000,
  0x0000, 0x0000, 0x0000, 0x0000, 0x0000, 0x0000, 0x0000, 0x0000, 0x0000, 0x0000, 0x0000, 0x0000,
  0x0000, 0x0000, 0x0000, 0x0000, 0x0000, 0x0000, 0x0000, 0x0000, 0x0000, 0x0000, 0x0000, 0x0000,
  0x0000, 0x0000, 0x0000, 0x0000, 0x0000, 0x0000, 0x0000, 0x0000, 0x0000, 0x0000, 0x0000, 0x0000,
  0x0000, 0x0000, 0x0000, 0x0000, 0x0000, 0x0000, 0x0000, 0x0000, 0x0000, 0x0000, 0x0000, 0x0000,
  0x0000, 0x0000, 0x0000, 0x0000, 0x0000, 0x0000, 0x0000, 0x0000, 0x0000, 0x0000, 0x0000, 0x0020,
  0x0020, 0x0020, 0x0020, 0x0040, 0x0040, 0x0060, 0x0060, 0x0080, 0x0080, 0x00A0, 0x00C0, 0x00E0,
  0x0120, 0x0140, 0x0140, 0x0160, 0x0180, 0x0180, 0x01C0, 0x01E0, 0x0200, 0x0260, 0x02A0, 0x02E0,
  0x0300, 0x0340, 0x0380, 0x03C0, 0x03E0, 0x03E0, 0x0400, 0x0400, 0x0400, 0x0400, 0x0400, 0x0400,
  0x0400, 0x03E0, 0x03E0, 0x03E0, 0x0400, 0x0400, 0x0400, 0x03E0, 0x03E0, 0x03E0, 0x0400, 0x03E0,
  0x03C0, 0x03E0, 0x03E0, 0x0400, 0x0400, 0x03E0, 0x03C0, 0x03C1, 0x0380, 0x0360, 0x0320, 0x02C0,
  0x02A0, 0x0260, 0x0220, 0x0220, 0x0200, 0x01A0, 0x01A0, 0x0180, 0x0160, 0x0140, 0x0120, 0x00E0,
  0x00E0, 0x00A0, 0x0080, 0x0080, 0x0060, 0x0060, 0x0060, 0x0040, 0x0040, 0x0020, 0x0000, 0x0000,
  0x0000, 0x0000, 0x0000, 0x0020, 0x0020, 0x0020, 0x0020, 0x0000, 0x0000, 0x0000, 0x0000, 0x0000,
  0x0000, 0x0000, 0x0000, 0x0000, 0x0000, 0x0000, 0x0000, 0x0000, 0x0000, 0x0000, 0x0000, 0x0000,
  0x0000, 0x0000, 0x0000, 0x0000, 0x0000, 0x0000, 0x0000, 0x0000, 0x0000, 0x0000, 0x0000, 0x0000,
  0x0000, 0x0000, 0x0000, 0x0000, 0x0000, 0x0000, 0x0000, 0x0000, 0x0000, 0x0000, 0x0000, 0x0000,
  0x0000, 0x0000, 0x0000, 0x0000, 0x0000, 0x0000, 0x0000, 0x0000, 0x0000, 0x0000, 0x0000, 0x0000,
  0x0000, 0x0000, 0x0000, 0x0000, 0x0000, 0x0000, 0x0000, 0x0000, 0x0000, 0x0000, 0x0000, 0x0000,
  0x0000, 0x0000, 0x0000, 0x0000, 0x0000, 0x0000, 0x0000, 0x0000, 0x0000, 0x0000, 0x0020, 0x0020,
  0x0020, 0x0000, 0x0000, 0x0020, 0x0020, 0x0040, 0x0040, 0x0060, 0x0060, 0x0060, 0x0080, 0x00A0,
  0x00C0, 0x00E0, 0x0100, 0x0160, 0x0180, 0x01A0, 0x01C0, 0x01E0, 0x0200, 0x0240, 0x0260, 0x02A0,
  0x02E0, 0x0320, 0x0380, 0x03E0, 0x0400, 0x0400, 0x0420, 0x0400, 0x03E0, 0x03E0, 0x03E0, 0x0400,
  0x0C40, 0x0CA1, 0x14E2, 0x1D03, 0x2544, 0x2D85, 0x35C6, 0x3DE7, 0x3DE8, 0x45C8, 0x45C8, 0x45C8,
  0x3DA7, 0x3586, 0x2D65, 0x2504, 0x1CC3, 0x14A2, 0x0C41, 0x0420, 0x0400, 0x0400, 0x03E0, 0x03E0,
  0x03E0, 0x0400, 0x0401, 0x03E0, 0x0380, 0x0340, 0x0300, 0x02A0, 0x0260, 0x0240, 0x0220, 0x01E0,
  0x01A0, 0x0180, 0x0180, 0x0140, 0x0140, 0x0100, 0x00E0, 0x00A0, 0x0080, 0x0080, 0x0060, 0x0060,
  0x0040, 0x0020, 0x0020, 0x0020, 0x0000, 0x0000, 0x0000, 0x0020, 0x0020, 0x0020, 0x0020, 0x0020,
  0x0000, 0x0000, 0x0000, 0x0000, 0x0000, 0x0000, 0x0000, 0x0000, 0x0000, 0x0000, 0x0000, 0x0000,
  0x0000, 0x0000, 0x0000, 0x0000, 0x0000, 0x0000, 0x0000, 0x0000, 0x0000, 0x0000, 0x0000, 0x0000,
  0x0000, 0x0000, 0x0000, 0x0000, 0x0000, 0x0000, 0x0000, 0x0000, 0x0000, 0x0000, 0x0000, 0x0000,
  0x0000, 0x0000, 0x0000, 0x0000, 0x0000, 0x0000, 0x0000, 0x0000, 0x0000, 0x0000, 0x0000, 0x0000,
  0x0000, 0x0000, 0x0000, 0x0000, 0x0000, 0x0000, 0x0000, 0x0000, 0x0000, 0x0000, 0x0000, 0x0000,
  0x0000, 0x0000, 0x0000, 0x0000, 0x0000, 0x0000, 0x0000, 0x0000, 0x0020, 0x0020, 0x0020, 0x0020,
  0x0000, 0x0020, 0x0020, 0x0020, 0x0020, 0x0020, 0x0020, 0x0040, 0x0040, 0x0040, 0x0060, 0x0080,
  0x00A0, 0x00C0, 0x00E0, 0x0100, 0x0120, 0x0140, 0x0160, 0x01A0, 0x01E0, 0x0200, 0x0220, 0x0260,
  0x02A0, 0x0300, 0x0340, 0x0380, 0x03E0, 0x0400, 0x0400, 0x0420, 0x0420, 0x0400, 0x0440, 0x1481,
  0x24E4, 0x3D67, 0x4DE9, 0x668B, 0x770D, 0x7F4F, 0x87B1, 0x8FD1, 0x8FF1, 0x97F1, 0x97F1, 0x97F2,
  0x97F3, 0x9FF3, 0x97F3, 0x9FF4, 0x9FF3, 0x97F2, 0x8FF2, 0x8FD2, 0x8FB1, 0x8770, 0x770F, 0x66AD,
  0x4E2A, 0x3DA7, 0x2504, 0x14A3, 0x0441, 0x0400, 0x0400, 0x0400, 0x0400, 0x0C00, 0x0400, 0x03A0,
  0x0340, 0x0300, 0x02C0, 0x0280, 0x0240, 0x0200, 0x01C0, 0x01A0, 0x0180, 0x0180, 0x0140, 0x0100,
  0x00E0, 0x00C0, 0x00A0, 0x0080, 0x0060, 0x0060, 0x0040, 0x0040, 0x0020, 0x0020, 0x0020, 0x0020,
  0x0020, 0x0020, 0x0020, 0x0000, 0x0000, 0x0000, 0x0000, 0x0000, 0x0000, 0x0000, 0x0000, 0x0000,
  0x0000, 0x0000, 0x0000, 0x0000, 0x0000, 0x0000, 0x0000, 0x0000, 0x0000, 0x0000, 0x0000, 0x0000,
  0x0000, 0x0000, 0x0000, 0x0000, 0x0000, 0x0000, 0x0000, 0x0000, 0x0000, 0x0000, 0x0000, 0x0000,
  0x0000, 0x0000, 0x0000, 0x0000, 0x0000, 0x0000, 0x0000, 0x0000, 0x0000, 0x0000, 0x0000, 0x0000,
  0x0000, 0x0000, 0x0000, 0x0000, 0x0000, 0x0000, 0x0000, 0x0000, 0x0000, 0x0000, 0x0000, 0x0000,
  0x0000, 0x0000, 0x0000, 0x0000, 0x0000, 0x0000, 0x0000, 0x0000, 0x0000, 0x0000, 0x0000, 0x0000,
  0x0000, 0x0000, 0x0000, 0x0020, 0x0020, 0x0020, 0x0020, 0x0020, 0x0020, 0x0040, 0x0060, 0x0060,
  0x0060, 0x0080, 0x00A0, 0x00C0, 0x00E0, 0x0100, 0x0120, 0x0160, 0x0180, 0x01A0, 0x01E0, 0x0221,
  0x0240, 0x0280, 0x02C0, 0x0320, 0x0B80, 0x03C0, 0x0400, 0x0420, 0x0400, 0x0400, 0x0400, 0x1482,
  0x2D45, 0x4608, 0x5EAB, 0x774E, 0x8FB1, 0x9FF3, 0xA7F4, 0x9FF3, 0x97F2, 0x97F2, 0x97F3, 0x8FF2,
  0x87F0, 0x87EF, 0x87CF, 0x7FCF, 0x7FAF, 0x77AF, 0x77AF, 0x77AF, 0x7FCF, 0x7FF0, 0x87F0, 0x8FF1,
  0x97F3, 0x9FF3, 0x9FF4, 0x9FF4, 0x97F3, 0x97F2, 0x8FD1, 0x7F8F, 0x66CC, 0x4E49, 0x3566, 0x1CA3,
  0x0C21, 0x0400, 0x0400, 0x0400, 0x0400, 0x0400, 0x03A0, 0x0340, 0x02E0, 0x0280, 0x0240, 0x0220,
  0x0200, 0x01C0, 0x01A0, 0x0160, 0x0140, 0x0120, 0x00E0, 0x00C0, 0x00A0, 0x0080, 0x0060, 0x0060,
  0x0060, 0x0040, 0x0040, 0x0040, 0x0040, 0x0020, 0x0020, 0x0020, 0x0020, 0x0000, 0x0000, 0x0000,
  0x0000, 0x0000, 0x0000, 0x0000, 0x0000, 0x0000, 0x0000, 0x0000, 0x0000, 0x0000, 0x0000, 0x0000,
  0x0000, 0x0000, 0x0000, 0x0000, 0x0000, 0x0000, 0x0000, 0x0000, 0x0000, 0x0000, 0x0000, 0x0000,
  0x0000, 0x0000, 0x0000, 0x0000, 0x0000, 0x0000, 0x0000, 0x0000, 0x0000, 0x0000, 0x0000, 0x0000,
  0x0000, 0x0000, 0x0000, 0x0000, 0x0000, 0x0000, 0x0000, 0x0000, 0x0000, 0x0000, 0x0000, 0x0000,
  0x0000, 0x0000, 0x0000, 0x0000, 0x0000, 0x0000, 0x0000, 0x0000, 0x0000, 0x0000, 0x0000, 0x0000,
  0x0000, 0x0000, 0x0000, 0x0000, 0x0020, 0x0020, 0x0020, 0x0020, 0x0020, 0x0020, 0x0020, 0x0020,
  0x0040, 0x0060, 0x0060, 0x0080, 0x00A0, 0x00A0, 0x00E0, 0x0100, 0x0120, 0x0140, 0x0160, 0x0180,
  0x01E0, 0x0220, 0x0240, 0x02A0, 0x02E0, 0x0340, 0x0BA0, 0x0400, 0x0400, 0x03E0, 0x0400, 0x0400,
  0x14A3, 0x3586, 0x5E6B, 0x7F0F, 0x8FB0, 0x9FF2, 0x9FF3, 0x97F3, 0x97F2, 0x8FD1, 0x8790, 0x672C,
  0x4F09, 0x46E7, 0x36A6, 0x2E65, 0x2E45, 0x2624, 0x1E03, 0x1DE2, 0x1E03, 0x1E03, 0x15E1, 0x15E2,
  0x1E03, 0x1E23, 0x2664, 0x2E65, 0x3687, 0x4EC9, 0x570A, 0x674C, 0x6F8E, 0x7FCF, 0x8FF1, 0x97F2,
  0x9FF3, 0x9FF3, 0x97D2, 0x8750, 0x66AC, 0x45C7, 0x1CE2, 0x0440, 0x0400, 0x0400, 0x0420, 0x0400,
  0x03A0, 0x0340, 0x0300, 0x02A0, 0x0260, 0x0220, 0x01E0, 0x01C0, 0x01A0, 0x0160, 0x0140, 0x0120,
  0x00E0, 0x00A0, 0x0080, 0x0080, 0x0060, 0x0060, 0x0040, 0x0040, 0x0040, 0x0040, 0x0020, 0x0020,
  0x0020, 0x0020, 0x0020, 0x0000, 0x0000, 0x0000, 0x0000, 0x0000, 0x0000, 0x0000, 0x0000, 0x0000,
  0x0000, 0x0000, 0x0000, 0x0000, 0x0000, 0x0000, 0x0000, 0x0000, 0x0000, 0x0000, 0x0000, 0x0000,
  0x0000, 0x0000, 0x0000, 0x0000, 0x0000, 0x0000, 0x0000, 0x0000, 0x0000, 0x0000, 0x0000, 0x0000,
  0x0000, 0x0000, 0x0000, 0x0000, 0x0000, 0x0000, 0x0000, 0x0000, 0x0000, 0x0000, 0x0000, 0x0000,
  0x0000, 0x0000, 0x0000, 0x0000, 0x0000, 0x0000, 0x0000, 0x0000, 0x0000, 0x0000, 0x0000, 0x0000,
  0x0000, 0x0000, 0x0000, 0x0000, 0x0000, 0x0020, 0x0020, 0x0020, 0x0020, 0x0020, 0x0020, 0x0020,
  0x0020, 0x0020, 0x0040, 0x0060, 0x0060, 0x0080, 0x00A0, 0x00C0, 0x00E0, 0x00E0, 0x0140, 0x0180,
  0x01A0, 0x01A0, 0x01E0, 0x0220, 0x0280, 0x02C0, 0x0300, 0x0360, 0x03C0, 0x0C21, 0x0420, 0x0400,
  0x0420, 0x0C81, 0x3586, 0x5E6B, 0x8770, 0x9FF3, 0xA7F4, 0x9FF4, 0x8FF1, 0x77CE, 0x676B, 0x4EE9,
  0x3687, 0x2625, 0x1DC3, 0x15A3, 0x15C2, 0x1DC3, 0x25C4, 0x2DE5, 0x3DE7, 0x4608, 0x5669, 0x56E9,
  0x15C2, 0x0D80, 0x46A8, 0x5EEB, 0x56CB, 0x4668, 0x3E27, 0x2DE5, 0x1562, 0x0540, 0x0540, 0x1581,
  0x1DC3, 0x1E03, 0x2E65, 0x46E8, 0x576B, 0x77CE, 0x8FF1, 0x97F2, 0x9FF3, 0x97F2, 0x8790, 0x66CD,
  0x3DA8, 0x14C3, 0x0420, 0x0400, 0x0420, 0x0400, 0x03E0, 0x0380, 0x0320, 0x02C0, 0x0280, 0x0240,
  0x0200, 0x01C0, 0x01A0, 0x0180, 0x0140, 0x0100, 0x00E0, 0x00C0, 0x00A0, 0x0080, 0x0060, 0x0060,
  0x0040, 0x0040, 0x0040, 0x0040, 0x0020, 0x0020, 0x0020, 0x0020, 0x0020, 0x0020, 0x0000, 0x0000,
  0x0000, 0x0000, 0x0000, 0x0000, 0x0000, 0x0000, 0x0000, 0x0000, 0x0000, 0x0000, 0x0000, 0x0000,
  0x0000, 0x0000, 0x0000, 0x0000, 0x0000, 0x0000, 0x0000, 0x0000, 0x0000, 0x0000, 0x0000, 0x0000,
  0x0000, 0x0000, 0x0000, 0x0000, 0x0000, 0x0000, 0x0000, 0x0000, 0x0000, 0x0000, 0x0000, 0x0000,
  0x0000, 0x0000, 0x0000, 0x0000, 0x0000, 0x0000, 0x0000, 0x0000, 0x0000, 0x0000, 0x0000, 0x0000,
  0x0000, 0x0000, 0x0000, 0x0000, 0x0000, 0x0000, 0x0000, 0x0020, 0x0020, 0x0020, 0x0020, 0x0020,
  0x0040, 0x0040, 0x0040, 0x0040, 0x0040, 0x0040, 0x0060, 0x0080, 0x00A0, 0x00C0, 0x00E0, 0x0100,
  0x0120, 0x0160, 0x0180, 0x01A0, 0x01C0, 0x0220, 0x0260, 0x02A0, 0x0320, 0x0380, 0x03E0, 0x0420,
  0x0420, 0x0420, 0x0420, 0x1CE3, 0x4E29, 0x6F4E, 0x8FF1, 0xA7F3, 0xA7F4, 0x9FF3, 0x8790, 0x5EEB,
  0x3E87, 0x1DE4, 0x15C2, 0x25E4, 0x2604, 0x15C2, 0x0560, 0x1E44, 0x7FEF, 0x87D0, 0x87B0, 0x9FF3,
  0xA7F4, 0xB7F6, 0xA7F4, 0xA7F3, 0x4687, 0x15A1, 0x87B0, 0xAFF6, 0x8771, 0x97D3, 0xAFF5, 0x9FF3,
  0x87D0, 0x46A8, 0x0D80, 0x15C1, 0x4EE9, 0x46A8, 0x2604, 0x1DC3, 0x0DA1, 0x15C2, 0x3625, 0x4EC8,
  0x6F6C, 0x7FCF, 0x8FF1, 0x97F3, 0x97F2, 0x7FAF, 0x56AA, 0x2D45, 0x0C41, 0x0420, 0x0420, 0x0420,
  0x0BE1, 0x03A1, 0x0340, 0x02C0, 0x0280, 0x0240, 0x01E0, 0x01A0, 0x01A0, 0x0160, 0x0140, 0x0100,
  0x00E0, 0x00A0, 0x0080, 0x0080, 0x0060, 0x0060, 0x0040, 0x0040, 0x0040, 0x0020, 0x0020, 0x0020,
  0x0020, 0x0020, 0x0000, 0x0000, 0x0000, 0x0000, 0x0000, 0x0000, 0x0000, 0x0000, 0x0000, 0x0000,
  0x0000, 0x0000, 0x0000, 0x0000, 0x0000, 0x0000, 0x0000, 0x0000, 0x0000, 0x0000, 0x0000, 0x0000,
  0x0000, 0x0000, 0x0000, 0x0000, 0x0000, 0x0000, 0x0000, 0x0000, 0x0000, 0x0000, 0x0000, 0x0000,
  0x0000, 0x0000, 0x0000, 0x0000, 0x0000, 0x0000, 0x0000, 0x0000, 0x0000, 0x0000, 0x0000, 0x0000,
  0x0000, 0x0000, 0x0000, 0x0000, 0x0000, 0x0000, 0x0000, 0x0000, 0x0000, 0x0000, 0x0000, 0x0020,
  0x0020, 0x0020, 0x0020, 0x0020, 0x0040, 0x0040, 0x0040, 0x0060, 0x0060, 0x0060, 0x0080, 0x00A0,
  0x00C0, 0x00E0, 0x00E0, 0x0120, 0x0180, 0x01A0, 0x01C0, 0x01E0, 0x0240, 0x0280, 0x02E0, 0x0360,
  0x03E0, 0x0420, 0x0440, 0x0400, 0x0440, 0x2D45, 0x5E8B, 0x7F8F, 0x8FF1, 0x97F2, 0x87F1, 0x778E,
  0x5F0B, 0x35E6, 0x1562, 0x0D60, 0x0540, 0x3687, 0x6F2D, 0x97B2, 0x97D1, 0x87F0, 0x3EA7, 0x25E3,
  0x772D, 0x97B1, 0x5E4A, 0x8F90, 0x5ECC, 0x4E6A, 0x7F0F, 0xAFF4, 0x56C8, 0x0520, 0x1D83, 0x7F6F,
  0x5E4B, 0x772E, 0x66CC, 0x8790, 0x8770, 0x8FB1, 0x3626, 0x25C4, 0x9FF3, 0xAFF4, 0xB7F5, 0x9791,
  0x6F4C, 0x4EA8, 0x2E05, 0x15C1, 0x0DC1, 0x2664, 0x46C7, 0x676C, 0x87F0, 0x97F2, 0x9FF2, 0x8FB0,
  0x66EC, 0x35C6, 0x0CA1, 0x0400, 0x0420, 0x0420, 0x0400, 0x0380, 0x0300, 0x02C0, 0x0260, 0x0200,
  0x01C0, 0x01A0, 0x0180, 0x0160, 0x0120, 0x00E0, 0x00C0, 0x00A0, 0x0080, 0x0080, 0x0060, 0x0060,
  0x0040, 0x0040, 0x0020, 0x0020, 0x0020, 0x0020, 0x0000, 0x0000, 0x0000, 0x0000, 0x0000, 0x0000,
  0x0000, 0x0000, 0x0000, 0x0000, 0x0000, 0x0000, 0x0000, 0x0000, 0x0000, 0x0000, 0x0000, 0x0000,
  0x0000, 0x0000, 0x0000, 0x0000, 0x0000, 0x0000, 0x0000, 0x0000, 0x0000, 0x0000, 0x0000, 0x0000,
  0x0000, 0x0000, 0x0000, 0x0000, 0x0000, 0x0000, 0x0000, 0x0000, 0x0000, 0x0000, 0x0000, 0x0000,
  0x0000, 0x0000, 0x0000, 0x0000, 0x0000, 0x0000, 0x0000, 0x0000, 0x0000, 0x0000, 0x0000, 0x0020,
  0x0020, 0x0020, 0x0020, 0x0020, 0x0020, 0x0020, 0x0020, 0x0020, 0x0020, 0x0040, 0x0040, 0x0060,
  0x0080, 0x00A0, 0x00A0, 0x00C0, 0x0100, 0x0120, 0x0160, 0x01A0, 0x01C0, 0x0200, 0x0240, 0x02A0,
  0x0300, 0x0360, 0x03E0, 0x0C21, 0x0421, 0x0400, 0x0460, 0x2D65, 0x5EAC, 0x8FB1, 0x97F2, 0x8FF1,
  0x77EE, 0x4F6A, 0x2EA6, 0x1DE3, 0x0520, 0x04E0, 0x0520, 0x0D81, 0x672C, 0x9FF3, 0xA7F4, 0x8FD2,
  0x8FB1, 0x6EAD, 0x87AF, 0x1542, 0x04E1, 0x7F4F, 0x666C, 0x774E, 0x2564, 0x0420, 0x35A6, 0x9FD3,
  0x4E69, 0x04A0, 0x0480, 0x772D, 0x5E6B, 0x774F, 0x1502, 0x35A6, 0x7F2E, 0x5E6A, 0x670B, 0x4E28,
  0xB7F6, 0x7F0F, 0x76EE, 0x97F2, 0x770D, 0xA7F4, 0xA7F4, 0x87B0, 0x5F6B, 0x1E03, 0x15A1, 0x15C1,
  0x2644, 0x4F09, 0x77CE, 0x8FF0, 0x97F1, 0x8FF2, 0x6F2E, 0x3DC7, 0x0CA1, 0x0420, 0x0420, 0x0420,
  0x03E0, 0x0380, 0x0300, 0x0280, 0x0220, 0x01E0, 0x01A0, 0x0180, 0x0160, 0x0140, 0x0100, 0x00E0,
  0x00C0, 0x00A0, 0x0080, 0x0080, 0x0060, 0x0040, 0x0020, 0x0020, 0x0020, 0x0020, 0x0020, 0x0020,
  0x0000, 0x0000, 0x0000, 0x0000, 0x0000, 0x0000, 0x0000, 0x0000, 0x0000, 0x0000, 0x0000, 0x0000,
  0x0000, 0x0000, 0x0000, 0x0000, 0x0000, 0x0000, 0x0000, 0x0000, 0x0000, 0x0000, 0x0000, 0x0000,
  0x0000, 0x0000, 0x0000, 0x0000, 0x0000, 0x0000, 0x0000, 0x0000, 0x0000, 0x0000, 0x0000, 0x0000,
  0x0000, 0x0000, 0x0000, 0x0000, 0x0000, 0x0000, 0x0000, 0x0000, 0x0000, 0x0000, 0x0000, 0x0000,
  0x0000, 0x0000, 0x0000, 0x0020, 0x0020, 0x0020, 0x0020, 0x0020, 0x0020, 0x0020, 0x0020, 0x0020,
  0x0040, 0x0040, 0x0060, 0x0080, 0x00A0, 0x00C0, 0x00E0, 0x0100, 0x0120, 0x0180, 0x01A0, 0x01E0,
  0x0220, 0x0260, 0x02A0, 0x0320, 0x03C0, 0x0400, 0x0440, 0x0400, 0x0420, 0x2D25, 0x5EAC, 0x87D1,
  0x97F3, 0x8FF2, 0x77CD, 0x4F29, 0x2624, 0x15C2, 0x1E04, 0x2E45, 0x15C2, 0x0D81, 0x0540, 0x4688,
  0x97F2, 0x97D2, 0x564A, 0x14E2, 0x4E8A, 0x97F3, 0x66EB, 0x0CC1, 0x0480, 0x6ECC, 0x666C, 0x774E,
  0x2D65, 0x0460, 0x1503, 0x2525, 0x0CA2, 0x0440, 0x0C80, 0x776E, 0x5E4B, 0x776F, 0x0CE1, 0x2544,
  0x7F4F, 0x4E08, 0x674C, 0x4E29, 0x9FD4, 0x2D64, 0x2DA5, 0x776F, 0x5E6B, 0x7F50, 0x7EEF, 0x9FD3,
  0x87F1, 0x3646, 0x6F8C, 0x672B, 0x2E25, 0x15A2, 0x1E03, 0x46E7, 0x67AC, 0x87F0, 0x8FF2, 0x8FF1,
  0x6F0C, 0x35A6, 0x0C81, 0x0400, 0x0441, 0x0420, 0x03C0, 0x0360, 0x02E0, 0x0260, 0x0220, 0x01E0,
  0x01A0, 0x0180, 0x0140, 0x0100, 0x00E0, 0x00C0, 0x00A0, 0x00A0, 0x0080, 0x0040, 0x0040, 0x0040,
  0x0020, 0x0020, 0x0020, 0x0020, 0x0020, 0x0000, 0x0000, 0x0000, 0x0000, 0x0000, 0x0000, 0x0000,
  0x0000, 0x0000, 0x0000, 0x0000, 0x0000, 0x0000, 0x0000, 0x0000, 0x0000, 0x0000, 0x0000, 0x0000,
  0x0000, 0x0000, 0x0000, 0x0000, 0x0000, 0x0000, 0x0000, 0x0000, 0x0000, 0x0000, 0x0000, 0x0000,
  0x0000, 0x0000, 0x0000, 0x0000, 0x0000, 0x0000, 0x0000, 0x0000, 0x0000, 0x0000, 0x0000, 0x0000,
  0x0000, 0x0000, 0x0000, 0x0000, 0x0000, 0x0000, 0x0000, 0x0020, 0x0020, 0x0020, 0x0020, 0x0020,
  0x0020, 0x0020, 0x0020, 0x0040, 0x0060, 0x0080, 0x0080, 0x00A0, 0x00C0, 0x00E0, 0x0120, 0x0140,
  0x0180, 0x01C0, 0x0200, 0x0240, 0x02A0, 0x02E0, 0x0360, 0x03E0, 0x0440, 0x0440, 0x0400, 0x1CE3,
  0x4E4A, 0x8790, 0x9FF4, 0x9FF3, 0x7FAF, 0x4EE9, 0x2623, 0x0DC1, 0x2E65, 0x6F4D, 0x87D0, 0x87D0,
  0x6F4C, 0x15A1, 0x0D21, 0x6F2D, 0x770E, 0x774E, 0x0CC1, 0x0460, 0x14E2, 0x3E07, 0x14C2, 0x0440,
  0x0400, 0x5E6B, 0x666B, 0x6F0D, 0x8750, 0x770E, 0x8F91, 0x5E8B, 0x0441, 0x03E0, 0x0CC1, 0x776E,
  0x5E4C, 0x774F, 0x0440, 0x5629, 0x76CE, 0x666C, 0x5ECB, 0x04A0, 0x1D64, 0x04A0, 0x4E89, 0x6E8D,
  0x772F, 0x4628, 0x1D22, 0xA7F4, 0x778E, 0x1D83, 0x7F4F, 0xA7F4, 0x87B0, 0x774D, 0x3665, 0x0DC1,
  0x0E02, 0x36A7, 0x676C, 0x87F0, 0x97F2, 0x8FF0, 0x5EEB, 0x2525, 0x0420, 0x0420, 0x0440, 0x0400,
  0x03A0, 0x0300, 0x02C0, 0x0260, 0x0200, 0x01C0, 0x0180, 0x0140, 0x0120, 0x00E0, 0x00C0, 0x00C0,
  0x00A0, 0x0080, 0x0060, 0x0040, 0x0040, 0x0020, 0x0020, 0x0020, 0x0020, 0x0020, 0x0020, 0x0020,
  0x0000, 0x0000, 0x0000, 0x0000, 0x0000, 0x0000, 0x0000, 0x0000, 0x0000, 0x0000, 0x0000, 0x0000,
  0x0000, 0x0000, 0x0000, 0x0000, 0x0000, 0x0000, 0x0000, 0x0000, 0x0000, 0x0000, 0x0000, 0x0000,
  0x0000, 0x0000, 0x0000, 0x0000, 0x0000, 0x0000, 0x0000, 0x0000, 0x0000, 0x0000, 0x0000, 0x0000,
  0x0000, 0x0000, 0x0000, 0x0000, 0x0000, 0x0000, 0x0000, 0x0000, 0x0000, 0x0020, 0x0020, 0x0020,
  0x0020, 0x0020, 0x0020, 0x0020, 0x0020, 0x0040, 0x0040, 0x0040, 0x0080, 0x00A0, 0x00C0, 0x00C0,
  0x0100, 0x0120, 0x0160, 0x01A0, 0x01E0, 0x0220, 0x0260, 0x02C0, 0x0320, 0x03A0, 0x0420, 0x0460,
  0x0440, 0x0481, 0x3DE7, 0x778F, 0x97F3, 0x9FF3, 0x8FD1, 0x5ECA, 0x2584, 0x0521, 0x0DA1, 0x5F0B,
  0xA7F4, 0x9FF3, 0x97D1, 0x6ECD, 0x8FD0, 0x3624, 0x1521, 0x7F8F, 0x5E6B, 0x6F2D, 0x0C81, 0x0380,
  0x03A0, 0x03A0, 0x0380, 0x0340, 0x03C0, 0x562A, 0x66AB, 0x668B, 0xAFF5, 0x9FD2, 0x97B2, 0x5EAB,
  0x0C41, 0x03E0, 0x0CA1, 0x7F2F, 0x560B, 0x97B2, 0x872F, 0x9FD3, 0x8711, 0x8791, 0x2524, 0x03E0,
  0x03C0, 0x0C60, 0x6F6D, 0x564A, 0x872F, 0x2544, 0x1562, 0x7F8E, 0x4EC9, 0x04A0, 0x3DE7, 0x776E,
  0x564A, 0xB7F6, 0xAFF5, 0x87B0, 0x46A9, 0x1603, 0x1603, 0x36A7, 0x67AD, 0x87F0, 0x8FF1, 0x87AF,
  0x5669, 0x14E2, 0x0440, 0x0440, 0x0C60, 0x03E0, 0x0340, 0x02E0, 0x02A0, 0x0240, 0x01E0, 0x01A0,
  0x0160, 0x0140, 0x0100, 0x00E0, 0x00C0, 0x00A0, 0x0080, 0x0060, 0x0040, 0x0020, 0x0020, 0x0020,
  0x0020, 0x0020, 0x0020, 0x0020, 0x0000, 0x0000, 0x0000, 0x0000, 0x0000, 0x0000, 0x0000, 0x0000,
  0x0000, 0x0000, 0x0000, 0x0000, 0x0000, 0x0000, 0x0000, 0x0000, 0x0000, 0x0000, 0x0000, 0x0000,
  0x0000, 0x0000, 0x0000, 0x0000, 0x0000, 0x0000, 0x0000, 0x0000, 0x0000, 0x0000, 0x0000, 0x0000,
  0x0000, 0x0000, 0x0000, 0x0000, 0x0000, 0x0000, 0x0000, 0x0000, 0x0000, 0x0000, 0x0000, 0x0000,
  0x0000, 0x0020, 0x0020, 0x0020, 0x0020, 0x0020, 0x0020, 0x0020, 0x0020, 0x0040, 0x0040, 0x0060,
  0x00A0, 0x00C0, 0x00E0, 0x0100, 0x0120, 0x0160, 0x0180, 0x01C0, 0x0220, 0x0280, 0x02E0, 0x0360,
  0x0BE0, 0x0C40, 0x0460, 0x0440, 0x1D23, 0x5EEB, 0x8FF1, 0x8FF2, 0x87D0, 0x672C, 0x2DA5, 0x04E0,
  0x0500, 0x0D81, 0x4EE9, 0x8FF2, 0x8FB2, 0x3DE7, 0x2D85, 0x7FCF, 0x778D, 0x1521, 0x1502, 0x7F8F,
  0x45E8, 0x6F6D, 0x1502, 0x0380, 0x02C0, 0x02E0, 0x0300, 0x0320, 0x0380, 0x3DE8, 0x6EEC, 0x66AB,
  0x5E6A, 0x1422, 0x1441, 0x0420, 0x0C41, 0x0400, 0x14E3, 0x772F, 0x55CA, 0x9FD3, 0x9FD2, 0x8F91,
  0x6EEE, 0x2525, 0x03E0, 0x0340, 0x0360, 0x24A4, 0x7F6F, 0x566A, 0x7F4E, 0x1481, 0x0460, 0x0C81,
  0x04A1, 0x04C0, 0x6F4D, 0x568A, 0x6F4D, 0x5EAC, 0x6EAD, 0x9FF3, 0x8FF1, 0x67ED, 0x0E02, 0x05A0,
  0x1603, 0x4729, 0x6FCD, 0x87EF, 0x8FF0, 0x6F4D, 0x2D85, 0x0460, 0x0460, 0x0460, 0x0400, 0x03A0,
  0x0300, 0x02A0, 0x0240, 0x01E0, 0x01A0, 0x0180, 0x0140, 0x0100, 0x00E0, 0x00C0, 0x00A0, 0x0080,
  0x0060, 0x0040, 0x0040, 0x0040, 0x0040, 0x0040, 0x0040, 0x0040, 0x0000, 0x0000, 0x0000, 0x0000,
  0x0000, 0x0000, 0x0000, 0x0000, 0x0000, 0x0000, 0x0000, 0x0000, 0x0000, 0x0000, 0x0000, 0x0000,
  0x0000, 0x0000, 0x0000, 0x0000, 0x0000, 0x0000, 0x0000, 0x0000, 0x0000, 0x0000, 0x0000, 0x0000,
  0x0000, 0x0000, 0x0000, 0x0000, 0x0000, 0x0000, 0x0000, 0x0000, 0x0000, 0x0000, 0x0000, 0x0000,
  0x0000, 0x0000, 0x0000, 0x0000, 0x0000, 0x0020, 0x0020, 0x0020, 0x0020, 0x0020, 0x0020, 0x0020,
  0x0040, 0x0040, 0x0060, 0x0080, 0x00C0, 0x00E0, 0x0100, 0x0140, 0x0160, 0x01A0, 0x01C0, 0x0200,
  0x0280, 0x0300, 0x0380, 0x0BE0, 0x0420, 0x0440, 0x0C81, 0x35E7, 0x778E, 0x8FF1, 0x87F0, 0x6F6D,
  0x3E47, 0x0D21, 0x0480, 0x04C0, 0x0560, 0x15C1, 0x778D, 0x87B0, 0x56AB, 0x04C0, 0x04A0, 0x1D63,
  0x1522, 0x0440, 0x0C81, 0x774E, 0x3DC7, 0x6FAD, 0x2D85, 0x03A0, 0x02C0, 0x02A0, 0x0360, 0x03C0,
  0x03A0, 0x3DE6, 0x6F2C, 0x66AA, 0x5E8A, 0x03A0, 0x03A0, 0x2D45, 0x8F50, 0x3D87, 0x14C3, 0x772F,
  0x662C, 0x7EEF, 0x14A2, 0x14C2, 0x0400, 0x03A0, 0x0320, 0x02C0, 0x0360, 0x3D47, 0x76EF, 0x5E6B,
  0x670D, 0x0400, 0x03A0, 0x0380, 0x0420, 0x2585, 0x7F8F, 0x5649, 0x6F6D, 0x0CE1, 0x04E0, 0x56A9,
  0x97D1, 0x676C, 0x05A1, 0x2684, 0x3F27, 0x15E1, 0x2623, 0x574A, 0x7FEF, 0x8FF1, 0x87B0, 0x4E69,
  0x0CE1, 0x0460, 0x0460, 0x0C41, 0x03A0, 0x0300, 0x02A0, 0x0240, 0x01E0, 0x01A0, 0x0180, 0x0120,
  0x0100, 0x00E0, 0x00C0, 0x00A0, 0x0080, 0x0040, 0x0040, 0x0040, 0x0040, 0x0040, 0x0040, 0x0040,
  0x0020, 0x0000, 0x0000, 0x0000, 0x0000, 0x0000, 0x0000, 0x0000, 0x0000, 0x0000, 0x0000, 0x0000,
  0x0000, 0x0000, 0x0000, 0x0000, 0x0000, 0x0000, 0x0000, 0x0000, 0x0000, 0x0000, 0x0000, 0x0000,
  0x0000, 0x0000, 0x0000, 0x0000, 0x0000, 0x0000, 0x0000, 0x0000, 0x0000, 0x0000, 0x0000, 0x0000,
  0x0000, 0x0000, 0x0000, 0x0000, 0x0000, 0x0000, 0x0000, 0x0000, 0x0020, 0x0020, 0x0020, 0x0040,
  0x0040, 0x0040, 0x0020, 0x0040, 0x0060, 0x0080, 0x00A0, 0x00C0, 0x00C0, 0x0100, 0x0140, 0x0180,
  0x01A0, 0x01C0, 0x0200, 0x0280, 0x0300, 0x03C0, 0x0420, 0x0440, 0x0440, 0x14C2, 0x56AB, 0x87F0,
  0x87F0, 0x77CD, 0x4708, 0x1E03, 0x0560, 0x0540, 0x04E0, 0x04C0, 0x0500, 0x2603, 0x6F2D, 0x6EED,
  0x5ECB, 0x0460, 0x03E0, 0x03E0, 0x03E0, 0x03C0, 0x0400, 0x66AB, 0x5669, 0x5EAB, 0x5E6B, 0x03A0,
  0x0320, 0x0300, 0x03C0, 0x45A7, 0x1CA3, 0x2504, 0x774E, 0x5E4A, 0x668C, 0x03E0, 0x0C01, 0x564A,
  0xAFF5, 0x55EA, 0x3525, 0x76EE, 0x5E2B, 0x664C, 0x0380, 0x03A0, 0x0300, 0x02A0, 0x02A0, 0x0300,
  0x03A0, 0x5E8B, 0x6EAD, 0x6EAD, 0x4608, 0x03C0, 0x0300, 0x0360, 0x0420, 0x5F0B, 0x56AA, 0x6EAC,
  0x66EC, 0x04C0, 0x0480, 0x5ECB, 0xAFF5, 0x2E26, 0x0560, 0x4F09, 0x9FF3, 0x7FAF, 0x2E24, 0x0DE1,
  0x3EE6, 0x6FAD, 0x87F0, 0x8FF1, 0x670C, 0x2543, 0x0420, 0x0440, 0x0440, 0x03E0, 0x0340, 0x02C0,
  0x0260, 0x0200, 0x01C0, 0x0180, 0x0140, 0x0100, 0x00E0, 0x00C0, 0x00A0, 0x0080, 0x0060, 0x0040,
  0x0040, 0x0040, 0x0040, 0x0040, 0x0040, 0x0020, 0x0020, 0x0020, 0x0000, 0x0000, 0x0000, 0x0000,
  0x0000, 0x0000, 0x0000, 0x0000, 0x0000, 0x0000, 0x0000, 0x0000, 0x0000, 0x0000, 0x0000, 0x0000,
  0x0000, 0x0000, 0x0000, 0x0000, 0x0000, 0x0000, 0x0000, 0x0000, 0x0000, 0x0000, 0x0000, 0x0000,
  0x0000, 0x0000, 0x0000, 0x0000, 0x0000, 0x0000, 0x0000, 0x0000, 0x0000, 0x0000, 0x0000, 0x0000,
  0x0020, 0x0020, 0x0020, 0x0040, 0x0040, 0x0040, 0x0040, 0x0060, 0x0080, 0x00A0, 0x00C0, 0x00E0,
  0x00E0, 0x0120, 0x0180, 0x01A0, 0x01E0, 0x0240, 0x02A0, 0x0320, 0x03C0, 0x0440, 0x0460, 0x0440,
  0x2544, 0x6F0D, 0x8FF1, 0x87F0, 0x5FAB, 0x2E85, 0x0DE1, 0x2665, 0x0DE1, 0x0581, 0x0501, 0x0460,
  0x04A0, 0x1DC2, 0x6F2D, 0x564A, 0x776E, 0x04A0, 0x03E0, 0x0320, 0x0320, 0x0360, 0x03E0, 0x2544,
  0x7F90, 0x3D47, 0x8F71, 0x2CE5, 0x0380, 0x0380, 0x3D06, 0xA7F4, 0x7ECF, 0x55EB, 0x7F2F, 0x4D89,
  0x9F93, 0x86F0, 0x9752, 0x9FD3, 0x9771, 0x9FB3, 0xA7D3, 0x7ECE, 0x660C, 0x9F92, 0x664C, 0x1C43,
  0x0300, 0x0260, 0x0B40, 0x0C01, 0x03C0, 0x770E, 0x5E4B, 0x7F2E, 0x1D23, 0x0360, 0x02C0, 0x0380,
  0x24E3, 0x7F6F, 0x3DE7, 0x8FD1, 0xA7F4, 0x7F2E, 0x4607, 0x2544, 0x3E27, 0x1522, 0x04E0, 0x1DC3,
  0x7FAF, 0x6F2D, 0x87CF, 0x4EE9, 0x15A2, 0x1E44, 0x576A, 0x87EF, 0x8FF1, 0x7F8F, 0x35C6, 0x0460,
  0x0440, 0x0460, 0x0400, 0x0360, 0x02C0, 0x0260, 0x0200, 0x01C0, 0x0180, 0x0140, 0x0100, 0x00E0,
  0x00C0, 0x00A0, 0x0080, 0x0060, 0x0040, 0x0040, 0x0040, 0x0040, 0x0040, 0x0040, 0x0020, 0x0020,
  0x0000, 0x0000, 0x0000, 0x0000, 0x0000, 0x0000, 0x0000, 0x0000, 0x0000, 0x0000, 0x0000, 0x0000,
  0x0000, 0x0000, 0x0000, 0x0000, 0x0000, 0x0000, 0x0000, 0x0000, 0x0000, 0x0000, 0x0000, 0x0000,
  0x0000, 0x0000, 0x0000, 0x0000, 0x0000, 0x0000, 0x0000, 0x0000, 0x0000, 0x0000, 0x0000, 0x0000,
  0x0000, 0x0000, 0x0000, 0x0000, 0x0020, 0x0020, 0x0020, 0x0040, 0x0040, 0x0040, 0x0060, 0x0060,
  0x0080, 0x00C0, 0x00E0, 0x0100, 0x0140, 0x0180, 0x01C0, 0x01E0, 0x0240, 0x02A0, 0x0340, 0x03E0,
  0x0440, 0x0440, 0x0460, 0x35C6, 0x7FAE, 0x97F2, 0x87F1, 0x572A, 0x1622, 0x0DE0, 0x4F69, 0x77AF,
  0x5FAB, 0x1DE4, 0x04E1, 0x0480, 0x0460, 0x0D01, 0x77AE, 0x45C7, 0x7F6E, 0x25A4, 0x0400, 0x0320,
  0x0300, 0x03C0, 0x14A2, 0x0C62, 0x5E8C, 0x770F, 0x5E0B, 0x8750, 0x5E4B, 0x6E8C, 0x9FB3, 0xA7F4,
  0x7F10, 0xA7F5, 0x8FB2, 0x8750, 0x9FF4, 0xA7F4, 0x9792, 0x870F, 0x76CE, 0x768E, 0x7ECF, 0x7F0F,
  0x8710, 0x9FB3, 0x9792, 0x2485, 0x0320, 0x02A0, 0x0380, 0x45E8, 0x8790, 0x7F2F, 0x3D68, 0x7F2E,
  0x0C41, 0x03C0, 0x0340, 0x03A0, 0x5629, 0x6EED, 0x5E8B, 0x76EE, 0x6E8D, 0xA7F4, 0xA7F3, 0x2584,
  0x0440, 0x0480, 0x04A0, 0x46E8, 0x676C, 0x4668, 0x97F2, 0x9FF3, 0x676C, 0x1622, 0x0DE1, 0x46E8,
  0x7FCE, 0x8FF1, 0x87D0, 0x4668, 0x04A0, 0x0440, 0x0460, 0x0400, 0x0360, 0x02C0, 0x0260, 0x0200,
  0x01C0, 0x0180, 0x0140, 0x0120, 0x00E0, 0x00C0, 0x00A0, 0x0080, 0x0060, 0x0060, 0x0040, 0x0040,
  0x0040, 0x0040, 0x0020, 0x0020, 0x0000, 0x0000, 0x0000, 0x0000, 0x0000, 0x0000, 0x0000, 0x0000,
  0x0000, 0x0000, 0x0000, 0x0000, 0x0000, 0x0000, 0x0000, 0x0000, 0x0000, 0x0000, 0x0000, 0x0000,
  0x0000, 0x0000, 0x0000, 0x0000, 0x0000, 0x0000, 0x0000, 0x0000, 0x0000, 0x0000, 0x0000, 0x0000,
  0x0000, 0x0000, 0x0000, 0x0000, 0x0000, 0x0000, 0x0000, 0x0020, 0x0020, 0x0040, 0x0040, 0x0040,
  0x0040, 0x0040, 0x0060, 0x0080, 0x00C0, 0x00E0, 0x0100, 0x0120, 0x0180, 0x01A0, 0x0200, 0x0260,
  0x02C0, 0x0320, 0x0400, 0x0C60, 0x0440, 0x0460, 0x4628, 0x87D0, 0x97F1, 0x87CF, 0x46A8, 0x0D61,
  0x0580, 0x1E02, 0x77ED, 0x674C, 0x5F0C, 0x7FAF, 0x3E27, 0x04A0, 0x0440, 0x0460, 0x5ECB, 0x5E8A,
  0x4E68, 0x6F2C, 0x0440, 0x03A0, 0x0360, 0x03C0, 0x5E4B, 0x8F71, 0x1C83, 0x66CC, 0x8F6F, 0x874F,
  0x9FF3, 0xA7F4, 0x97B2, 0x564A, 0x1CC3, 0x3D87, 0x3D46, 0x3525, 0x1CA2, 0x0C61, 0x0420, 0x03C0,
  0x03C0, 0x03A0, 0x03A0, 0x03C1, 0x0C02, 0x1462, 0x1462, 0x0BC1, 0x02E0, 0x02A0, 0x03A0, 0x45E9,
  0x9773, 0x8771, 0x76EE, 0x9FF3, 0x6ECD, 0x0C61, 0x0C82, 0x1CC3, 0x7F6F, 0x45C9, 0x7F6F, 0x2504,
  0x0400, 0x2564, 0x3E67, 0x1501, 0x0400, 0x0460, 0x25A4, 0x7F8E, 0x4607, 0x77CE, 0x3E47, 0x5F4B,
  0x8FF1, 0x678C, 0x1622, 0x05C0, 0x2E65, 0x6FAD, 0x8FF1, 0x87F0, 0x56CA, 0x1501, 0x0440, 0x0460,
  0x0420, 0x0380, 0x02E0, 0x0260, 0x0200, 0x01C0, 0x0180, 0x0160, 0x0120, 0x00E0, 0x00C0, 0x00A0,
  0x0080, 0x0040, 0x0040, 0x0040, 0x0040, 0x0040, 0x0020, 0x0020, 0x0000, 0x0000, 0x0000, 0x0000,
  0x0000, 0x0000, 0x0000, 0x0000, 0x0000, 0x0000, 0x0000, 0x0000, 0x0000, 0x0000, 0x0000, 0x0000,
  0x0000, 0x0000, 0x0000, 0x0000, 0x0000, 0x0000, 0x0000, 0x0000, 0x0000, 0x0000, 0x0000, 0x0000,
  0x0000, 0x0000, 0x0000, 0x0000, 0x0000, 0x0000, 0x0000, 0x0000, 0x0000, 0x0000, 0x0020, 0x0020,
  0x0020, 0x0020, 0x0040, 0x0040, 0x0040, 0x0060, 0x0080, 0x00A0, 0x00C0, 0x0100, 0x0120, 0x0160,
  0x01A0, 0x01E0, 0x0260, 0x02C0, 0x0340, 0x03E0, 0x0460, 0x0460, 0x0CA1, 0x4E69, 0x87D0, 0x8FF1,
  0x7FAE, 0x3E26, 0x04E0, 0x0520, 0x05A0, 0x0DC1, 0x5F8B, 0x97F2, 0x6F2E, 0x5669, 0x778E, 0x56EA,
  0x0CC1, 0x0460, 0x1D43, 0x7FCE, 0x3565, 0x774D, 0x4E29, 0x0420, 0x0400, 0x2D25, 0x8790, 0x9FF3,
  0x24C4, 0x03E0, 0x3D86, 0x568A, 0x564A, 0x45C9, 0x2CC5, 0x0BC1, 0x0380, 0x0360, 0x0320, 0x0300,
  0x0300, 0x0320, 0x0300, 0x02E0, 0x02C0, 0x02A0, 0x02A0, 0x02A0, 0x02E0, 0x0320, 0x0320, 0x02C0,
  0x0220, 0x0240, 0x0340, 0x0BC0, 0x1C43, 0x3547, 0x564A, 0x770D, 0x66EC, 0x0440, 0x6EED, 0x97B3,
  0x5E6B, 0x4E49, 0x66CC, 0x03E0, 0x0420, 0x0460, 0x0460, 0x0440, 0x0420, 0x0CA0, 0x6FAD, 0x4648,
  0x672D, 0x4ECA, 0x04E0, 0x1DA2, 0x6FAD, 0x7FEF, 0x3F27, 0x05C0, 0x0540, 0x25C4, 0x676C, 0x87F0,
  0x87F1, 0x66EC, 0x1D03, 0x0440, 0x0460, 0x0420, 0x0380, 0x02E0, 0x0280, 0x0200, 0x01C0, 0x0180,
  0x0140, 0x0100, 0x00E0, 0x00C0, 0x00A0, 0x0060, 0x0040, 0x0040, 0x0040, 0x0040, 0x0020, 0x0020,
  0x0020, 0x0000, 0x0000, 0x0000, 0x0000, 0x0000, 0x0000, 0x0000, 0x0000, 0x0000, 0x0000, 0x0000,
  0x0000, 0x0000, 0x0000, 0x0000, 0x0000, 0x0000, 0x0000, 0x0000, 0x0000, 0x0000, 0x0000, 0x0000,
  0x0000, 0x0000, 0x0000, 0x0000, 0x0000, 0x0000, 0x0000, 0x0000, 0x0000, 0x0000, 0x0000, 0x0000,
  0x0000, 0x0020, 0x0020, 0x0020, 0x0020, 0x0020, 0x0040, 0x0040, 0x0040, 0x0060, 0x00A0, 0x00C0,
  0x00E0, 0x0120, 0x0160, 0x01A0, 0x01E0, 0x0220, 0x02A0, 0x0340, 0x0400, 0x0440, 0x0440, 0x0CA1,
  0x4E8A, 0x87F0, 0x8FF1, 0x778E, 0x35C5, 0x04E0, 0x0500, 0x0520, 0x0541, 0x0580, 0x3EC7, 0x97F2,
  0x7F90, 0x776E, 0x4628, 0x672D, 0x776E, 0x1D63, 0x0440, 0x4668, 0x7FAF, 0x35C7, 0x772E, 0x66EC,
  0x66CC, 0x8FD1, 0x9FF3, 0x6EAC, 0x1401, 0x0380, 0x0380, 0x03C0, 0x03C0, 0x0380, 0x0360, 0x02E0,
  0x0260, 0x0260, 0x0240, 0x0220, 0x0200, 0x0200, 0x0200, 0x0200, 0x01C0, 0x01C0, 0x01C0, 0x01C0,
  0x01E0, 0x0200, 0x0200, 0x01E0, 0x01A0, 0x01E0, 0x0240, 0x02A0, 0x0300, 0x0340, 0x03A0, 0x0BE0,
  0x0C21, 0x0C41, 0x5629, 0x8FB1, 0x76ED, 0x87D0, 0x772E, 0x2D05, 0x0C21, 0x4E28, 0x7FAF, 0x2D65,
  0x0420, 0x4E89, 0x670C, 0x4E69, 0x77AE, 0x0D01, 0x04A0, 0x1560, 0x5F8A, 0x5F6C, 0x576A, 0x0DE1,
  0x0DA0, 0x0520, 0x1D82, 0x5F2B, 0x87F0, 0x8FF1, 0x6F2D, 0x1D23, 0x0460, 0x0460, 0x0420, 0x0380,
  0x02E0, 0x0260, 0x0200, 0x01C0, 0x0180, 0x0140, 0x0100, 0x00E0, 0x00C0, 0x0080, 0x0060, 0x0040,
  0x0040, 0x0040, 0x0040, 0x0020, 0x0020, 0x0000, 0x0000, 0x0000, 0x0000, 0x0000, 0x0000, 0x0000,
  0x0000, 0x0000, 0x0000, 0x0000, 0x0000, 0x0000, 0x0000, 0x0000, 0x0000, 0x0000, 0x0000, 0x0000,
  0x0000, 0x0000, 0x0000, 0x0000, 0x0000, 0x0000, 0x0000, 0x0000, 0x0000, 0x0000, 0x0000, 0x0000,
  0x0000, 0x0000, 0x0020, 0x0000, 0x0000, 0x0020, 0x0020, 0x0020, 0x0020, 0x0020, 0x0040, 0x0040,
  0x0080, 0x00A0, 0x00C0, 0x00E0, 0x0100, 0x0160, 0x01A0, 0x01C0, 0x0220, 0x02A0, 0x0340, 0x0400,
  0x0481, 0x0440, 0x14C2, 0x5ECB, 0x87F1, 0x87F1, 0x676C, 0x1DA4, 0x04E0, 0x0D21, 0x0D21, 0x04E1,
  0x04E0, 0x0520, 0x2624, 0x8FF1, 0x5F0C, 0x2DA6, 0x7F8F, 0x4E8A, 0x4629, 0x7F90, 0x4648, 0x0420,
  0x4629, 0x7FB0, 0x6EED, 0x8FB0, 0x97F2, 0x8F91, 0x5E4A, 0x1461, 0x0B60, 0x02A0, 0x0260, 0x0280,
  0x02A0, 0x02A0, 0x0240, 0x0200, 0x01C0, 0x0180, 0x0180, 0x0180, 0x0180, 0x0160, 0x0160, 0x0160,
  0x0160, 0x0160, 0x0160, 0x0160, 0x0160, 0x0160, 0x0180, 0x0180, 0x0180, 0x0180, 0x0180, 0x01C0,
  0x0200, 0x0260, 0x02A0, 0x02C0, 0x02E0, 0x0360, 0x03C0, 0x1461, 0x4E08, 0x770E, 0xA7F4, 0xA7F5,
  0x7F10, 0x8770, 0x8FD1, 0x24E3, 0x2544, 0x7FAF, 0x3DC8, 0x7F90, 0x2585, 0x0460, 0x0480, 0x1DC2,
  0x5FCA, 0x46A7, 0x574A, 0x0DE1, 0x05C0, 0x0581, 0x0520, 0x0D82, 0x4F09, 0x7FEF, 0x8FF0, 0x772D,
  0x1D23, 0x0440, 0x0460, 0x0420, 0x0360, 0x02C0, 0x0260, 0x01E0, 0x01A0, 0x0180, 0x0140, 0x0100,
  0x00C0, 0x00A0, 0x0080, 0x0060, 0x0040, 0x0040, 0x0040, 0x0040, 0x0020, 0x0020, 0x0000, 0x0000,
  0x0020, 0x0000, 0x0000, 0x0000, 0x0000, 0x0000, 0x0000, 0x0000, 0x0000, 0x0000, 0x0000, 0x0000,
  0x0000, 0x0000, 0x0000, 0x0000, 0x0000, 0x0000, 0x0000, 0x0000, 0x0000, 0x0000, 0x0000, 0x0000,
  0x0000, 0x0000, 0x0000, 0x0000, 0x0000, 0x0000, 0x0020, 0x0020, 0x0020, 0x0020, 0x0020, 0x0020,
  0x0020, 0x0020, 0x0040, 0x0080, 0x00A0, 0x00C0, 0x00E0, 0x0120, 0x0160, 0x01A0, 0x01E0, 0x0220,
  0x02A0, 0x0340, 0x03E0, 0x0440, 0x0440, 0x0CA1, 0x5EAB, 0x8FF1, 0x87F0, 0x5F6C, 0x1D83, 0x0500,
  0x0520, 0x0520, 0x04E0, 0x04A0, 0x04A0, 0x0500, 0x15C2, 0x6FAD, 0x77EE, 0x3DE7, 0x7F6F, 0x9FF3,
  0x66EC, 0x4608, 0x77AE, 0x66CC, 0x5E6B, 0x4608, 0x4E29, 0x5E8A, 0x4DE8, 0x24E3, 0x03E0, 0x0340,
  0x02A0, 0x0200, 0x01A0, 0x01C0, 0x01E0, 0x01E0, 0x01A0, 0x0180, 0x0160, 0x0140, 0x0140, 0x0140,
  0x0140, 0x0140, 0x0140, 0x0140, 0x0120, 0x0120, 0x0120, 0x0120, 0x0120, 0x0120, 0x0140, 0x0140,
  0x0140, 0x0140, 0x0160, 0x0160, 0x01A0, 0x01C0, 0x01E0, 0x0200, 0x0220, 0x0280, 0x02E0, 0x0320,
  0x0380, 0x1442, 0x3546, 0x6ECD, 0x8FF2, 0x8FB1, 0x8790, 0x3D67, 0x776F, 0x4609, 0x674D, 0x4668,
  0x0420, 0x0460, 0x04C0, 0x4EE8, 0x4F08, 0x3EE6, 0x4768, 0x05A0, 0x0580, 0x0560, 0x0560, 0x0520,
  0x0D21, 0x4EA9, 0x7FCF, 0x8FF1, 0x6F4D, 0x1D23, 0x0440, 0x0460, 0x0400, 0x0340, 0x02E0, 0x0240,
  0x01E0, 0x01A0, 0x0160, 0x0120, 0x0100, 0x00C0, 0x00A0, 0x0080, 0x0060, 0x0040, 0x0040, 0x0040,
  0x0020, 0x0020, 0x0020, 0x0020, 0x0020, 0x0000, 0x0000, 0x0000, 0x0000, 0x0000, 0x0000, 0x0000,
  0x0000, 0x0000, 0x0000, 0x0000, 0x0000, 0x0000, 0x0000, 0x0000, 0x0000, 0x0000, 0x0000, 0x0000,
  0x0000, 0x0000, 0x0000, 0x0000, 0x0000, 0x0000, 0x0000, 0x0000, 0x0000, 0x0020, 0x0020, 0x0020,
  0x0020, 0x0020, 0x0020, 0x0020, 0x0020, 0x0040, 0x0060, 0x00A0, 0x00C0, 0x00E0, 0x0120, 0x0140,
  0x0180, 0x01E0, 0x0220, 0x0280, 0x0320, 0x03E0, 0x0440, 0x0440, 0x0CA1, 0x56AA, 0x8FF1, 0x87F0,
  0x5F4B, 0x1582, 0x0500, 0x0540, 0x0540, 0x0500, 0x04C0, 0x04A0, 0x0480, 0x04E0, 0x0D61, 0x574B,
  0x7FEF, 0x8FF1, 0x87F1, 0x4E49, 0x4E29, 0x778E, 0x3566, 0x772E, 0x9FF4, 0x35C7, 0x03A0, 0x03E0,
  0x03A0, 0x0380, 0x0340, 0x0280, 0x0200, 0x01C0, 0x0180, 0x0180, 0x0180, 0x0180, 0x0160, 0x0160,
  0x0140, 0x0140, 0x0120, 0x0120, 0x0120, 0x0120, 0x0120, 0x0120, 0x0120, 0x0120, 0x0120, 0x0120,
  0x0120, 0x0120, 0x0120, 0x0120, 0x0120, 0x0120, 0x0120, 0x0140, 0x0180, 0x0160, 0x0180, 0x01A0,
  0x01C0, 0x01E0, 0x0200, 0x0260, 0x02E0, 0x0340, 0x03A0, 0x0400, 0x2504, 0x566A, 0x8790, 0xA7F4,
  0x4E49, 0x4E09, 0x670C, 0x04A0, 0x0460, 0x0460, 0x2604, 0x67EC, 0x2604, 0x5FAB, 0x2684, 0x0580,
  0x0540, 0x0520, 0x0580, 0x0580, 0x0520, 0x0D21, 0x4EC9, 0x7FEF, 0x8FF1, 0x6F4C, 0x1D22, 0x0440,
  0x0460, 0x03E0, 0x0360, 0x02C0, 0x0220, 0x01C0, 0x0180, 0x0160, 0x0120, 0x00E0, 0x00C0, 0x00A0,
  0x0060, 0x0040, 0x0040, 0x0040, 0x0020, 0x0020, 0x0020, 0x0020, 0x0020, 0x0020, 0x0000, 0x0000,
  0x0000, 0x0000, 0x0000, 0x0000, 0x0000, 0x0000, 0x0000, 0x0000, 0x0000, 0x0000, 0x0000, 0x0000,
  0x0000, 0x0000, 0x0000, 0x0000, 0x0000, 0x0000, 0x0000, 0x0000, 0x0000, 0x0000, 0x0000, 0x0000,
  0x0020, 0x0020, 0x0020, 0x0020, 0x0020, 0x0020, 0x0020, 0x0020, 0x0040, 0x0060, 0x0080, 0x00A0,
  0x00E0, 0x0100, 0x0140, 0x0180, 0x01C0, 0x0220, 0x0280, 0x02E0, 0x03C0, 0x0440, 0x0420, 0x0460,
  0x4E69, 0x87F0, 0x8FF1, 0x5F4C, 0x15A2, 0x0520, 0x0580, 0x0580, 0x0560, 0x0560, 0x0520, 0x04C0,
  0x04A0, 0x04C0, 0x0500, 0x3EA7, 0x77EE, 0x676D, 0x25C4, 0x0480, 0x0D02, 0x778F, 0x7FB0, 0x6F2D,
  0x3586, 0x0421, 0x03A0, 0x0300, 0x02C0, 0x0280, 0x0240, 0x0200, 0x01A0, 0x0180, 0x0160, 0x0160,
  0x0160, 0x0160, 0x0160, 0x0160, 0x0140, 0x0140, 0x0140, 0x0120, 0x0120, 0x0120, 0x0120, 0x0120,
  0x0120, 0x0120, 0x0120, 0x0120, 0x0120, 0x0120, 0x0120, 0x0140, 0x0140, 0x0140, 0x0140, 0x0140,
  0x0140, 0x0140, 0x0160, 0x0160, 0x0180, 0x0180, 0x01C0, 0x01E0, 0x0200, 0x0260, 0x02C0, 0x0340,
  0x03A0, 0x03E0, 0x14E2, 0x5EEB, 0x6F2D, 0x87D1, 0x4E69, 0x0CC0, 0x04C0, 0x2E05, 0x6FEC, 0x2644,
  0x4F08, 0x4F49, 0x05C0, 0x05A0, 0x0580, 0x0560, 0x05A0, 0x05C0, 0x05A0, 0x0560, 0x0D62, 0x46C9,
  0x87EF, 0x8FF0, 0x672B, 0x14E2, 0x0440, 0x0440, 0x03E0, 0x0320, 0x02A0, 0x0220, 0x01C0, 0x0180,
  0x0140, 0x0120, 0x00E0, 0x00C0, 0x0080, 0x0060, 0x0040, 0x0040, 0x0020, 0x0020, 0x0020, 0x0020,
  0x0020, 0x0020, 0x0020, 0x0000, 0x0000, 0x0000, 0x0000, 0x0000, 0x0000, 0x0000, 0x0000, 0x0000,
  0x0000, 0x0000, 0x0000, 0x0000, 0x0000, 0x0000, 0x0000, 0x0000, 0x0000, 0x0000, 0x0000, 0x0000,
  0x0000, 0x0000, 0x0000, 0x0000, 0x0020, 0x0020, 0x0020, 0x0020, 0x0020, 0x0020, 0x0020, 0x0020,
  0x0040, 0x0060, 0x00A0, 0x00E0, 0x00E0, 0x0120, 0x0160, 0x01A0, 0x0200, 0x0260, 0x02C0, 0x0380,
  0x0420, 0x0440, 0x0440, 0x4628, 0x87D0, 0x8FF1, 0x674C, 0x1D83, 0x0520, 0x05A0, 0x05C0, 0x05A0,
  0x0580, 0x0560, 0x0540, 0x0520, 0x04E0, 0x04E0, 0x04E0, 0x1DE3, 0x77EE, 0x5F0B, 0x04E0, 0x04E0,
  0x1D83, 0x77AE, 0x56EA, 0x14E3, 0x03C0, 0x0360, 0x02C0, 0x0260, 0x0220, 0x01E0, 0x01C0, 0x01A0,
  0x0180, 0x0160, 0x0160, 0x0160, 0x0160, 0x0160, 0x0160, 0x0160, 0x0160, 0x0160, 0x0160, 0x0140,
  0x0140, 0x0140, 0x0140, 0x0160, 0x0140, 0x0140, 0x0140, 0x0140, 0x0140, 0x0140, 0x0140, 0x0140,
  0x0140, 0x0160, 0x0160, 0x0160, 0x0160, 0x0160, 0x0160, 0x0160, 0x0160, 0x0160, 0x0180, 0x01A0,
  0x01A0, 0x01E0, 0x0220, 0x0260, 0x02A0, 0x0340, 0x03A0, 0x0C80, 0x4647, 0x7FCF, 0x8FF2, 0x6F6E,
  0x5F2B, 0x678B, 0x3666, 0x4EC9, 0x57AA, 0x0DE1, 0x05A0, 0x05A0, 0x05A0, 0x0560, 0x0580, 0x05C0,
  0x05C0, 0x05A0, 0x0540, 0x0521, 0x4EC9, 0x87F0, 0x8FF1, 0x5ECB, 0x14C2, 0x0420, 0x0440, 0x03C0,
  0x0320, 0x02A0, 0x0200, 0x01A0, 0x0180, 0x0140, 0x0100, 0x00E0, 0x00A0, 0x0060, 0x0040, 0x0040,
  0x0020, 0x0020, 0x0020, 0x0020, 0x0020, 0x0020, 0x0020, 0x0000, 0x0000, 0x0000, 0x0000, 0x0000,
  0x0000, 0x0000, 0x0000, 0x0000, 0x0000, 0x0000, 0x0000, 0x0000, 0x0000, 0x0000, 0x0000, 0x0000,
  0x0000, 0x0000, 0x0000, 0x0000, 0x0000, 0x0000, 0x0000, 0x0000, 0x0020, 0x0020, 0x0020, 0x0020,
  0x0020, 0x0020, 0x0040, 0x0040, 0x0060, 0x0080, 0x00C0, 0x00E0, 0x0120, 0x0160, 0x0180, 0x01C0,
  0x0240, 0x02C0, 0x0340, 0x0C21, 0x0420, 0x0420, 0x3DC6, 0x87B0, 0x8FF1, 0x6F6D, 0x1DA4, 0x0520,
  0x0560, 0x05A0, 0x05C0, 0x05A0, 0x0560, 0x0541, 0x0540, 0x0540, 0x0540, 0x0500, 0x0500, 0x0DA1,
  0x5F8B, 0x6FAD, 0x5F6B, 0x4F28, 0x04C0, 0x1502, 0x0460, 0x03E0, 0x0320, 0x0280, 0x0220, 0x01C0,
  0x01A0, 0x01A0, 0x0180, 0x0180, 0x0160, 0x0160, 0x0160, 0x0160, 0x0140, 0x0160, 0x0160, 0x0160,
  0x0180, 0x0180, 0x0180, 0x0180, 0x0180, 0x0180, 0x0180, 0x0180, 0x0160, 0x0160, 0x0160, 0x0160,
  0x0180, 0x0180, 0x0180, 0x0180, 0x0180, 0x0180, 0x0180, 0x0180, 0x0180, 0x0160, 0x0180, 0x0160,
  0x0160, 0x0160, 0x0180, 0x0160, 0x0180, 0x01A0, 0x01C0, 0x01E0, 0x0200, 0x0280, 0x0300, 0x03C0,
  0x0420, 0x1D23, 0x5F0C, 0x7FEF, 0x6FCD, 0x4F09, 0x57AA, 0x4F49, 0x0DE1, 0x05A0, 0x05A0, 0x05A0,
  0x0540, 0x0540, 0x0560, 0x0580, 0x05C0, 0x05C0, 0x0580, 0x0520, 0x0D41, 0x56EA, 0x8FF1, 0x8FF1,
  0x568A, 0x0C81, 0x0440, 0x0420, 0x03C0, 0x0320, 0x0280, 0x0200, 0x01A0, 0x0160, 0x0120, 0x00E0,
  0x00C0, 0x0080, 0x0060, 0x0040, 0x0040, 0x0020, 0x0020, 0x0020, 0x0020, 0x0020, 0x0020, 0x0020,
  0x0000, 0x0000, 0x0000, 0x0000, 0x0000, 0x0000, 0x0000, 0x0000, 0x0000, 0x0000, 0x0000, 0x0000,
  0x0000, 0x0000, 0x0000, 0x0000, 0x0000, 0x0000, 0x0000, 0x0000, 0x0000, 0x0000, 0x0000, 0x0020,
  0x0020, 0x0020, 0x0020, 0x0020, 0x0020, 0x0040, 0x0040, 0x0060, 0x0080, 0x00A0, 0x00C0, 0x0100,
  0x0160, 0x01A0, 0x01C0, 0x0220, 0x02A0, 0x0340, 0x03E0, 0x0460, 0x0440, 0x2D65, 0x7FAF, 0x8FF1,
  0x6F8D, 0x25C4, 0x0500, 0x0540, 0x0580, 0x0DA0, 0x0560, 0x0561, 0x36A7, 0x676C, 0x2E26, 0x0560,
  0x0580, 0x0560, 0x0560, 0x05C0, 0x4F49, 0x574A, 0x77EE, 0x4F09, 0x04E0, 0x0420, 0x03A0, 0x0300,
  0x0280, 0x0200, 0x01C0, 0x01A0, 0x0180, 0x0180, 0x0160, 0x0160, 0x0160, 0x0160, 0x0160, 0x0160,
  0x0140, 0x0160, 0x0180, 0x0180, 0x01A0, 0x01C0, 0x01E0, 0x01E0, 0x01E0, 0x01E0, 0x01E0, 0x01C0,
  0x01A0, 0x01A0, 0x01A0, 0x01A0, 0x01C0, 0x01E0, 0x01E0, 0x01E0, 0x01E0, 0x01E0, 0x01C0, 0x01A0,
  0x0180, 0x0180, 0x0180, 0x0180, 0x0180, 0x0160, 0x0160, 0x0160, 0x0160, 0x0180, 0x01A0, 0x01A0,
  0x01C0, 0x0200, 0x0280, 0x02E0, 0x0380, 0x0420, 0x04A0, 0x25A4, 0x3666, 0x36A6, 0x1E23, 0x0560,
  0x0540, 0x0560, 0x05A0, 0x0580, 0x15C2, 0x572B, 0x4EEA, 0x1582, 0x0560, 0x05C0, 0x05C0, 0x0580,
  0x0520, 0x1562, 0x672C, 0x8FF1, 0x8FF1, 0x4608, 0x0440, 0x0440, 0x0440, 0x0360, 0x02C0, 0x0240,
  0x01C0, 0x0180, 0x0160, 0x0120, 0x00E0, 0x00C0, 0x0080, 0x0060, 0x0040, 0x0040, 0x0040, 0x0040,
  0x0040, 0x0020, 0x0020, 0x0020, 0x0000, 0x0000, 0x0000, 0x0000, 0x0000, 0x0000, 0x0000, 0x0000,
  0x0000, 0x0000, 0x0000, 0x0000, 0x0000, 0x0000, 0x0000, 0x0000, 0x0000, 0x0000, 0x0000, 0x0000,
  0x0000, 0x0000, 0x0000, 0x0020, 0x0020, 0x0020, 0x0020, 0x0020, 0x0040, 0x0040, 0x0040, 0x0060,
  0x00A0, 0x00C0, 0x00E0, 0x0120, 0x0180, 0x01C0, 0x01E0, 0x0240, 0x02E0, 0x03A0, 0x0440, 0x0440,
  0x1503, 0x6F2D, 0x97F1, 0x7FCE, 0x2E26, 0x0520, 0x0560, 0x05A0, 0x05C0, 0x0D80, 0x0540, 0x3E68,
  0x87F1, 0x9FF4, 0x570A, 0x0560, 0x0DA0, 0x05A0, 0x05A0, 0x1E83, 0x67EC, 0x57AA, 0x2624, 0x04E0,
  0x0C81, 0x03C0, 0x02E0, 0x0280, 0x0220, 0x01C0, 0x01A0, 0x01A0, 0x0180, 0x0160, 0x0160, 0x0160,
  0x0160, 0x0160, 0x0160, 0x0160, 0x0160, 0x0160, 0x01A0, 0x01C0, 0x01E0, 0x0220, 0x0220, 0x0220,
  0x0220, 0x0220, 0x0220, 0x0200, 0x01E0, 0x01E1, 0x01E0, 0x01E0, 0x0200, 0x0220, 0x0220, 0x0220,
  0x0220, 0x0220, 0x0200, 0x0200, 0x01C0, 0x01A0, 0x01A0, 0x0180, 0x0180, 0x0180, 0x0160, 0x0160,
  0x0160, 0x0180, 0x0180, 0x0180, 0x01A0, 0x01C0, 0x0200, 0x0280, 0x02C0, 0x03A0, 0x0420, 0x0440,
  0x04A0, 0x04C0, 0x04E0, 0x0500, 0x04E0, 0x0520, 0x0561, 0x0560, 0x2E66, 0x97F2, 0x97F3, 0x5EEB,
  0x1581, 0x0580, 0x05C0, 0x05A0, 0x0560, 0x0520, 0x1DA4, 0x6F8D, 0x8FF1, 0x87D0, 0x2DA5, 0x0440,
  0x0460, 0x03E0, 0x0320, 0x02A0, 0x0220, 0x01C0, 0x0180, 0x0160, 0x0100, 0x00C0, 0x00A0, 0x0080,
  0x0040, 0x0040, 0x0040, 0x0040, 0x0040, 0x0040, 0x0020, 0x0020, 0x0000, 0x0000, 0x0000, 0x0000,
  0x0000, 0x0000, 0x0000, 0x0000, 0x0000, 0x0000, 0x0000, 0x0000, 0x0000, 0x0000, 0x0000, 0x0000,
  0x0000, 0x0000, 0x0000, 0x0000, 0x0000, 0x0000, 0x0000, 0x0020, 0x0020, 0x0040, 0x0040, 0x0020,
  0x0040, 0x0040, 0x0060, 0x0080, 0x00C0, 0x00E0, 0x0100, 0x0160, 0x01A0, 0x01E0, 0x0240, 0x02A0,
  0x03A0, 0x0420, 0x0440, 0x0C81, 0x56AB, 0x8FF1, 0x87F0, 0x46C8, 0x0540, 0x0540, 0x05A0, 0x05C0,
  0x05A0, 0x0540, 0x3E26, 0x87D0, 0x97F3, 0x7FAE, 0x2E24, 0x0580, 0x05A0, 0x05A0, 0x05C0, 0x0621,
  0x2EE4, 0x1602, 0x04E0, 0x0460, 0x03E0, 0x0340, 0x02C0, 0x0260, 0x0200, 0x01C0, 0x01C0, 0x01A0,
  0x0180, 0x0160, 0x0140, 0x0160, 0x0160, 0x0160, 0x0160, 0x0160, 0x0180, 0x01A0, 0x01C0, 0x0200,
  0x0240, 0x0260, 0x0280, 0x0280, 0x0280, 0x0280, 0x0280, 0x0280, 0x0260, 0x0240, 0x0240, 0x0240,
  0x0260, 0x0280, 0x0280, 0x0280, 0x02A0, 0x0280, 0x0260, 0x0220, 0x0200, 0x01E0, 0x01C0, 0x0180,
  0x0180, 0x0180, 0x0160, 0x0160, 0x0160, 0x0160, 0x0160, 0x0180, 0x0180, 0x01A0, 0x01E0, 0x0240,
  0x0280, 0x0300, 0x0380, 0x03C0, 0x0420, 0x0460, 0x04A0, 0x04C0, 0x04C0, 0x0500, 0x0560, 0x0560,
  0x15C2, 0x5F2C, 0x97F2, 0x97F2, 0x56EA, 0x0D61, 0x0580, 0x05A0, 0x05A0, 0x0560, 0x0520, 0x2605,
  0x77CF, 0x8FF1, 0x6F4D, 0x1502, 0x0440, 0x0C41, 0x03C0, 0x0300, 0x0260, 0x0200, 0x01C0, 0x0180,
  0x0140, 0x00E0, 0x00C0, 0x00A0, 0x0060, 0x0040, 0x0040, 0x0040, 0x0040, 0x0040, 0x0040, 0x0020,
  0x0000, 0x0000, 0x0000, 0x0000, 0x0000, 0x0000, 0x0000, 0x0000, 0x0000, 0x0000, 0x0000, 0x0000,
  0x0000, 0x0000, 0x0000, 0x0000, 0x0000, 0x0000, 0x0000, 0x0000, 0x0000, 0x0000, 0x0000, 0x0020,
  0x0020, 0x0040, 0x0040, 0x0040, 0x0040, 0x0060, 0x0080, 0x00A0, 0x00E0, 0x0100, 0x0140, 0x0180,
  0x01E0, 0x0220, 0x02A0, 0x0340, 0x0420, 0x0460, 0x0440, 0x3E07, 0x87D0, 0x87F0, 0x572B, 0x0541,
  0x0540, 0x05A0, 0x05C0, 0x0580, 0x0540, 0x2E26, 0x87D0, 0x9FF3, 0x7FAF, 0x2624, 0x0560, 0x05A0,
  0x05A0, 0x0580, 0x05A0, 0x05E0, 0x05C0, 0x0580, 0x04E0, 0x0400, 0x0380, 0x0300, 0x02C0, 0x0261,
  0x0200, 0x01E0, 0x01C0, 0x01A0, 0x0160, 0x0160, 0x0160, 0x0160, 0x0140, 0x0160, 0x0160, 0x0160,
  0x0180, 0x01C0, 0x0200, 0x0240, 0x0280, 0x02E0, 0x0340, 0x0360, 0x0360, 0x0380, 0x0380, 0x0381,
  0x0320, 0x02C0, 0x02A0, 0x0320, 0x0360, 0x0380, 0x03A0, 0x03A0, 0x0380, 0x0360, 0x0300, 0x0280,
  0x0220, 0x0200, 0x01E0, 0x01A0, 0x0180, 0x0160, 0x0160, 0x0160, 0x0160, 0x0160, 0x0160, 0x0180,
  0x01A0, 0x01A0, 0x01E0, 0x0220, 0x0280, 0x02E0, 0x0340, 0x03A0, 0x03E0, 0x0460, 0x04E0, 0x04E0,
  0x0500, 0x0520, 0x0560, 0x0580, 0x0540, 0x15C2, 0x674C, 0x97F2, 0x97F2, 0x46A9, 0x0540, 0x0580,
  0x05C0, 0x05A0, 0x0560, 0x0520, 0x3E68, 0x7FEF, 0x97F1, 0x5ECB, 0x0C81, 0x0440, 0x0C20, 0x0380,
  0x02C0, 0x0240, 0x01E0, 0x01A0, 0x0160, 0x0120, 0x00E0, 0x00C0, 0x0080, 0x0060, 0x0040, 0x0040,
  0x0040, 0x0040, 0x0040, 0x0020, 0x0000, 0x0000, 0x0000, 0x0000, 0x0000, 0x0000, 0x0000, 0x0000,
  0x0000, 0x0000, 0x0000, 0x0000, 0x0000, 0x0000, 0x0000, 0x0000, 0x0000, 0x0000, 0x0000, 0x0000,
  0x0000, 0x0000, 0x0000, 0x0020, 0x0020, 0x0040, 0x0040, 0x0040, 0x0040, 0x0060, 0x0080, 0x00C0,
  0x0100, 0x0120, 0x0180, 0x01A0, 0x0200, 0x0260, 0x02E0, 0x03E0, 0x0460, 0x0460, 0x2543, 0x7F8E,
  0x97F1, 0x6F8D, 0x15A3, 0x0500, 0x0561, 0x05C1, 0x05A1, 0x0540, 0x25C4, 0x87AF, 0xA7F4, 0x7FD0,
  0x2E45, 0x0540, 0x0580, 0x05A0, 0x05A0, 0x05C0, 0x05C0, 0x05C1, 0x05C0, 0x0D80, 0x04A0, 0x0400,
  0x0360, 0x0300, 0x02C0, 0x0260, 0x0200, 0x01E0, 0x01C0, 0x01A0, 0x0160, 0x0160, 0x0160, 0x0160,
  0x0140, 0x0160, 0x0160, 0x0160, 0x0180, 0x01E0, 0x0220, 0x0280, 0x02E0, 0x0BA1, 0x0C01, 0x0400,
  0x0400, 0x0400, 0x0400, 0x0400, 0x03E0, 0x0380, 0x0360, 0x03E0, 0x0400, 0x0400, 0x0420, 0x0400,
  0x0400, 0x0421, 0x03C0, 0x0320, 0x0280, 0x0220, 0x01E0, 0x01A0, 0x0180, 0x0160, 0x0160, 0x0160,
  0x0160, 0x0160, 0x0160, 0x01A0, 0x01A0, 0x01A0, 0x01E0, 0x0220, 0x0280, 0x02E0, 0x0340, 0x03A0,
  0x0420, 0x04A0, 0x0520, 0x0540, 0x0560, 0x0580, 0x0560, 0x0560, 0x0560, 0x0520, 0x1DA2, 0x6F6C,
  0x9FF3, 0x8FF1, 0x4667, 0x0540, 0x0580, 0x05C0, 0x05A0, 0x0560, 0x0541, 0x56E9, 0x8FF1, 0x8FF2,
  0x3DE8, 0x0440, 0x0460, 0x0400, 0x0340, 0x0280, 0x0220, 0x01C0, 0x0180, 0x0140, 0x0100, 0x00E0,
  0x00A0, 0x0080, 0x0040, 0x0040, 0x0040, 0x0040, 0x0040, 0x0020, 0x0020, 0x0000, 0x0000, 0x0000,
  0x0000, 0x0000, 0x0000, 0x0000, 0x0000, 0x0000, 0x0000, 0x0000, 0x0000, 0x0000, 0x0000, 0x0000,
  0x0000, 0x0000, 0x0000, 0x0000, 0x0000, 0x0020, 0x0020, 0x0020, 0x0020, 0x0020, 0x0040, 0x0040,
  0x0040, 0x0080, 0x00A0, 0x00E0, 0x0100, 0x0140, 0x01A0, 0x01E0, 0x0240, 0x02C0, 0x0380, 0x0420,
  0x0440, 0x0CA0, 0x670B, 0x8FF1, 0x7FEF, 0x3606, 0x0500, 0x0561, 0x0DA1, 0x05A1, 0x0540, 0x1583,
  0x6F4D, 0x9FF3, 0x87F1, 0x3667, 0x0560, 0x0560, 0x0560, 0x0580, 0x0580, 0x05C0, 0x0580, 0x0560,
  0x0540, 0x0520, 0x04C0, 0x0440, 0x03A0, 0x0320, 0x02E0, 0x0280, 0x0200, 0x01C0, 0x01A0, 0x0180,
  0x0160, 0x0140, 0x0140, 0x0140, 0x0140, 0x0140, 0x0160, 0x0160, 0x01A0, 0x0200, 0x0240, 0x02C0,
  0x0380, 0x0C21, 0x0420, 0x1482, 0x1CA3, 0x1C82, 0x1C82, 0x0C41, 0x0400, 0x03E0, 0x0400, 0x0400,
  0x0C41, 0x1C83, 0x1483, 0x14A3, 0x1482, 0x0420, 0x0440, 0x03A0, 0x02C0, 0x0260, 0x0220, 0x01A0,
  0x0180, 0x0160, 0x0140, 0x0140, 0x0140, 0x0160, 0x0160, 0x0180, 0x01A0, 0x01A0, 0x01E0, 0x0220,
  0x0280, 0x02E0, 0x0340, 0x03E0, 0x04A0, 0x04E0, 0x0500, 0x0500, 0x0520, 0x0560, 0x0560, 0x0560,
  0x0560, 0x0560, 0x0540, 0x1DC3, 0x77AE, 0x9FF3, 0x87D0, 0x2E05, 0x0540, 0x05A0, 0x05C0, 0x05A0,
  0x0520, 0x1D82, 0x6F6D, 0x8FF1, 0x7F8F, 0x2524, 0x0440, 0x0440, 0x03C0, 0x0300, 0x0260, 0x0200,
  0x01A0, 0x0160, 0x0120, 0x00E0, 0x00C0, 0x0080, 0x0060, 0x0040, 0x0040, 0x0020, 0x0020, 0x0020,
  0x0020, 0x0020, 0x0020, 0x0000, 0x0000, 0x0000, 0x0000, 0x0000, 0x0000, 0x0000, 0x0000, 0x0000,
  0x0000, 0x0000, 0x0000, 0x0000, 0x0000, 0x0000, 0x0000, 0x0000, 0x0000, 0x0020, 0x0020, 0x0020,
  0x0020, 0x0020, 0x0040, 0x0040, 0x0060, 0x00A0, 0x00C0, 0x00E0, 0x0120, 0x0180, 0x01C0, 0x0220,
  0x02A0, 0x0320, 0x0400, 0x0440, 0x0420, 0x3DE6, 0x87F0, 0x87D0, 0x4EC9, 0x0D21, 0x0540, 0x0DA0,
  0x05C0, 0x0560, 0x0D41, 0x5F0B, 0x97F3, 0x8FF1, 0x46C9, 0x0541, 0x0560, 0x0560, 0x0560, 0x0560,
  0x0580, 0x0540, 0x1DC3, 0x56EA, 0x2E05, 0x0500, 0x0500, 0x0461, 0x03A0, 0x0320, 0x02E0, 0x0280,
  0x0220, 0x01C0, 0x01A0, 0x0180, 0x0160, 0x0140, 0x0140, 0x0120, 0x0120, 0x0140, 0x0160, 0x0160,
  0x01A0, 0x0220, 0x0260, 0x02E0, 0x0401, 0x0420, 0x2504, 0x7F4F, 0x9791, 0x9771, 0x97B1, 0x66AC,
  0x0C42, 0x0400, 0x0400, 0x0420, 0x5E8B, 0x97B3, 0x8F92, 0x8FB2, 0x8790, 0x2545, 0x0420, 0x0BE1,
  0x02E0, 0x0280, 0x0220, 0x01C0, 0x0180, 0x0160, 0x0140, 0x0140, 0x0140, 0x0140, 0x0140, 0x0160,
  0x0180, 0x01A0, 0x01E0, 0x0220, 0x0280, 0x02E0, 0x0360, 0x0400, 0x0CC0, 0x04C0, 0x1562, 0x5689,
  0x3605, 0x0520, 0x0560, 0x0560, 0x0560, 0x0560, 0x0580, 0x0540, 0x2E05, 0x7FCF, 0x9FF3, 0x774F,
  0x1D83, 0x0560, 0x05A0, 0x05C0, 0x0580, 0x0500, 0x3625, 0x7FCF, 0x8FF1, 0x56CB, 0x0CA1, 0x0440,
  0x0420, 0x0360, 0x02A0, 0x0220, 0x01C0, 0x0180, 0x0140, 0x0100, 0x00C0, 0x00A0, 0x0080, 0x0060,
  0x0040, 0x0040, 0x0020, 0x0020, 0x0020, 0x0020, 0x0020, 0x0000, 0x0000, 0x0000, 0x0000, 0x0000,
  0x0000, 0x0000, 0x0000, 0x0000, 0x0000, 0x0000, 0x0000, 0x0000, 0x0000, 0x0000, 0x0000, 0x0000,
  0x0000, 0x0020, 0x0020, 0x0020, 0x0020, 0x0020, 0x0040, 0x0040, 0x0080, 0x00C0, 0x00E0, 0x0100,
  0x0160, 0x01A0, 0x01E0, 0x0260, 0x02E0, 0x03A0, 0x0C41, 0x0440, 0x1D03, 0x778D, 0x8FF0, 0x6F8D,
  0x1582, 0x0540, 0x0580, 0x05C0, 0x05A0, 0x0540, 0x3E87, 0x8FF1, 0x97F2, 0x5F0B, 0x0D61, 0x0540,
  0x0560, 0x0560, 0x0580, 0x0580, 0x0540, 0x1DA3, 0x778E, 0xAFF5, 0x778E, 0x0D21, 0x04C0, 0x0440,
  0x03A0, 0x0320, 0x02C0, 0x0260, 0x0200, 0x01C0, 0x01A0, 0x0180, 0x0160, 0x0140, 0x0140, 0x0120,
  0x0120, 0x0140, 0x0160, 0x0160, 0x01A0, 0x0220, 0x0260, 0x0300, 0x0401, 0x0400, 0x3D67, 0xAFF5,
  0xAFF5, 0xA7F4, 0xAFF5, 0x9792, 0x1462, 0x0400, 0x0400, 0x0C61, 0x8750, 0xB7F7, 0xA7F4, 0xAFF5,
  0xAFF5, 0x3DC7, 0x0400, 0x0BE0, 0x02E0, 0x0280, 0x0220, 0x01C0, 0x0180, 0x0160, 0x0140, 0x0140,
  0x0140, 0x0140, 0x0140, 0x0160, 0x0180, 0x01A0, 0x01E0, 0x0220, 0x0280, 0x02E0, 0x0360, 0x0420,
  0x04A0, 0x04C0, 0x4EC9, 0xB7F5, 0x97D1, 0x3626, 0x0500, 0x0560, 0x0560, 0x0561, 0x0580, 0x0560,
  0x0520, 0x3E67, 0x8FF1, 0x9FF3, 0x5F4B, 0x0D61, 0x0580, 0x05E0, 0x05A0, 0x0540, 0x0540, 0x570A,
  0x87F1, 0x87D0, 0x35C7, 0x0440, 0x0460, 0x03E0, 0x0300, 0x0260, 0x0200, 0x01A0, 0x0160, 0x0120,
  0x00E0, 0x00C0, 0x0080, 0x0060, 0x0040, 0x0040, 0x0020, 0x0020, 0x0020, 0x0020, 0x0000, 0x0000,
  0x0000, 0x0000, 0x0000, 0x0000, 0x0000, 0x0000, 0x0000, 0x0000, 0x0000, 0x0000, 0x0000, 0x0000,
  0x0000, 0x0000, 0x0000, 0x0000, 0x0000, 0x0020, 0x0020, 0x0020, 0x0020, 0x0020, 0x0040, 0x0060,
  0x00A0, 0x00E0, 0x0100, 0x0120, 0x0180, 0x01C0, 0x0200, 0x02A0, 0x0340, 0x0421, 0x0460, 0x0C60,
  0x56AA, 0x8FF1, 0x7FEF, 0x3646, 0x0520, 0x0580, 0x05C0, 0x05A0, 0x0540, 0x25E4, 0x7FAF, 0x97F3,
  0x6F8D, 0x15A2, 0x0540, 0x0D61, 0x0540, 0x0560, 0x0560, 0x0520, 0x1D83, 0x774E, 0xAFF5, 0xAFF4,
  0x56CA, 0x04E0, 0x04A0, 0x0C41, 0x0380, 0x0320, 0x02C0, 0x0260, 0x0200, 0x01C0, 0x01A0, 0x0180,
  0x0160, 0x0140, 0x0140, 0x0120, 0x0120, 0x0140, 0x0140, 0x0160, 0x01A0, 0x0220, 0x0260, 0x0300,
  0x03E1, 0x0400, 0x3D47, 0xA7F4, 0x7F8F, 0x4EE9, 0x97F2, 0x9752, 0x1462, 0x0400, 0x0400, 0x0C41,
  0x8731, 0xA7F5, 0x4F28, 0x7FAE, 0xAFF5, 0x3DA7, 0x03E0, 0x0BE1, 0x0300, 0x0280, 0x0220, 0x01C0,
  0x0180, 0x0160, 0x0140, 0x0140, 0x0140, 0x0140, 0x0140, 0x0160, 0x0180, 0x01A0, 0x01C0, 0x0220,
  0x0280, 0x02E0, 0x0340, 0x0C00, 0x0C81, 0x04A0, 0x3606, 0x97D2, 0xAFF5, 0x97D1, 0x35E5, 0x0500,
  0x0541, 0x0561, 0x0560, 0x0560, 0x0540, 0x0D61, 0x56CA, 0x9FF2, 0x97F1, 0x4687, 0x0520, 0x0580,
  0x05C0, 0x0580, 0x0520, 0x1DA4, 0x6FAE, 0x8FF1, 0x6F4E, 0x14C3, 0x0440, 0x0420, 0x0380, 0x02C0,
  0x0240, 0x01C0, 0x01A0, 0x0140, 0x0100, 0x00C0, 0x00A0, 0x0080, 0x0060, 0x0040, 0x0040, 0x0040,
  0x0020, 0x0020, 0x0020, 0x0000, 0x0000, 0x0000, 0x0000, 0x0000, 0x0000, 0x0000, 0x0000, 0x0000,
  0x0000, 0x0000, 0x0000, 0x0000, 0x0000, 0x0000, 0x0000, 0x0000, 0x0000, 0x0020, 0x0020, 0x0020,
  0x0020, 0x0040, 0x0040, 0x0080, 0x00C0, 0x00E0, 0x0120, 0x0160, 0x01A0, 0x01E0, 0x0240, 0x02E0,
  0x03A0, 0x0440, 0x0440, 0x2D65, 0x7FB0, 0x8FF1, 0x570A, 0x0D41, 0x0560, 0x05C0, 0x05C0, 0x0560,
  0x1582, 0x676C, 0x9FF3, 0x7FF0, 0x2625, 0x0540, 0x0560, 0x0540, 0x0540, 0x0560, 0x0520, 0x1522,
  0x6F2D, 0xAFF4, 0xAFF4, 0x5EAB, 0x0CE1, 0x04C0, 0x04C1, 0x0400, 0x0360, 0x0320, 0x02A0, 0x0260,
  0x0200, 0x01C0, 0x01A0, 0x0180, 0x0160, 0x0160, 0x0140, 0x0120, 0x0120, 0x0140, 0x0140, 0x0160,
  0x01A0, 0x0220, 0x0260, 0x0300, 0x03E0, 0x0400, 0x3D67, 0xA7F4, 0x77AD, 0x36E6, 0x8FF1, 0x9752,
  0x1462, 0x0400, 0x0400, 0x0C41, 0x8F31, 0xA7F4, 0x2F64, 0x6FAC, 0xB7F6, 0x45A8, 0x0400, 0x0401,
  0x0300, 0x0260, 0x0220, 0x01C0, 0x0180, 0x0160, 0x0140, 0x0140, 0x0140, 0x0140, 0x0140, 0x0160,
  0x0180, 0x01A0, 0x01C0, 0x0220, 0x0280, 0x02C0, 0x0300, 0x03C0, 0x0460, 0x04C0, 0x0480, 0x3DE7,
  0x9FF3, 0xB7F6, 0x8FB1, 0x2DA5, 0x0500, 0x0540, 0x0540, 0x0540, 0x0560, 0x0540, 0x1583, 0x6F6D,
  0x9FF2, 0x87AF, 0x25C4, 0x0520, 0x05C0, 0x05C0, 0x0560, 0x0520, 0x3E67, 0x87F1, 0x8FF2, 0x4629,
  0x0440, 0x0440, 0x03E0, 0x0320, 0x0260, 0x0200, 0x01C0, 0x0160, 0x0100, 0x00E0, 0x00A0, 0x0080,
  0x0060, 0x0040, 0x0040, 0x0040, 0x0020, 0x0020, 0x0020, 0x0000, 0x0000, 0x0000, 0x0000, 0x0000,
  0x0000, 0x0000, 0x0000, 0x0000, 0x0000, 0x0000, 0x0000, 0x0000, 0x0000, 0x0000, 0x0000, 0x0000,
  0x0000, 0x0020, 0x0020, 0x0040, 0x0040, 0x0040, 0x0060, 0x00A0, 0x00C0, 0x0100, 0x0140, 0x0180,
  0x01C0, 0x0220, 0x02A0, 0x0320, 0x0400, 0x0460, 0x04A0, 0x5F0C, 0x97F2, 0x77AF, 0x25A4, 0x0500,
  0x0580, 0x05A0, 0x05A0, 0x0520, 0x4688, 0x97F1, 0x97F2, 0x46C8, 0x0520, 0x0560, 0x0560, 0x0540,
  0x0541, 0x0560, 0x0D22, 0x66CC, 0xA7F5, 0xA7F4, 0x66EC, 0x0D01, 0x04A0, 0x04C0, 0x0460, 0x03A0,
  0x0340, 0x02E0, 0x02A0, 0x0240, 0x01E0, 0x01C0, 0x01A0, 0x0180, 0x0180, 0x0160, 0x0140, 0x0120,
  0x0120, 0x0140, 0x0140, 0x0160, 0x01A0, 0x0200, 0x0260, 0x0300, 0x0401, 0x0400, 0x3D47, 0xA7F4,
  0x77AD, 0x3EE6, 0x8FF1, 0x9752, 0x1C62, 0x0400, 0x0400, 0x0C41, 0x8F31, 0xA7F4, 0x2F65, 0x6FAD,
  0xB7F6, 0x3DC7, 0x0400, 0x0401, 0x0300, 0x0260, 0x0220, 0x01C0, 0x0180, 0x0160, 0x0140, 0x0140,
  0x0140, 0x0140, 0x0140, 0x0160, 0x0180, 0x01A0, 0x01A0, 0x0200, 0x0260, 0x02A0, 0x0300, 0x0360,
  0x0400, 0x0480, 0x04A0, 0x0480, 0x4628, 0x9FF3, 0xB7F6, 0x8770, 0x1D42, 0x0500, 0x0540, 0x0540,
  0x0540, 0x0560, 0x0520, 0x2E05, 0x87D0, 0x9FF3, 0x672C, 0x0D61, 0x05A0, 0x05A1, 0x0580, 0x0520,
  0x0D41, 0x5F2C, 0x8FF2, 0x7F8F, 0x1D02, 0x0440, 0x0C20, 0x0360, 0x02A0, 0x0240, 0x01C0, 0x01A0,
  0x0140, 0x0100, 0x00C0, 0x00A0, 0x0080, 0x0060, 0x0040, 0x0040, 0x0040, 0x0020, 0x0020, 0x0000,
  0x0000, 0x0000, 0x0000, 0x0000, 0x0000, 0x0000, 0x0000, 0x0000, 0x0000, 0x0000, 0x0000, 0x0000,
  0x0000, 0x0000, 0x0000, 0x0000, 0x0020, 0x0020, 0x0020, 0x0040, 0x0040, 0x0040, 0x0080, 0x00A0,
  0x00E0, 0x0120, 0x0160, 0x01A0, 0x01E0, 0x0260, 0x02E0, 0x03A0, 0x0460, 0x0460, 0x2DA5, 0x87F0,
  0x8FF1, 0x4EC9, 0x0D20, 0x0D40, 0x0D80, 0x0580, 0x0561, 0x25C4, 0x87B0, 0x9FF2, 0x676C, 0x1562,
  0x0520, 0x0580, 0x0560, 0x0540, 0x0521, 0x0500, 0x4E28, 0xA7F4, 0xA7F5, 0x772E, 0x1523, 0x04A0,
  0x04A0, 0x0440, 0x03A0, 0x0340, 0x0300, 0x02C0, 0x0280, 0x0220, 0x01E0, 0x01C0, 0x01C0, 0x01C0,
  0x01A0, 0x01A0, 0x0180, 0x0160, 0x0160, 0x0140, 0x0140, 0x0160, 0x01A0, 0x0200, 0x0260, 0x0300,
  0x03E0, 0x03E0, 0x3D67, 0xA7F4, 0x77AD, 0x3EE6, 0x8FF1, 0x9752, 0x1462, 0x0400, 0x0400, 0x0C61,
  0x8F51, 0xA7F4, 0x2F65, 0x6FAD, 0xB7F6, 0x3DC7, 0x0400, 0x0401, 0x0300, 0x0260, 0x0200, 0x01C0,
  0x0180, 0x0160, 0x0160, 0x0160, 0x0140, 0x0160, 0x0160, 0x0160, 0x0180, 0x0180, 0x01A0, 0x01E0,
  0x0220, 0x0260, 0x02A0, 0x0320, 0x0380, 0x03E0, 0x0C60, 0x0CA0, 0x04A0, 0x568A, 0xAFF4, 0xB7F6,
  0x6EED, 0x0D21, 0x0520, 0x0560, 0x0540, 0x0540, 0x0540, 0x0520, 0x56C9, 0x97F1, 0x97F2, 0x3E67,
  0x0540, 0x05A0, 0x05A0, 0x0560, 0x0500, 0x2E05, 0x7FCF, 0x8FF1, 0x4E49, 0x0440, 0x0440, 0x0400,
  0x0320, 0x0280, 0x0200, 0x01A0, 0x0160, 0x0120, 0x00E0, 0x00C0, 0x0080, 0x0060, 0x0040, 0x0040,
  0x0040, 0x0040, 0x0020, 0x0000, 0x0000, 0x0000, 0x0000, 0x0000, 0x0000, 0x0000, 0x0000, 0x0000,
  0x0000, 0x0000, 0x0000, 0x0000, 0x0000, 0x0020, 0x0020, 0x0020, 0x0020, 0x0020, 0x0040, 0x0040,
  0x0040, 0x0060, 0x00A0, 0x00C0, 0x00E0, 0x0140, 0x0180, 0x01C0, 0x0220, 0x02A0, 0x0340, 0x0C20,
  0x0440, 0x0480, 0x5EEB, 0x8FF1, 0x778D, 0x25C3, 0x0520, 0x0DA1, 0x0DA0, 0x0560, 0x0D21, 0x5F0C,
  0x9FF3, 0x87F0, 0x2E45, 0x0520, 0x0560, 0x0560, 0x0560, 0x0560, 0x04E0, 0x2DC6, 0x97D2, 0xB7F5,
  0x8790, 0x1D44, 0x04C0, 0x04C0, 0x0440, 0x03A0, 0x0340, 0x0300, 0x02C0, 0x02A0, 0x0260, 0x0220,
  0x0200, 0x01E0, 0x01E0, 0x01E0, 0x01C0, 0x01C0, 0x01A0, 0x01A0, 0x0180, 0x0180, 0x0180, 0x0180,
  0x01A0, 0x01E0, 0x0260, 0x0300, 0x0BE0, 0x03E0, 0x3D47, 0xA7F4, 0x77AD, 0x3EE6, 0x8FF1, 0x9752,
  0x1462, 0x0400, 0x0400, 0x0C61, 0x8751, 0xA7F4, 0x2F65, 0x6FAD, 0xB7F5, 0x3DC7, 0x0400, 0x0BE1,
  0x0300, 0x0260, 0x0200, 0x01C0, 0x0180, 0x0160, 0x0180, 0x0180, 0x0160, 0x0180, 0x0180, 0x0180,
  0x0180, 0x0180, 0x01A0, 0x01C0, 0x01E0, 0x0220, 0x0260, 0x02C0, 0x0320, 0x0380, 0x03E0, 0x0C60,
  0x0480, 0x0CC1, 0x6ECD, 0xAFF5, 0xAFF5, 0x4E69, 0x04E0, 0x0560, 0x0540, 0x0540, 0x0560, 0x0540,
  0x1DA2, 0x6F6D, 0x9FF3, 0x778E, 0x1DC3, 0x0560, 0x05A0, 0x0581, 0x0540, 0x0D61, 0x5F2B, 0x8FF1,
  0x7F6F, 0x1D04, 0x0440, 0x0440, 0x0380, 0x02E0, 0x0240, 0x01C0, 0x01A0, 0x0140, 0x0100, 0x00C0,
  0x00A0, 0x0080, 0x0040, 0x0040, 0x0040, 0x0040, 0x0020, 0x0020, 0x0000, 0x0000, 0x0000, 0x0000,
  0x0000, 0x0000, 0x0000, 0x0000, 0x0000, 0x0000, 0x0000, 0x0000, 0x0000, 0x0020, 0x0020, 0x0020,
  0x0020, 0x0020, 0x0040, 0x0040, 0x0060, 0x0080, 0x00A0, 0x00C0, 0x00E0, 0x0140, 0x01A0, 0x01E0,
  0x0260, 0x02E0, 0x03A0, 0x0C40, 0x0420, 0x2DA5, 0x8FD0, 0x87F0, 0x46A8, 0x0520, 0x0560, 0x0DA1,
  0x05A1, 0x0540, 0x3625, 0x8FD1, 0x97F2, 0x4EE9, 0x0520, 0x0540, 0x0560, 0x0560, 0x0560, 0x0520,
  0x1542, 0x7F6F, 0xAFF6, 0x9FD3, 0x35A6, 0x0480, 0x04C0, 0x0460, 0x03C0, 0x0340, 0x02E0, 0x02C0,
  0x02A0, 0x0260, 0x0240, 0x0240, 0x0240, 0x0240, 0x0240, 0x0220, 0x0220, 0x0200, 0x0200, 0x01E0,
  0x01E0, 0x01E0, 0x01E0, 0x01C0, 0x01C0, 0x0200, 0x0260, 0x0300, 0x03E0, 0x03E0, 0x3D47, 0xA7F4,
  0x77AD, 0x3EE6, 0x8FF1, 0x9752, 0x1462, 0x0400, 0x0400, 0x0C61, 0x8751, 0xA7F4, 0x2F65, 0x6FAD,
  0xB7F5, 0x3DC7, 0x0400, 0x0BE1, 0x0300, 0x0260, 0x0200, 0x01C0, 0x0180, 0x0180, 0x0180, 0x0180,
  0x0180, 0x0180, 0x0180, 0x01A0, 0x01A0, 0x01A0, 0x01A0, 0x01A0, 0x01C0, 0x0200, 0x0240, 0x0280,
  0x02C0, 0x0320, 0x0380, 0x0400, 0x0C80, 0x0460, 0x1523, 0x7F50, 0xB7F6, 0x97D2, 0x3606, 0x0500,
  0x0540, 0x0540, 0x0560, 0x0560, 0x0500, 0x3646, 0x87D0, 0x97F2, 0x56CA, 0x0520, 0x0560, 0x05A1,
  0x0560, 0x0500, 0x2E05, 0x7FCF, 0x8FF2, 0x4E8A, 0x0460, 0x0460, 0x0401, 0x0320, 0x0280, 0x0200,
  0x01A0, 0x0160, 0x0100, 0x00E0, 0x00C0, 0x0080, 0x0060, 0x0040, 0x0040, 0x0040, 0x0020, 0x0020,
  0x0020, 0x0000, 0x0000, 0x0000, 0x0000, 0x0000, 0x0000, 0x0000, 0x0000, 0x0000, 0x0000, 0x0000,
  0x0000, 0x0020, 0x0020, 0x0020, 0x0020, 0x0020, 0x0040, 0x0040, 0x0060, 0x0080, 0x00C0, 0x00C0,
  0x0100, 0x0160, 0x01C0, 0x0200, 0x0280, 0x0320, 0x0C00, 0x0420, 0x0C61, 0x66EB, 0x97F1, 0x77AE,
  0x15A3, 0x0520, 0x05A0, 0x05C1, 0x0540, 0x0D61, 0x6F6C, 0x9FF3, 0x77CE, 0x15C2, 0x0520, 0x0560,
  0x0560, 0x0540, 0x0540, 0x0500, 0x56CA, 0xAFF5, 0xA7F5, 0x566B, 0x0480, 0x04C0, 0x0480, 0x03C0,
  0x0340, 0x0300, 0x02C0, 0x0280, 0x0260, 0x0260, 0x0260, 0x0280, 0x0280, 0x02A0, 0x0280, 0x0260,
  0x0260, 0x0260, 0x0240, 0x0240, 0x0240, 0x0220, 0x0220, 0x0220, 0x0200, 0x0220, 0x0280, 0x0300,
  0x03E0, 0x03E0, 0x3D47, 0xA7F4, 0x77AE, 0x3EE7, 0x97F1, 0x9772, 0x1462, 0x0400, 0x0400, 0x0C61,
  0x8750, 0xA7F4, 0x2F65, 0x6FAD, 0xB7F5, 0x3DC7, 0x0400, 0x0BE1, 0x02E0, 0x0260, 0x0200, 0x01E0,
  0x01E0, 0x01E0, 0x01E0, 0x01C0, 0x01C0, 0x01C0, 0x01C0, 0x01C0, 0x01C0, 0x01C0, 0x01A0, 0x01A0,
  0x01C0, 0x01E0, 0x0220, 0x0260, 0x0280, 0x02C0, 0x0320, 0x0380, 0x0440, 0x04C1, 0x0480, 0x35A6,
  0x97D2, 0xB7F5, 0x776E, 0x1542, 0x0500, 0x0560, 0x0540, 0x0560, 0x0540, 0x0D41, 0x5F4B, 0x97F3,
  0x87D0, 0x2DE5, 0x0520, 0x05A0, 0x0580, 0x0540, 0x0D41, 0x5F2B, 0x8FF2, 0x778E, 0x1D02, 0x0440,
  0x0440, 0x0380, 0x02C0, 0x0220, 0x01C0, 0x0180, 0x0120, 0x00E0, 0x00C0, 0x00A0, 0x0060, 0x0040,
  0x0040, 0x0040, 0x0040, 0x0020, 0x0020, 0x0000, 0x0000, 0x0000, 0x0000, 0x0000, 0x0000, 0x0000,
  0x0000, 0x0000, 0x0000, 0x0000, 0x0000, 0x0020, 0x0020, 0x0020, 0x0020, 0x0020, 0x0040, 0x0040,
  0x0060, 0x0080, 0x00C0, 0x0100, 0x0120, 0x0180, 0x01E0, 0x0220, 0x02A0, 0x0380, 0x0440, 0x0440,
  0x2D65, 0x7FAF, 0x8FF1, 0x4EA9, 0x0520, 0x0580, 0x05C0, 0x05A0, 0x0520, 0x3647, 0x8FF1, 0x97F2,
  0x46C8, 0x0540, 0x0560, 0x0560, 0x0540, 0x0540, 0x0500, 0x35E6, 0x9FF2, 0xAFF5, 0x770F, 0x0CE2,
  0x04A0, 0x0480, 0x03E0, 0x0360, 0x0300, 0x02C0, 0x02A0, 0x0260, 0x0240, 0x0260, 0x0280, 0x02A0,
  0x02C0, 0x02E0, 0x02C0, 0x02C0, 0x02C0, 0x02A0, 0x02A0, 0x0280, 0x0280, 0x0280, 0x0280, 0x0280,
  0x0260, 0x0260, 0x0280, 0x02E0, 0x03E0, 0x03C0, 0x3D47, 0xA7F4, 0x77AD, 0x3EE6, 0x8FF1, 0x9752,
  0x1462, 0x0400, 0x0400, 0x0461, 0x8730, 0xA7F4, 0x2F65, 0x6FAC, 0xB7F5, 0x3DC7, 0x0400, 0x03E1,
  0x02E0, 0x0260, 0x0240, 0x0240, 0x0240, 0x0240, 0x0220, 0x0220, 0x0200, 0x0200, 0x0200, 0x0200,
  0x01E0, 0x01C0, 0x01C0, 0x01C0, 0x01A0, 0x01C0, 0x0200, 0x0220, 0x0260, 0x0280, 0x02C0, 0x0320,
  0x03C0, 0x0461, 0x04A1, 0x0480, 0x564A, 0xAFF4, 0xA7F3, 0x5689, 0x0D00, 0x0520, 0x0540, 0x0540,
  0x0540, 0x0520, 0x2E25, 0x87D0, 0x97F2, 0x5EEB, 0x0541, 0x0580, 0x05A0, 0x0560, 0x0520, 0x3626,
  0x87D0, 0x8FF1, 0x4628, 0x0460, 0x0460, 0x03E0, 0x0300, 0x0260, 0x01E0, 0x01A0, 0x0140, 0x0100,
  0x00E0, 0x00A0, 0x0060, 0x0040, 0x0040, 0x0040, 0x0020, 0x0020, 0x0020, 0x0000, 0x0000, 0x0000,
  0x0000, 0x0000, 0x0000, 0x0000, 0x0000, 0x0000, 0x0000, 0x0000, 0x0000, 0x0020, 0x0020, 0x0020,
  0x0020, 0x0020, 0x0040, 0x0040, 0x0080, 0x00A0, 0x00C0, 0x0100, 0x0140, 0x01A0, 0x0200, 0x0240,
  0x02E0, 0x03E0, 0x0460, 0x0460, 0x568A, 0x8FF2, 0x77AF, 0x25C4, 0x0520, 0x05A0, 0x05C0, 0x05A0,
  0x0D81, 0x676D, 0x9FF3, 0x778E, 0x1DA3, 0x0540, 0x0560, 0x0560, 0x0560, 0x0500, 0x0D42, 0x774E,
  0xB7F5, 0x97B2, 0x35A6, 0x04A0, 0x04A0, 0x0420, 0x0380, 0x0320, 0x02C0, 0x02A0, 0x0280, 0x0240,
  0x0240, 0x0280, 0x02C0, 0x02E0, 0x0320, 0x0320, 0x0340, 0x0340, 0x0320, 0x0320, 0x0300, 0x0300,
  0x0300, 0x0300, 0x0300, 0x0300, 0x02E0, 0x0300, 0x0300, 0x0340, 0x03E0, 0x03E0, 0x3D67, 0xA7F4,
  0x77AE, 0x3F07, 0x97F2, 0x9772, 0x1463, 0x0400, 0x0420, 0x0C61, 0x8F51, 0xA7F4, 0x2F65, 0x6FCD,
  0xB7F6, 0x3DE7, 0x0400, 0x0C00, 0x0300, 0x02C0, 0x02A0, 0x02A0, 0x02A0, 0x0280, 0x0260, 0x0260,
  0x0240, 0x0240, 0x0240, 0x0240, 0x0220, 0x0200, 0x01E0, 0x01C0, 0x01C0, 0x01C0, 0x01E0, 0x0200,
  0x0220, 0x0260, 0x0280, 0x02E0, 0x0340, 0x03C0, 0x0C81, 0x04A0, 0x1CE2, 0x7F2F, 0xB7F5, 0x97B1,
  0x25A4, 0x04E0, 0x0541, 0x0540, 0x0540, 0x0520, 0x0D41, 0x56EA, 0x97F2, 0x87D1, 0x25E5, 0x0540,
  0x05A0, 0x0580, 0x0540, 0x0D41, 0x672C, 0x97F1, 0x6F4D, 0x0CC1, 0x0460, 0x0440, 0x0360, 0x02A0,
  0x0220, 0x01A0, 0x0160, 0x0120, 0x00E0, 0x00C0, 0x0080, 0x0040, 0x0040, 0x0040, 0x0040, 0x0020,
  0x0020, 0x0000, 0x0000, 0x0000, 0x0000, 0x0000, 0x0000, 0x0000, 0x0000, 0x0000, 0x0000, 0x0000,
  0x0020, 0x0020, 0x0020, 0x0040, 0x0020, 0x0020, 0x0040, 0x0040, 0x0080, 0x00A0, 0x00E0, 0x0120,
  0x0160, 0x01C0, 0x0220, 0x02A0, 0x0360, 0x0420, 0x0420, 0x14E2, 0x776F, 0x97F3, 0x572B, 0x0541,
  0x0540, 0x05C0, 0x05C0, 0x0520, 0x2E26, 0x8FF1, 0x97F2, 0x3E88, 0x0500, 0x0540, 0x0540, 0x0540,
  0x0540, 0x04C0, 0x4628, 0xA7F4, 0xAFF4, 0x5E6A, 0x0CA0, 0x04C0, 0x0460, 0x03A0, 0x0340, 0x02E0,
  0x02A0, 0x0260, 0x0240, 0x0240, 0x0260, 0x02A0, 0x0300, 0x0340, 0x03A0, 0x0400, 0x0420, 0x0420,
  0x0421, 0x0C00, 0x0C00, 0x0400, 0x0400, 0x0400, 0x0400, 0x0400, 0x0400, 0x0400, 0x0400, 0x0400,
  0x0420, 0x03E0, 0x3D68, 0xA7F4, 0x77AE, 0x3EE7, 0x97F1, 0x9772, 0x1463, 0x0400, 0x0400, 0x0C61,
  0x8F50, 0xAFF4, 0x2F65, 0x6FCC, 0xB7F6, 0x3DC8, 0x0400, 0x0C40, 0x03E0, 0x03C0, 0x03A0, 0x0380,
  0x0360, 0x0340, 0x0320, 0x02E0, 0x02E0, 0x02A0, 0x0280, 0x0260, 0x0260, 0x0220, 0x0220, 0x0200,
  0x01E0, 0x01C0, 0x01C0, 0x01E0, 0x0200, 0x0220, 0x0260, 0x02A0, 0x0300, 0x0360, 0x0400, 0x0CA0,
  0x0480, 0x35A6, 0x9FD3, 0xB7F5, 0x66EC, 0x0D01, 0x0540, 0x0560, 0x0540, 0x0540, 0x0500, 0x2E04,
  0x87D0, 0x9FF4, 0x56CA, 0x0541, 0x05A0, 0x05A0, 0x0560, 0x0500, 0x3E67, 0x8FF1, 0x87D0, 0x2D85,
  0x0440, 0x0460, 0x03C0, 0x02E0, 0x0220, 0x01C0, 0x0180, 0x0140, 0x0100, 0x00C0, 0x0080, 0x0060,
  0x0040, 0x0040, 0x0040, 0x0020, 0x0020, 0x0020, 0x0000, 0x0000, 0x0000, 0x0000, 0x0000, 0x0000,
  0x0000, 0x0000, 0x0000, 0x0000, 0x0020, 0x0020, 0x0020, 0x0040, 0x0040, 0x0040, 0x0040, 0x0060,
  0x00A0, 0x00C0, 0x0100, 0x0140, 0x0180, 0x01E0, 0x0240, 0x02E0, 0x03C0, 0x0440, 0x0440, 0x3DE7,
  0x8FF1, 0x87D0, 0x3626, 0x0520, 0x0580, 0x05C1, 0x0580, 0x0D61, 0x672C, 0x9FF2, 0x7FAE, 0x15A3,
  0x0520, 0x0560, 0x0540, 0x0540, 0x0520, 0x1D83, 0x8F90, 0xAFF5, 0x8770, 0x1D03, 0x0480, 0x0480,
  0x03E0, 0x0340, 0x0300, 0x02C0, 0x0280, 0x0240, 0x0240, 0x0260, 0x0280, 0x02C0, 0x0300, 0x03C0,
  0x0460, 0x0480, 0x0440, 0x0440, 0x0440, 0x0420, 0x0420, 0x0420, 0x0420, 0x0420, 0x0420, 0x0420,
  0x0420, 0x0400, 0x0400, 0x0400, 0x0420, 0x03C0, 0x3D47, 0xA7F4, 0x6FAE, 0x3F07, 0x8FF1, 0x9772,
  0x0C42, 0x03E0, 0x03C0, 0x0421, 0x8F31, 0xAFF4, 0x2F65, 0x6FCD, 0xB7F6, 0x3DA7, 0x03E0, 0x0420,
  0x0400, 0x0400, 0x0420, 0x0440, 0x0420, 0x0420, 0x0400, 0x03C0, 0x03A0, 0x0360, 0x0300, 0x02C0,
  0x02A0, 0x0280, 0x0260, 0x0240, 0x0220, 0x0200, 0x01E0, 0x01E0, 0x0200, 0x0220, 0x0240, 0x0280,
  0x02C0, 0x0320, 0x03A0, 0x0460, 0x0480, 0x0CA0, 0x66AC, 0xAFF5, 0x9FD3, 0x35E7, 0x04E0, 0x0560,
  0x0540, 0x0540, 0x0540, 0x0D40, 0x5F0B, 0x9FF3, 0x87B0, 0x1DC4, 0x0540, 0x05C0, 0x05A0, 0x0520,
  0x1D83, 0x778E, 0x8FF2, 0x5EAB, 0x0460, 0x0460, 0x0400, 0x0320, 0x0260, 0x01E0, 0x01A0, 0x0160,
  0x0100, 0x00E0, 0x00A0, 0x0060, 0x0040, 0x0040, 0x0040, 0x0020, 0x0020, 0x0020, 0x0000, 0x0000,
  0x0000, 0x0000, 0x0000, 0x0000, 0x0000, 0x0000, 0x0000, 0x0000, 0x0020, 0x0020, 0x0020, 0x0040,
  0x0040, 0x0040, 0x0040, 0x0060, 0x00A0, 0x00C0, 0x0100, 0x0160, 0x0180, 0x01E0, 0x0280, 0x0300,
  0x03E0, 0x0440, 0x0CA1, 0x670B, 0x8FF1, 0x6F6D, 0x1562, 0x0540, 0x05C1, 0x05A0, 0x0540, 0x2DE4,
  0x8FD0, 0x97F1, 0x4EC9, 0x0520, 0x0560, 0x0540, 0x0560, 0x0560, 0x0500, 0x4E89, 0xAFF5, 0x9FF3,
  0x3E08, 0x0480, 0x04A0, 0x0440, 0x0380, 0x0300, 0x02C0, 0x02A0, 0x0260, 0x0240, 0x0260, 0x0280,
  0x02C0, 0x02E0, 0x0360, 0x0421, 0x0460, 0x0CA1, 0x3DC6, 0x45E7, 0x3DE7, 0x3DE8, 0x3DC8, 0x45C8,
  0x45C8, 0x45C8, 0x45C8, 0x45C8, 0x45C8, 0x45A7, 0x45A8, 0x45A7, 0x3DA7, 0x3D87, 0x5E0B, 0xA7F4,
  0x6FAE, 0x3707, 0x8FF1, 0x9752, 0x45A9, 0x3D88, 0x4567, 0x4588, 0x9773, 0xA7F4, 0x2F86, 0x6FCD,
  0xBFF6, 0x5E4B, 0x3D67, 0x3D68, 0x3526, 0x24E4, 0x1CA3, 0x0C61, 0x0420, 0x0420, 0x0420, 0x0440,
  0x0440, 0x0420, 0x03C0, 0x0360, 0x0320, 0x02E0, 0x02A0, 0x0280, 0x0260, 0x0240, 0x0220, 0x0200,
  0x0200, 0x0220, 0x0240, 0x0260, 0x02A0, 0x02E0, 0x0360, 0x03E0, 0x0481, 0x0480, 0x2544, 0x97B2,
  0xB7F6, 0x772E, 0x0D22, 0x0540, 0x0540, 0x0540, 0x0560, 0x0500, 0x2E05, 0x87F0, 0x9FF3, 0x46A9,
  0x0520, 0x05A0, 0x05A0, 0x0560, 0x0D20, 0x56C9, 0x8FF1, 0x776E, 0x1D23, 0x0440, 0x0420, 0x0360,
  0x02A0, 0x0220, 0x01C0, 0x0160, 0x0120, 0x00E0, 0x00C0, 0x0080, 0x0040, 0x0040, 0x0040, 0x0020,
  0x0020, 0x0020, 0x0000, 0x0000, 0x0000, 0x0000, 0x0000, 0x0000, 0x0000, 0x0000, 0x0000, 0x0000,
  0x0020, 0x0020, 0x0040, 0x0040, 0x0040, 0x0040, 0x0060, 0x0080, 0x00A0, 0x00C0, 0x0120, 0x0160,
  0x01A0, 0x0220, 0x02C0, 0x0360, 0x0420, 0x0440, 0x2523, 0x7FAF, 0x8FF0, 0x4EC9, 0x0520, 0x0580,
  0x05C1, 0x0580, 0x0520, 0x56A9, 0x9FF3, 0x7FEF, 0x25E3, 0x0520, 0x0560, 0x0540, 0x0560, 0x0520,
  0x1D62, 0x8F90, 0xB7F5, 0x7F4F, 0x0D02, 0x04A0, 0x0480, 0x03E0, 0x0320, 0x02E0, 0x02A0, 0x0260,
  0x0240, 0x0240, 0x0260, 0x02A0, 0x02E0, 0x0340, 0x0400, 0x0481, 0x0440, 0x4E09, 0xAFF4, 0xB7F6,
  0xB7F6, 0xB7F7, 0xB7F7, 0xB7F6, 0xB7F6, 0xB7F6, 0xB7F6, 0xB7F6, 0xB7F6, 0xB7F6, 0xB7F6, 0xB7F6,
  0xB7F6, 0xB7F6, 0xB7F6, 0xAFF5, 0x6FAE, 0x3707, 0x8FF2, 0xB7F6, 0xB7F6, 0xB7F7, 0xB7F6, 0xAFF6,
  0xB7D6, 0xA7F4, 0x27A5, 0x6FCD, 0xBFF7, 0xB7F5, 0xB7F6, 0xB7F7, 0xB7F5, 0xAFB4, 0x9F72, 0x7F0F,
  0x668C, 0x4609, 0x2545, 0x0C81, 0x0440, 0x0440, 0x0441, 0x0420, 0x03E0, 0x0380, 0x0320, 0x02E0,
  0x02A0, 0x0260, 0x0240, 0x0220, 0x0220, 0x0200, 0x0220, 0x0240, 0x0280, 0x02C0, 0x0300, 0x0380,
  0x0441, 0x04A0, 0x04A0, 0x5E8B, 0xAFF5, 0x9FF3, 0x35E6, 0x0500, 0x0560, 0x0540, 0x0560, 0x0540,
  0x0D61, 0x676C, 0x9FF3, 0x6F6D, 0x1582, 0x0560, 0x05A0, 0x0580, 0x0500, 0x2E05, 0x7FEF, 0x87F1,
  0x3607, 0x0440, 0x0C40, 0x03A0, 0x02C0, 0x0240, 0x01C0, 0x0180, 0x0140, 0x0100, 0x00C0, 0x0080,
  0x0040, 0x0040, 0x0040, 0x0040, 0x0040, 0x0020, 0x0000, 0x0000, 0x0000, 0x0000, 0x0000, 0x0000,
  0x0000, 0x0000, 0x0000, 0x0000, 0x0020, 0x0020, 0x0040, 0x0040, 0x0040, 0x0040, 0x0060, 0x0080,
  0x00C0, 0x00E0, 0x0120, 0x0180, 0x01C0, 0x0240, 0x02E0, 0x03A0, 0x0440, 0x0420, 0x3E06, 0x8FF0,
  0x7FCF, 0x2604, 0x0520, 0x0580, 0x05C1, 0x0560, 0x1D82, 0x778D, 0x9FF3, 0x674B, 0x0560, 0x0540,
  0x0540, 0x0540, 0x0560, 0x0500, 0x4E69, 0xB7F4, 0xA7F3, 0x4608, 0x0480, 0x04A0, 0x0440, 0x0380,
  0x0300, 0x02C0, 0x0280, 0x0240, 0x0240, 0x0260, 0x0280, 0x02C0, 0x0300, 0x03A0, 0x0440, 0x0460,
  0x1D24, 0x97B2, 0xA7F3, 0x77CD, 0x67EC, 0x67ED, 0x6FED, 0x67EC, 0x67EC, 0x67EC, 0x67EC, 0x67EC,
  0x67EC, 0x67ED, 0x67ED, 0x67EC, 0x67EC, 0x67ED, 0x67EC, 0x67EC, 0x37A7, 0x1783, 0x47E8, 0x67ED,
  0x67EC, 0x67EC, 0x6FED, 0x67EC, 0x6FEC, 0x57EA, 0x0FA2, 0x2FC6, 0x67EC, 0x67EC, 0x67EC, 0x67ED,
  0x77EF, 0x87F0, 0x97F2, 0xA7F4, 0xAFF4, 0xAFF6, 0xA7D5, 0x8F51, 0x666C, 0x3526, 0x0440, 0x0420,
  0x0440, 0x0C40, 0x03C0, 0x0340, 0x02E0, 0x02A0, 0x0280, 0x0260, 0x0240, 0x0200, 0x0200, 0x0240,
  0x0260, 0x0280, 0x02E0, 0x0340, 0x03E1, 0x0481, 0x04A0, 0x2544, 0x9791, 0xAFF6, 0x6F2D, 0x0520,
  0x0520, 0x0540, 0x0540, 0x0560, 0x0520, 0x3E87, 0x97F2, 0x8FF1, 0x2DE5, 0x0560, 0x05C0, 0x0580,
  0x0520, 0x1582, 0x676C, 0x8FF2, 0x56EA, 0x0480, 0x0420, 0x0BE0, 0x0300, 0x0260, 0x01E0, 0x01A0,
  0x0160, 0x0100, 0x00E0, 0x00A0, 0x0040, 0x0040, 0x0040, 0x0040, 0x0040, 0x0020, 0x0000, 0x0000,
  0x0000, 0x0000, 0x0000, 0x0000, 0x0000, 0x0000, 0x0000, 0x0000, 0x0020, 0x0020, 0x0040, 0x0040,
  0x0040, 0x0040, 0x0060, 0x00A0, 0x00E0, 0x0100, 0x0140, 0x01A0, 0x01E0, 0x0260, 0x0300, 0x03E0,
  0x0440, 0x0480, 0x5EEA, 0x97F1, 0x6F4C, 0x0D81, 0x0540, 0x05A0, 0x05C0, 0x0540, 0x3626, 0x97F0,
  0x8FF1, 0x3E67, 0x0520, 0x0540, 0x0540, 0x0540, 0x0520, 0x1562, 0x7F6F, 0xBFF6, 0x8770, 0x14C2,
  0x0460, 0x0460, 0x03C0, 0x0340, 0x02E0, 0x0280, 0x0260, 0x0240, 0x0240, 0x0260, 0x02A0, 0x02E0,
  0x0340, 0x0420, 0x0480, 0x0C80, 0x66CC, 0xB7F5, 0x6FED, 0x1762, 0x0FA1, 0x0FC1, 0x0FC1, 0x0FA1,
  0x0FA1, 0x0FA1, 0x0FA1, 0x0FA1, 0x0FA1, 0x0FC1, 0x0FC1, 0x0FA1, 0x0FA1, 0x0FA1, 0x0FA1, 0x0FC1,
  0x07C0, 0x07E0, 0x07C0, 0x0FC1, 0x0FA0, 0x0FA0, 0x0FA1, 0x0FA1, 0x0FA0, 0x0FE1, 0x07E0, 0x07E0,
  0x07C0, 0x0FC0, 0x0FC1, 0x0FC2, 0x17A2, 0x1F84, 0x2F65, 0x4768, 0x5FAB, 0x77CE, 0x97F2, 0xA7F4,
  0xAFF5, 0xA7F3, 0x7F2E, 0x3DA6, 0x0C81, 0x0420, 0x0C41, 0x03E0, 0x0340, 0x02E0, 0x02A0, 0x0280,
  0x0260, 0x0220, 0x0200, 0x0220, 0x0240, 0x0260, 0x02A0, 0x0300, 0x0381, 0x0441, 0x04A0, 0x0480,
  0x5EAB, 0xAFF5, 0x97D2, 0x25C4, 0x04E0, 0x0540, 0x0540, 0x0560, 0x0540, 0x1DA3, 0x7FAF, 0x9FF3,
  0x56CB, 0x0560, 0x05A0, 0x05A0, 0x0540, 0x0500, 0x4EC9, 0x8FF2, 0x77AE, 0x1D03, 0x0420, 0x0420,
  0x0340, 0x02A0, 0x0200, 0x01C0, 0x0180, 0x0100, 0x00E0, 0x00A0, 0x0060, 0x0040, 0x0040, 0x0040,
  0x0040, 0x0020, 0x0000, 0x0000, 0x0000, 0x0000, 0x0000, 0x0000, 0x0000, 0x0000, 0x0020, 0x0000,
  0x0020, 0x0020, 0x0040, 0x0040, 0x0040, 0x0060, 0x0080, 0x00A0, 0x00E0, 0x0120, 0x0160, 0x01A0,
  0x0200, 0x02A0, 0x0340, 0x0400, 0x0440, 0x1D03, 0x7F8E, 0x8FF1, 0x4EC9, 0x0540, 0x0560, 0x05C0,
  0x05A0, 0x0540, 0x5F0B, 0x9FF3, 0x77AE, 0x1DA3, 0x0520, 0x0560, 0x0540, 0x0D40, 0x04E0, 0x3E07,
  0x9FF3, 0xAFF5, 0x4E29, 0x0480, 0x04A1, 0x0421, 0x0380, 0x0300, 0x02C0, 0x02A0, 0x0260, 0x0260,
  0x0260, 0x02A0, 0x02E0, 0x0340, 0x03C0, 0x0460, 0x0440, 0x3DA7, 0xAFF4, 0x97F2, 0x2F85, 0x07C0,
  0x07E1, 0x07E1, 0x07E0, 0x07E0, 0x07E0, 0x07E0, 0x07E0, 0x07E0, 0x07E0, 0x07E0, 0x07E0, 0x07E0,
  0x07E0, 0x07E0, 0x07E0, 0x07E0, 0x07E0, 0x07E0, 0x07E0, 0x07E0, 0x07E0, 0x07E0, 0x07E0, 0x07E0,
  0x07E0, 0x07E0, 0x07E0, 0x07E0, 0x07E0, 0x07E0, 0x07E0, 0x07E0, 0x07E0, 0x07E0, 0x07C0, 0x07C1,
  0x07A1, 0x0781, 0x17A2, 0x37A6, 0x5FAB, 0x8FF1, 0xAFF6, 0xAFF5, 0x7EEE, 0x2524, 0x0420, 0x0460,
  0x0420, 0x0340, 0x02E0, 0x02A0, 0x0260, 0x0240, 0x0220, 0x0200, 0x0200, 0x0240, 0x02A0, 0x02E0,
  0x0360, 0x03C0, 0x0480, 0x04A0, 0x2584, 0x97D2, 0xAFF5, 0x5EAB, 0x04E1, 0x0541, 0x0540, 0x0560,
  0x0560, 0x0520, 0x5EEA, 0x97F3, 0x778F, 0x15A2, 0x0560, 0x05C0, 0x0580, 0x0500, 0x3626, 0x87F0,
  0x87F1, 0x35C6, 0x0460, 0x0480, 0x03A0, 0x02A0, 0x0200, 0x01C0, 0x0180, 0x0120, 0x00E0, 0x00C0,
  0x0080, 0x0060, 0x0040, 0x0020, 0x0040, 0x0020, 0x0020, 0x0000, 0x0020, 0x0000, 0x0000, 0x0000,
  0x0000, 0x0000, 0x0020, 0x0000, 0x0020, 0x0020, 0x0020, 0x0040, 0x0040, 0x0060, 0x0080, 0x00C0,
  0x0100, 0x0120, 0x0180, 0x01C0, 0x0220, 0x02A0, 0x0380, 0x0440, 0x0440, 0x35A6, 0x87F0, 0x7FCF,
  0x3626, 0x0520, 0x05A0, 0x05C0, 0x0560, 0x15A2, 0x77AE, 0x9FF3, 0x5F0A, 0x0D20, 0x0540, 0x0560,
  0x0560, 0x0540, 0x04E0, 0x66EC, 0xAFF5, 0x8F91, 0x1D24, 0x04A0, 0x0480, 0x03C0, 0x0340, 0x02E0,
  0x02A0, 0x0280, 0x0260, 0x0260, 0x0280, 0x02C0, 0x0300, 0x0380, 0x0440, 0x0440, 0x1CE3, 0x8F71,
  0xAFF4, 0x4FCA, 0x07A1, 0x07E0, 0x07E0, 0x07E0, 0x07E0, 0x07E0, 0x07E0, 0x07E0, 0x07E0, 0x07E0,
  0x07E0, 0x07E0, 0x07E0, 0x07E0, 0x07E0, 0x07E0, 0x07E0, 0x07E0, 0x07E0, 0x07E0, 0x07E0, 0x07E0,
  0x07E0, 0x07E0, 0x07E0, 0x07E0, 0x07E0, 0x07E0, 0x07E0, 0x07E0, 0x07E0, 0x07E0, 0x07E0, 0x07E0,
  0x07E0, 0x07E0, 0x07E0, 0x07E0, 0x07E0, 0x07E0, 0x07E0, 0x07A1, 0x1782, 0x2785, 0x47C9, 0x87F0,
  0xB7F6, 0x9FB3, 0x3587, 0x0440, 0x0461, 0x03E1, 0x0320, 0x02C0, 0x0280, 0x0260, 0x0240, 0x0200,
  0x0200, 0x0240, 0x0280, 0x02C0, 0x0320, 0x0380, 0x0440, 0x04C0, 0x04C0, 0x770D, 0xB7F6, 0x8F70,
  0x1D63, 0x0520, 0x0540, 0x0540, 0x0560, 0x0500, 0x3626, 0x8FF1, 0x8FF2, 0x2E25, 0x0540, 0x05A0,
  0x05A0, 0x0520, 0x1D83, 0x6F8D, 0x8FF1, 0x4E89, 0x0480, 0x0460, 0x03C0, 0x02C0, 0x0240, 0x01E0,
  0x0180, 0x0120, 0x00E0, 0x00C0, 0x00A0, 0x0060, 0x0040, 0x0020, 0x0040, 0x0020, 0x0020, 0x0020,
  0x0020, 0x0020, 0x0000, 0x0000, 0x0000, 0x0000, 0x0000, 0x0000, 0x0020, 0x0020, 0x0020, 0x0040,
  0x0040, 0x0060, 0x0080, 0x00C0, 0x0100, 0x0140, 0x0180, 0x01C0, 0x0240, 0x02E0, 0x03A0, 0x0C40,
  0x0440, 0x4E69, 0x8FF2, 0x6FAE, 0x1DA3, 0x0520, 0x05A0, 0x05A0, 0x0540, 0x2E25, 0x8FF1, 0x8FF2,
  0x3647, 0x0520, 0x0580, 0x0560, 0x0560, 0x0520, 0x1D83, 0x8FB2, 0xAFF5, 0x66AC, 0x0CC1, 0x04A0,
  0x0440, 0x0380, 0x0300, 0x02C0, 0x0280, 0x0260, 0x0240, 0x0260, 0x02A0, 0x02E0, 0x0360, 0x0400,
  0x0480, 0x0460, 0x5E6C, 0xAFF5, 0x7FAF, 0x1763, 0x07A1, 0x07C1, 0x07C0, 0x07C0, 0x07C0, 0x07C0,
  0x07C0, 0x07C0, 0x07C0, 0x07C0, 0x07C0, 0x07C0, 0x07C0, 0x07C0, 0x07C0, 0x07C0, 0x07C0, 0x07C0,
  0x07C0, 0x07C0, 0x07C0, 0x07C0, 0x07A0, 0x07A0, 0x07A0, 0x07A0, 0x07A0, 0x07A0, 0x0FA1, 0x07A0,
  0x07C0, 0x07E0, 0x07E0, 0x07E0, 0x07E0, 0x07E0, 0x07E0, 0x07E0, 0x07E0, 0x07E0, 0x07E0, 0x07E0,
  0x07E0, 0x07E0, 0x07C0, 0x2784, 0x6FCE, 0xA7F5, 0x8FB2, 0x2D45, 0x0420, 0x0C41, 0x03A0, 0x0300,
  0x02A0, 0x0280, 0x0260, 0x0220, 0x0200, 0x0220, 0x0260, 0x02A0, 0x02E0, 0x0360, 0x0400, 0x04A0,
  0x04A0, 0x4608, 0xAFF4, 0xAFF4, 0x3E47, 0x0500, 0x0560, 0x0540, 0x0540, 0x0520, 0x1DA3, 0x7FAF,
  0x9FF2, 0x4EE9, 0x0540, 0x05A0, 0x05A0, 0x0540, 0x0521, 0x572B, 0x97F2, 0x6F2D, 0x0CC1, 0x0440,
  0x03E0, 0x0300, 0x0260, 0x0200, 0x01A0, 0x0140, 0x0100, 0x00C0, 0x00A0, 0x0060, 0x0040, 0x0020,
  0x0040, 0x0020, 0x0020, 0x0020, 0x0020, 0x0020, 0x0000, 0x0000, 0x0000, 0x0000, 0x0000, 0x0020,
  0x0020, 0x0020, 0x0020, 0x0040, 0x0040, 0x0060, 0x00A0, 0x00E0, 0x0100, 0x0140, 0x0180, 0x01C0,
  0x0260, 0x0320, 0x03E0, 0x0440, 0x0C81, 0x5EEC, 0x8FF2, 0x5F4B, 0x0561, 0x0560, 0x05A0, 0x0580,
  0x0520, 0x4EA9, 0x97F2, 0x7FAF, 0x1DA3, 0x0520, 0x0580, 0x0560, 0x0560, 0x04E0, 0x3E27, 0xA7F5,
  0xA7F4, 0x3DE7, 0x0480, 0x04A0, 0x0400, 0x0360, 0x02E0, 0x02A0, 0x0260, 0x0220, 0x0220, 0x0260,
  0x02A0, 0x02E0, 0x0380, 0x0C60, 0x0460, 0x2D86, 0x9FD4, 0xA7F4, 0x676A, 0x3FA6, 0x37C6, 0x37C7,
  0x37C6, 0x37C6, 0x3FC6, 0x37C6, 0x37C6, 0x37C6, 0x37C6, 0x37C6, 0x37C6, 0x37C6, 0x37C6, 0x37C6,
  0x37C6, 0x37C6, 0x37C6, 0x37C6, 0x37C6, 0x37C6, 0x37C6, 0x37C6, 0x37C6, 0x37C6, 0x37C6, 0x37C6,
  0x37C6, 0x37C6, 0x37C6, 0x37C5, 0x2FC4, 0x1FA2, 0x0F81, 0x07C1, 0x07E0, 0x07E0, 0x07C0, 0x07E0,
  0x07E0, 0x07E0, 0x07E0, 0x07E0, 0x07E0, 0x07E0, 0x07E0, 0x07E0, 0x0F82, 0x67CC, 0xA7F5, 0x8F70,
  0x1CC2, 0x0440, 0x0420, 0x0340, 0x02E0, 0x02A0, 0x0280, 0x0240, 0x0200, 0x0200, 0x0240, 0x0280,
  0x02C0, 0x0340, 0x03C0, 0x0C60, 0x04A0, 0x1D44, 0x8F91, 0xB7F5, 0x5EEC, 0x0500, 0x0540, 0x0540,
  0x0540, 0x0540, 0x0540, 0x672C, 0x9FF3, 0x776D, 0x0D61, 0x0560, 0x05A0, 0x0580, 0x0520, 0x3EA8,
  0x8FF1, 0x7FAF, 0x1D44, 0x0440, 0x0400, 0x0340, 0x0280, 0x0200, 0x01A0, 0x0160, 0x0100, 0x00C0,
  0x00A0, 0x0060, 0x0040, 0x0040, 0x0040, 0x0020, 0x0020, 0x0020, 0x0020, 0x0020, 0x0000, 0x0000,
  0x0000, 0x0000, 0x0000, 0x0020, 0x0020, 0x0020, 0x0020, 0x0040, 0x0040, 0x0060, 0x00A0, 0x00E0,
  0x0100, 0x0140, 0x01A0, 0x01E0, 0x0280, 0x0360, 0x0C00, 0x0420, 0x1D03, 0x778E, 0x8FF2, 0x46C9,
  0x0540, 0x0560, 0x05C0, 0x0580, 0x1561, 0x6F2D, 0x9FF3, 0x672D, 0x0541, 0x0560, 0x0560, 0x0560,
  0x0560, 0x0501, 0x66EC, 0xB7F6, 0x8F91, 0x1D42, 0x0480, 0x0460, 0x03A0, 0x0320, 0x02C0, 0x0280,
  0x0240, 0x0220, 0x0220, 0x0260, 0x02A0, 0x0300, 0x03A0, 0x0440, 0x0440, 0x6F0E, 0xBFF7, 0xB7F6,
  0xB7F5, 0xAFF5, 0xAFF5, 0xAFF5, 0xAFF6, 0xAFF5, 0xAFF5, 0xAFF5, 0xAFF5, 0xAFF5, 0xAFF5, 0xAFF5,
  0xAFF5, 0xAFF5, 0xAFF5, 0xAFF5, 0xAFF5, 0xAFF5, 0xAFF5, 0xAFF5, 0xAFF5, 0xAFF5, 0xAFF5, 0xAFF5,
  0xA7F5, 0xA7F5, 0xA7F5, 0xA7F5, 0xA7F5, 0xA7F5, 0xA7F4, 0xAFF5, 0xA7F4, 0x97F2, 0x6FCE, 0x3F88,
  0x0FA1, 0x07A0, 0x07E0, 0x07E0, 0x07E0, 0x07E0, 0x07E0, 0x07E0, 0x07E0, 0x07E0, 0x07E0, 0x07E0,
  0x07E0, 0x1FA3, 0x87D0, 0xB7F6, 0x5E6A, 0x0420, 0x0460, 0x03C0, 0x0300, 0x02C0, 0x02A0, 0x0260,
  0x0220, 0x0200, 0x0220, 0x0260, 0x02A0, 0x0300, 0x0360, 0x0420, 0x04A0, 0x04C0, 0x66CC, 0xBFF6,
  0x8790, 0x1D43, 0x0540, 0x0540, 0x0540, 0x0560, 0x0520, 0x4668, 0x97F2, 0x87D0, 0x25C3, 0x0560,
  0x05C0, 0x05A0, 0x0520, 0x2E25, 0x87F0, 0x87F0, 0x35C7, 0x0440, 0x0440, 0x0380, 0x02A0, 0x0220,
  0x01C0, 0x0160, 0x0120, 0x00E0, 0x00C0, 0x0080, 0x0040, 0x0020, 0x0040, 0x0020, 0x0020, 0x0020,
  0x0020, 0x0020, 0x0000, 0x0000, 0x0000, 0x0000, 0x0000, 0x0020, 0x0020, 0x0020, 0x0040, 0x0040,
  0x0040, 0x0060, 0x00A0, 0x00E0, 0x0100, 0x0160, 0x01A0, 0x0200, 0x02A0, 0x0380, 0x0440, 0x0420,
  0x2D65, 0x87F0, 0x87F1, 0x3646, 0x0520, 0x0580, 0x05C0, 0x0560, 0x1DA3, 0x87B0, 0x9FF3, 0x4EC9,
  0x0520, 0x0580, 0x0560, 0x0560, 0x0540, 0x1543, 0x8771, 0xAFF5, 0x66CC, 0x0CC0, 0x04A0, 0x0420,
  0x0360, 0x0300, 0x02A0, 0x0260, 0x0220, 0x0200, 0x0220, 0x0260, 0x02C0, 0x0300, 0x03A0, 0x0C60,
  0x0440, 0x3DC7, 0x770F, 0x7EEE, 0x7ECF, 0x7EEF, 0x7EEF, 0x7EF0, 0x86D0, 0x86F0, 0x86EF, 0x86CF,
  0x86F0, 0x7EEF, 0x86EF, 0x86EF, 0x7ECF, 0x7ECF, 0x7ECF, 0x7ECF, 0x7ECF, 0x7ECF, 0x7ECF, 0x7ECF,
  0x7ECF, 0x7ECF, 0x7ECF, 0x7ECF, 0x7EEF, 0x7EEF, 0x7EEF, 0x7ECF, 0x7ECF, 0x7ECF, 0x76AE, 0x86F0,
  0x8F51, 0xA7D4, 0xAFF6, 0x9FF4, 0x6FED, 0x37A6, 0x0F81, 0x07E0, 0x07E0, 0x07E0, 0x07E0, 0x07E0,
  0x07E0, 0x07E0, 0x07E0, 0x07E0, 0x07E0, 0x07C0, 0x3F88, 0x9FF4, 0x9FB2, 0x2504, 0x0460, 0x0C40,
  0x0340, 0x02E0, 0x0280, 0x0260, 0x0220, 0x0200, 0x0200, 0x0240, 0x0280, 0x02E0, 0x0340, 0x03E0,
  0x04A0, 0x04A0, 0x4608, 0xAFF5, 0xA7F4, 0x35C6, 0x0500, 0x0560, 0x0540, 0x0540, 0x0520, 0x2DE5,
  0x87F0, 0x97F2, 0x3646, 0x0540, 0x05A0, 0x05A0, 0x0540, 0x1DC3, 0x77AE, 0x8FF1, 0x4E69, 0x0440,
  0x0440, 0x03C0, 0x02C0, 0x0240, 0x01C0, 0x0180, 0x0120, 0x00E0, 0x00C0, 0x0080, 0x0040, 0x0020,
  0x0020, 0x0020, 0x0020, 0x0020, 0x0020, 0x0000, 0x0000, 0x0000, 0x0000, 0x0000, 0x0000, 0x0020,
  0x0040, 0x0040, 0x0040, 0x0040, 0x0040, 0x0080, 0x00C0, 0x00E0, 0x0120, 0x0180, 0x01C0, 0x0200,
  0x02C0, 0x03C0, 0x0460, 0x0440, 0x3E07, 0x8FF1, 0x7FAF, 0x1DC3, 0x0520, 0x05C0, 0x05C0, 0x0520,
  0x2E25, 0x97F2, 0x97F2, 0x3646, 0x0500, 0x0580, 0x0560, 0x0560, 0x0500, 0x35E6, 0x9FD4, 0xAFF5,
  0x4E08, 0x0460, 0x04A0, 0x03E0, 0x0320, 0x02E0, 0x0280, 0x0240, 0x0200, 0x0200, 0x0200, 0x0240,
  0x02A0, 0x02E0, 0x0360, 0x0420, 0x0460, 0x0440, 0x0460, 0x0460, 0x0460, 0x0460, 0x0460, 0x0460,
  0x0440, 0x0441, 0x0441, 0x0C40, 0x0440, 0x0440, 0x0440, 0x0420, 0x0400, 0x0420, 0x0420, 0x0420,
  0x0420, 0x0420, 0x0420, 0x0420, 0x0420, 0x0420, 0x0420, 0x0420, 0x0440, 0x0420, 0x0420, 0x0420,
  0x0421, 0x0421, 0x0420, 0x0440, 0x0C61, 0x2504, 0x560A, 0x8F51, 0xB7F6, 0x97F3, 0x4FCA, 0x0FC2,
  0x07E0, 0x07E0, 0x07E0, 0x07E0, 0x07E0, 0x07E0, 0x07E0, 0x07E0, 0x07E0, 0x07E0, 0x0F81, 0x67EC,
  0xB7F6, 0x5E6B, 0x0440, 0x0461, 0x03A0, 0x0300, 0x02A0, 0x0260, 0x0220, 0x0200, 0x01E0, 0x0220,
  0x0260, 0x02C0, 0x0320, 0x03C0, 0x0480, 0x04A0, 0x2564, 0x97B2, 0xAFF5, 0x566A, 0x04E0, 0x0540,
  0x0540, 0x0540, 0x0520, 0x15A3, 0x77AE, 0x9FF3, 0x4EE9, 0x0540, 0x0580, 0x05A0, 0x0560, 0x0D61,
  0x674C, 0x8FF1, 0x5ECB, 0x0481, 0x0440, 0x0400, 0x0300, 0x0240, 0x01E0, 0x01A0, 0x0140, 0x0100,
  0x00C0, 0x0080, 0x0040, 0x0020, 0x0040, 0x0040, 0x0040, 0x0020, 0x0020, 0x0000, 0x0000, 0x0000,
  0x0000, 0x0000, 0x0000, 0x0020, 0x0040, 0x0040, 0x0040, 0x0040, 0x0040, 0x0080, 0x00C0, 0x00E0,
  0x0120, 0x0180, 0x01C0, 0x0220, 0x02E0, 0x03C0, 0x0460, 0x0440, 0x5669, 0x97F1, 0x6F6D, 0x1541,
  0x0540, 0x05C0, 0x05A0, 0x0540, 0x4688, 0x9FF3, 0x87D0, 0x1DC3, 0x0520, 0x0580, 0x0560, 0x0560,
  0x0500, 0x4E89, 0xAFF5, 0x9FD2, 0x3585, 0x0480, 0x0480, 0x03A0, 0x0300, 0x02C0, 0x0260, 0x0220,
  0x01E0, 0x01E0, 0x01E0, 0x0240, 0x0260, 0x02A0, 0x0300, 0x0380, 0x0400, 0x0420, 0x0420, 0x0420,
  0x0420, 0x0420, 0x0420, 0x0420, 0x0420, 0x0440, 0x0440, 0x0420, 0x0420, 0x0420, 0x0400, 0x0420,
  0x0420, 0x0420, 0x0420, 0x0420, 0x0420, 0x0420, 0x0400, 0x0400, 0x0400, 0x0400, 0x0400, 0x0400,
  0x0420, 0x0420, 0x0400, 0x03E0, 0x03E1, 0x0401, 0x0400, 0x0400, 0x0400, 0x0400, 0x0400, 0x1482,
  0x5E2A, 0x9FD3, 0xA7F4, 0x5FAB, 0x1782, 0x07C0, 0x07E0, 0x07E0, 0x07E0, 0x07E0, 0x07E0, 0x07E0,
  0x07E0, 0x07E0, 0x07C0, 0x3F87, 0xAFF5, 0x8770, 0x0C81, 0x0460, 0x03E0, 0x0300, 0x02A0, 0x0260,
  0x0220, 0x0200, 0x01E0, 0x0220, 0x0260, 0x02A0, 0x0300, 0x0380, 0x0460, 0x04A0, 0x14C1, 0x7F4F,
  0xB7F6, 0x6F0D, 0x0500, 0x0540, 0x0540, 0x0540, 0x0540, 0x0D41, 0x674C, 0x9FF3, 0x674B, 0x0D60,
  0x0580, 0x05A0, 0x0580, 0x0540, 0x56EA, 0x8FF1, 0x6F2D, 0x0CA1, 0x0440, 0x0400, 0x0320, 0x0260,
  0x01E0, 0x01A0, 0x0140, 0x0100, 0x00E0, 0x00A0, 0x0060, 0x0040, 0x0040, 0x0040, 0x0040, 0x0020,
  0x0020, 0x0000, 0x0000, 0x0000, 0x0000, 0x0000, 0x0000, 0x0020, 0x0040, 0x0040, 0x0040, 0x0040,
  0x0040, 0x0080, 0x00C0, 0x00E0, 0x0140, 0x0180, 0x01E0, 0x0240, 0x0300, 0x03E0, 0x0460, 0x0480,
  0x66EB, 0x97F1, 0x5F2B, 0x0D21, 0x0540, 0x05A0, 0x0580, 0x0540, 0x570B, 0xA7F4, 0x776E, 0x0D61,
  0x0520, 0x0560, 0x0560, 0x0520, 0x0500, 0x670C, 0xB7F6, 0x7F6F, 0x1D02, 0x0480, 0x0440, 0x0380,
  0x02E0, 0x02A0, 0x0240, 0x0200, 0x01C0, 0x01C0, 0x01E0, 0x0200, 0x0220, 0x0260, 0x02A0, 0x02E0,
  0x0320, 0x0360, 0x0360, 0x0360, 0x0380, 0x0380, 0x0380, 0x0380, 0x0380, 0x0380, 0x0360, 0x0360,
  0x0340, 0x0380, 0x03E0, 0x0420, 0x03E0, 0x03E0, 0x03E0, 0x03E0, 0x03E0, 0x03E0, 0x03E0, 0x03E0,
  0x03E0, 0x03E0, 0x03E0, 0x03E0, 0x0400, 0x0400, 0x03E0, 0x03A0, 0x0340, 0x0340, 0x0320, 0x0340,
  0x0380, 0x03E0, 0x0421, 0x0400, 0x03C0, 0x3D88, 0x97B3, 0xA7F4, 0x4FA9, 0x0781, 0x07E0, 0x07E0,
  0x07E0, 0x07E0, 0x07E0, 0x07E0, 0x07E0, 0x07E0, 0x07E0, 0x1F83, 0x87D1, 0x9FF4, 0x2D45, 0x0420,
  0x0421, 0x0340, 0x02C0, 0x0260, 0x0220, 0x0200, 0x01E0, 0x0200, 0x0240, 0x02A0, 0x02E0, 0x0360,
  0x0420, 0x04A0, 0x0480, 0x5EAB, 0xB7F6, 0x8F90, 0x1542, 0x0520, 0x0540, 0x0540, 0x0540, 0x0520,
  0x4EC9, 0x9FF3, 0x77AE, 0x15A2, 0x0560, 0x05A0, 0x0580, 0x0520, 0x4688, 0x87F1, 0x7F8F, 0x1D03,
  0x0440, 0x0420, 0x0340, 0x0280, 0x01E0, 0x01A0, 0x0140, 0x0100, 0x00E0, 0x00A0, 0x0060, 0x0040,
  0x0040, 0x0040, 0x0040, 0x0020, 0x0020, 0x0000, 0x0000, 0x0000, 0x0000, 0x0000, 0x0000, 0x0020,
  0x0040, 0x0040, 0x0040, 0x0040, 0x0060, 0x00A0, 0x00C0, 0x00E0, 0x0140, 0x0180, 0x01E0, 0x0260,
  0x0300, 0x0400, 0x0460, 0x0CC1, 0x6F4D, 0x97F1, 0x4EC9, 0x0500, 0x0560, 0x05C1, 0x0580, 0x0D61,
  0x6F6D, 0xA7F3, 0x670B, 0x0540, 0x0540, 0x0560, 0x0540, 0x0500, 0x1522, 0x7F6F, 0xB7F6, 0x6EED,
  0x04C0, 0x0480, 0x0400, 0x0340, 0x02E0, 0x02A0, 0x0240, 0x01E0, 0x01C0, 0x01C0, 0x01C0, 0x01C0,
  0x0200, 0x0220, 0x0240, 0x0260, 0x0280, 0x02A0, 0x0280, 0x02A0, 0x02A0, 0x0280, 0x0280, 0x0280,
  0x0280, 0x0280, 0x0280, 0x0280, 0x02A0, 0x0320, 0x0BE0, 0x0420, 0x35A6, 0x5E6B, 0x5E6B, 0x5E6B,
  0x5E6B, 0x5E6B, 0x5E6B, 0x5E6B, 0x5E6B, 0x5E6B, 0x5E4B, 0x5E6B, 0x5E6A, 0x2504, 0x03E0, 0x0BE1,
  0x0300, 0x0280, 0x0260, 0x0260, 0x0280, 0x02E0, 0x0360, 0x03C1, 0x0401, 0x03E0, 0x3D88, 0xA7D5,
  0x97F2, 0x2F86, 0x07C0, 0x07E0, 0x07E0, 0x07E0, 0x07E0, 0x07E0, 0x07E0, 0x07E0, 0x07E0, 0x1782,
  0x6FAD, 0xA7F4, 0x45C8, 0x0420, 0x0461, 0x0380, 0x02C0, 0x0280, 0x0220, 0x0200, 0x01E0, 0x0200,
  0x0220, 0x0280, 0x02C0, 0x0340, 0x03C0, 0x04A0, 0x04A0, 0x4648, 0xAFF5, 0x9FF3, 0x2DC5, 0x0500,
  0x0560, 0x0540, 0x0560, 0x0520, 0x3E47, 0x97F2, 0x87F0, 0x25C4, 0x0540, 0x05C0, 0x0580, 0x0500,
  0x3626, 0x87F0, 0x87B1, 0x2584, 0x0440, 0x0440, 0x0360, 0x02A0, 0x0200, 0x01A0, 0x0160, 0x0100,
  0x00E0, 0x00A0, 0x0060, 0x0040, 0x0040, 0x0040, 0x0040, 0x0040, 0x0020, 0x0000, 0x0000, 0x0000,
  0x0000, 0x0000, 0x0000, 0x0020, 0x0040, 0x0040, 0x0040, 0x0040, 0x0060, 0x00A0, 0x00C0, 0x00E0,
  0x0140, 0x0180, 0x01E0, 0x0280, 0x0320, 0x0420, 0x0460, 0x1522, 0x7F8E, 0x8FF1, 0x3E67, 0x0500,
  0x0581, 0x05C1, 0x0560, 0x15A3, 0x7F8F, 0x9FF3, 0x56A9, 0x0520, 0x0540, 0x0560, 0x0540, 0x04E0,
  0x2584, 0x8FD1, 0xB7F6, 0x5669, 0x04A0, 0x0480, 0x03E0, 0x0320, 0x02C0, 0x0280, 0x0220, 0x01C0,
  0x01A0, 0x01A0, 0x01A0, 0x01A0, 0x01C0, 0x01E0, 0x0200, 0x0220, 0x0240, 0x0240, 0x0240, 0x0220,
  0x0220, 0x0220, 0x0220, 0x0220, 0x0220, 0x0220, 0x0220, 0x0260, 0x02C0, 0x0BA1, 0x03E0, 0x1482,
  0x8F91, 0xB7F7, 0xB7F7, 0xB7F7, 0xB7F7, 0xB7F7, 0xB7F7, 0xB7F7, 0xB7F7, 0xB7F7, 0xB7F7, 0xB7F6,
  0xBFF7, 0x6E8D, 0x0400, 0x0400, 0x0320, 0x0260, 0x0200, 0x01E0, 0x0200, 0x0240, 0x02A0, 0x0300,
  0x03A0, 0x0420, 0x03E0, 0x666C, 0xB7F6, 0x6FCD, 0x07C0, 0x07E0, 0x07E0, 0x07E0, 0x07E0, 0x07E0,
  0x07E0, 0x07E0, 0x07E0, 0x0F81, 0x57AA, 0xA7F5, 0x5E4B, 0x0440, 0x0460, 0x0380, 0x02E0, 0x0280,
  0x0240, 0x0200, 0x0200, 0x01E0, 0x0220, 0x0260, 0x02A0, 0x0300, 0x03C0, 0x0480, 0x04A0, 0x2DC5,
  0xA7F4, 0xA7F4, 0x3E27, 0x0500, 0x0560, 0x0560, 0x0560, 0x0520, 0x3606, 0x8FD1, 0x8FF1, 0x3606,
  0x0540, 0x05C0, 0x05A0, 0x0520, 0x25C4, 0x7FB0, 0x8FD2, 0x35C6, 0x0440, 0x0440, 0x0380, 0x02C0,
  0x0200, 0x01C0, 0x0160, 0x0120, 0x00E0, 0x00A0, 0x0060, 0x0040, 0x0040, 0x0040, 0x0040, 0x0040,
  0x0020, 0x0000, 0x0000, 0x0000, 0x0000, 0x0000, 0x0000, 0x0020, 0x0040, 0x0040, 0x0040, 0x0040,
  0x0060, 0x00A0, 0x00C0, 0x0100, 0x0160, 0x01A0, 0x0200, 0x02A0, 0x0360, 0x0440, 0x0440, 0x1D43,
  0x87B0, 0x87F0, 0x2E46, 0x0520, 0x0580, 0x05C0, 0x0560, 0x25C4, 0x87B0, 0x97F2, 0x4668, 0x0520,
  0x0540, 0x0560, 0x0560, 0x0500, 0x2DC6, 0x9FF4, 0xAFF5, 0x45E7, 0x0480, 0x0480, 0x03C0, 0x0320,
  0x02C0, 0x0260, 0x0200, 0x01C0, 0x01A0, 0x0180, 0x0180, 0x0180, 0x01A0, 0x01A0, 0x01A0, 0x01E0,
  0x01E0, 0x01E0, 0x01E0, 0x01C0, 0x01C0, 0x01C0, 0x01C0, 0x01C0, 0x01C0, 0x01C0, 0x01E0, 0x0240,
  0x02E0, 0x0BE1, 0x03C0, 0x3D46, 0xA7F4, 0x8FF1, 0x576A, 0x4FAA, 0x4FAA, 0x4FAA, 0x4FAA, 0x4FA9,
  0x4FAA, 0x4FA9, 0x5F6B, 0x97B2, 0xAFF5, 0x4DA9, 0x03E0, 0x0400, 0x0320, 0x0260, 0x01C0, 0x01A0,
  0x01C0, 0x01C0, 0x0220, 0x0260, 0x0300, 0x0BE1, 0x03E0, 0x24A3, 0xA7B3, 0x97F2, 0x1FA4, 0x07C0,
  0x07E0, 0x07E0, 0x07E0, 0x07E0, 0x07E0, 0x07E0, 0x07E0, 0x07A1, 0x47A8, 0xAFF5, 0x6E8D, 0x0460,
  0x0460, 0x0380, 0x02E0, 0x0280, 0x0240, 0x0200, 0x0200, 0x01E0, 0x0200, 0x0260, 0x02A0, 0x0300,
  0x03A0, 0x0460, 0x04A0, 0x1D43, 0x9792, 0xAFF5, 0x568A, 0x0500, 0x0560, 0x0540, 0x0560, 0x0520,
  0x1DA3, 0x87CF, 0x97F2, 0x4627, 0x0520, 0x05A0, 0x05A0, 0x0520, 0x15A3, 0x77AE, 0x97F2, 0x4628,
  0x0440, 0x0440, 0x03A0, 0x02E0, 0x0240, 0x01C0, 0x0180, 0x0120, 0x00E0, 0x00C0, 0x0080, 0x0040,
  0x0040, 0x0040, 0x0040, 0x0040, 0x0020, 0x0020, 0x0000, 0x0000, 0x0000, 0x0000, 0x0000, 0x0020,
  0x0040, 0x0040, 0x0040, 0x0040, 0x0060, 0x00A0, 0x00C0, 0x0100, 0x0160, 0x01C0, 0x0200, 0x02A0,
  0x0360, 0x0440, 0x0420, 0x2D85, 0x87F0, 0x7FF0, 0x2625, 0x0520, 0x0580, 0x05A0, 0x0540, 0x2DE5,
  0x8FD0, 0x8FF1, 0x3647, 0x0520, 0x0540, 0x0540, 0x0560, 0x0500, 0x3E08, 0xAFF5, 0xA7D4, 0x3586,
  0x0480, 0x0480, 0x03C0, 0x0320, 0x02A0, 0x0240, 0x0200, 0x01A0, 0x01A0, 0x0180, 0x0180, 0x0180,
  0x0180, 0x0180, 0x0180, 0x0180, 0x0180, 0x0180, 0x0180, 0x0180, 0x0180, 0x0160, 0x0160, 0x0160,
  0x0180, 0x01C0, 0x0200, 0x0260, 0x0320, 0x0400, 0x03E0, 0x662C, 0xAFF5, 0x5FAB, 0x1781, 0x07C0,
  0x07C0, 0x07C0, 0x07C0, 0x07C0, 0x07C0, 0x07A0, 0x2764, 0x97F2, 0x97D3, 0x24C4, 0x03E0, 0x0BC0,
  0x02E0, 0x0220, 0x01C0, 0x0180, 0x0180, 0x01A0, 0x01E0, 0x0220, 0x0280, 0x0381, 0x0400, 0x0C20,
  0x86CE, 0x9FF3, 0x3787, 0x07A0, 0x07E0, 0x07E0, 0x07E0, 0x07E0, 0x07E0, 0x07E0, 0x07E0, 0x07A0,
  0x47A8, 0xAFF5, 0x768D, 0x0440, 0x0440, 0x0380, 0x02C0, 0x0280, 0x0240, 0x0200, 0x01E0, 0x01E0,
  0x0200, 0x0240, 0x02A0, 0x02E0, 0x0380, 0x0440, 0x04A0, 0x1502, 0x8751, 0xB7F6, 0x66CC, 0x0500,
  0x0560, 0x0540, 0x0540, 0x0520, 0x1582, 0x77AE, 0x9FF3, 0x4E69, 0x0520, 0x05A0, 0x05C0, 0x0520,
  0x0D81, 0x6F8D, 0x97F2, 0x4E69, 0x0420, 0x0441, 0x03C0, 0x02E0, 0x0240, 0x01C0, 0x0180, 0x0120,
  0x00E0, 0x00C0, 0x0080, 0x0040, 0x0040, 0x0040, 0x0040, 0x0040, 0x0020, 0x0020, 0x0000, 0x0000,
  0x0000, 0x0000, 0x0000, 0x0020, 0x0040, 0x0040, 0x0040, 0x0040, 0x0060, 0x00A0, 0x00C0, 0x0100,
  0x0160, 0x01C0, 0x0200, 0x02A0, 0x0360, 0x0440, 0x0440, 0x35E6, 0x8FF1, 0x7FCF, 0x1DE3, 0x0520,
  0x05A0, 0x05C0, 0x0540, 0x3647, 0x97F2, 0x8FF1, 0x2DE5, 0x0520, 0x0540, 0x0540, 0x0560, 0x0500,
  0x4E6A, 0xAFF5, 0x9FB3, 0x2524, 0x0460, 0x0460, 0x03A0, 0x0300, 0x02A0, 0x0240, 0x01E0, 0x01A0,
  0x0180, 0x0160, 0x0160, 0x0160, 0x0160, 0x0160, 0x0160, 0x0160, 0x0140, 0x0140, 0x0140, 0x0140,
  0x0140, 0x0140, 0x0140, 0x0140, 0x0160, 0x01C0, 0x0220, 0x02A0, 0x0380, 0x0400, 0x1462, 0x8F31,
  0x9FF3, 0x3786, 0x0FC0, 0x07E0, 0x07E0, 0x07E0, 0x07E0, 0x07E0, 0x07E0, 0x07C0, 0x47A8, 0xB7F6,
  0x770E, 0x0420, 0x0400, 0x0360, 0x0280, 0x0200, 0x01C0, 0x0160, 0x0140, 0x0160, 0x01A0, 0x01E0,
  0x0240, 0x0300, 0x0400, 0x03E0, 0x662B, 0xA7F4, 0x57AA, 0x0FA1, 0x07E0, 0x07E0, 0x07E0, 0x07E0,
  0x07E0, 0x07E0, 0x07E0, 0x07A1, 0x47A9, 0xA7F5, 0x664C, 0x0420, 0x0440, 0x0380, 0x02C0, 0x0280,
  0x0240, 0x0200, 0x01E0, 0x01E0, 0x0200, 0x0240, 0x0280, 0x02E0, 0x0360, 0x0440, 0x04A0, 0x0CC1,
  0x7F0F, 0xB7F6, 0x770D, 0x0D21, 0x0540, 0x0560, 0x0540, 0x0540, 0x1561, 0x6F6D, 0x9FF3, 0x5ECB,
  0x0540, 0x05A0, 0x05A0, 0x0540, 0x0D61, 0x674C, 0x97F2, 0x56AA, 0x0440, 0x0441, 0x03C0, 0x02E0,
  0x0240, 0x01C0, 0x0180, 0x0120, 0x00E0, 0x00C0, 0x0080, 0x0040, 0x0040, 0x0040, 0x0040, 0x0040,
  0x0020, 0x0020, 0x0000, 0x0000, 0x0000, 0x0000, 0x0000, 0x0020, 0x0040, 0x0040, 0x0040, 0x0040,
  0x0060, 0x00A0, 0x00E0, 0x0120, 0x0180, 0x01C0, 0x0220, 0x02A0, 0x0380, 0x0440, 0x0440, 0x3E07,
  0x8FF1, 0x77AE, 0x15A3, 0x0520, 0x05A0, 0x05A0, 0x0540, 0x3E67, 0x97F2, 0x87D0, 0x25A4, 0x0520,
  0x0540, 0x0540, 0x0540, 0x0500, 0x5EAB, 0xB7F6, 0x8F51, 0x1CE3, 0x0480, 0x0440, 0x0360, 0x02E0,
  0x0280, 0x0220, 0x01E0, 0x01A0, 0x0180, 0x0160, 0x0140, 0x0140, 0x0140, 0x0140, 0x0140, 0x0140,
  0x0120, 0x0120, 0x0120, 0x0120, 0x0120, 0x0120, 0x0120, 0x0140, 0x0180, 0x01E0, 0x0240, 0x02E0,
  0x0BE0, 0x03E0, 0x2D25, 0xAFF5, 0x7FEF, 0x17C2, 0x07E0, 0x07E0, 0x07E0, 0x07E0, 0x07E0, 0x07E0,
  0x07E0, 0x0F81, 0x67EC, 0xBFF7, 0x4DE9, 0x0400, 0x03E0, 0x0300, 0x0260, 0x01E0, 0x0180, 0x0140,
  0x0120, 0x0140, 0x01A0, 0x01E0, 0x0240, 0x0300, 0x03E0, 0x0400, 0x55EA, 0xAFF5, 0x678B, 0x1781,
  0x07E0, 0x07E0, 0x07E0, 0x07E0, 0x07E0, 0x07E0, 0x07E0, 0x0FA1, 0x578A, 0xAFF5, 0x5E0A, 0x0420,
  0x0C21, 0x0340, 0x02C0, 0x0280, 0x0240, 0x0200, 0x01E0, 0x01E0, 0x01E0, 0x0220, 0x0280, 0x02E0,
  0x0340, 0x0420, 0x04A0, 0x04A1, 0x6ECD, 0xB7F6, 0x7F4F, 0x0D41, 0x0520, 0x0560, 0x0540, 0x0540,
  0x0D41, 0x674C, 0x9FF3, 0x670C, 0x0560, 0x05A0, 0x05A0, 0x0540, 0x0540, 0x5F2B, 0x97F2, 0x5ECB,
  0x0460, 0x0440, 0x03C0, 0x0300, 0x0260, 0x01E0, 0x0180, 0x0140, 0x00E0, 0x00C0, 0x0080, 0x0060,
  0x0040, 0x0040, 0x0040, 0x0040, 0x0020, 0x0020, 0x0000, 0x0000, 0x0000, 0x0000, 0x0000, 0x0020,
  0x0040, 0x0040, 0x0040, 0x0040, 0x0060, 0x00A0, 0x00E0, 0x0120, 0x0180, 0x01C0, 0x0220, 0x02A0,
  0x03A0, 0x0440, 0x0440, 0x4628, 0x8FF1, 0x77AE, 0x15A2, 0x0520, 0x05A0, 0x05A0, 0x0540, 0x4688,
  0x9FF2, 0x7FAF, 0x1D83, 0x0520, 0x0540, 0x0540, 0x0540, 0x0500, 0x66CC, 0xB7F6, 0x8F31, 0x14E2,
  0x0480, 0x0420, 0x0360, 0x02E0, 0x0280, 0x0220, 0x01C0, 0x01A0, 0x0180, 0x0160, 0x0140, 0x0140,
  0x0120, 0x0120, 0x0120, 0x0120, 0x0100, 0x0100, 0x0100, 0x0100, 0x0100, 0x0100, 0x0120, 0x0140,
  0x01A0, 0x0200, 0x0260, 0x0320, 0x0C00, 0x03E0, 0x562A, 0xB7F6, 0x67CC, 0x07C0, 0x07E0, 0x07E0,
  0x07E0, 0x07E0, 0x07E0, 0x07E0, 0x07C0, 0x2764, 0x87F0, 0xA7B4, 0x2CE5, 0x0400, 0x03C0, 0x02C0,
  0x0240, 0x01E0, 0x0160, 0x0120, 0x0100, 0x0120, 0x0180, 0x01E0, 0x0240, 0x0300, 0x03E0, 0x03E0,
  0x560A, 0xAFF5, 0x5F8B, 0x1781, 0x07E0, 0x07E0, 0x07E0, 0x07E0, 0x07E0, 0x07E0, 0x07E0, 0x17A2,
  0x6FCD, 0xA7F4, 0x4588, 0x0420, 0x0C21, 0x0340, 0x02A0, 0x0280, 0x0220, 0x0200, 0x01E0, 0x01C0,
  0x01E0, 0x0220, 0x0260, 0x02E0, 0x0340, 0x0420, 0x04A0, 0x04A0, 0x668C, 0xB7F5, 0x8770, 0x1542,
  0x0520, 0x0540, 0x0540, 0x0540, 0x0D20, 0x672C, 0x9FF3, 0x672C, 0x0560, 0x05A0, 0x05A0, 0x0540,
  0x0540, 0x5F0B, 0x97F1, 0x5F0C, 0x0C61, 0x0440, 0x03C0, 0x0300, 0x0260, 0x01E0, 0x01A0, 0x0140,
  0x00E0, 0x00C0, 0x0080, 0x0060, 0x0040, 0x0040, 0x0040, 0x0040, 0x0020, 0x0020, 0x0000, 0x0000,
  0x0000, 0x0000, 0x0000, 0x0020, 0x0040, 0x0040, 0x0040, 0x0040, 0x0060, 0x00C0, 0x00E0, 0x0120,
  0x0180, 0x01C0, 0x0220, 0x02C0, 0x03A0, 0x0440, 0x0440, 0x4668, 0x97F2, 0x6F6D, 0x1582, 0x0540,
  0x05A0, 0x05A0, 0x0540, 0x46A9, 0x9FF3, 0x7FAE, 0x1DA3, 0x0520, 0x0540, 0x0540, 0x0520, 0x0500,
  0x6EED, 0xBFF6, 0x8730, 0x14C2, 0x0480, 0x0420, 0x0340, 0x02E0, 0x0280, 0x0220, 0x01C0, 0x01A0,
  0x0180, 0x0160, 0x0140, 0x0120, 0x0100, 0x0100, 0x0100, 0x0100, 0x00E0, 0x00E0, 0x00E0, 0x00E0,
  0x00E0, 0x0100, 0x0120, 0x0140, 0x01C0, 0x0220, 0x02A0, 0x0360, 0x0400, 0x0C41, 0x7F2F, 0xAFF4,
  0x47A8, 0x07C0, 0x07E0, 0x07E0, 0x07E0, 0x07E0, 0x07E0, 0x07E0, 0x07A0, 0x4788, 0xA7F4, 0x7F0F,
  0x1421, 0x0C00, 0x0360, 0x0280, 0x0220, 0x01C0, 0x0160, 0x0100, 0x0100, 0x0120, 0x0180, 0x01E0,
  0x0240, 0x0320, 0x0400, 0x03E0, 0x664C, 0xAFF4, 0x57AA, 0x0FA1, 0x07E0, 0x07E0, 0x07E0, 0x07E0,
  0x07E0, 0x07E0, 0x07E0, 0x1F82, 0x87F0, 0x9FF3, 0x2D05, 0x0420, 0x0C01, 0x0320, 0x02A0, 0x0260,
  0x0220, 0x01E0, 0x01C0, 0x01C0, 0x01E0, 0x0200, 0x0260, 0x02C0, 0x0320, 0x0400, 0x04A0, 0x0480,
  0x5E6B, 0xB7F5, 0x8F71, 0x1D63, 0x0520, 0x0540, 0x0540, 0x0540, 0x0520, 0x5F0B, 0x9FF3, 0x6F4D,
  0x0560, 0x0580, 0x05A0, 0x0540, 0x0520, 0x56EA, 0x8FF1, 0x672C, 0x0C81, 0x0420, 0x03C0, 0x0300,
  0x0260, 0x01E0, 0x01A0, 0x0140, 0x00E0, 0x00C0, 0x0080, 0x0060, 0x0040, 0x0040, 0x0040, 0x0040,
  0x0020, 0x0020, 0x0000, 0x0000, 0x0000, 0x0000, 0x0000, 0x0040, 0x0040, 0x0040, 0x0040, 0x0040,
  0x0080, 0x00C0, 0x00E0, 0x0120, 0x0180, 0x01C0, 0x0220, 0x02C0, 0x03A0, 0x0440, 0x0460, 0x4E89,
  0x8FF1, 0x6F6D, 0x1582, 0x0540, 0x05A0, 0x05A0, 0x0540, 0x4EA9, 0x9FF3, 0x77AE, 0x1D83, 0x0520,
  0x0540, 0x0540, 0x0520, 0x0500, 0x770E, 0xBFF6, 0x7F0F, 0x0CA1, 0x0480, 0x0420, 0x0340, 0x02C0,
  0x0260, 0x0220, 0x01C0, 0x0180, 0x0180, 0x0160, 0x0120, 0x0120, 0x0100, 0x0100, 0x00E0, 0x00E0,
  0x00E0, 0x00E0, 0x00E0, 0x00E0, 0x0100, 0x0120, 0x0140, 0x0180, 0x01E0, 0x0240, 0x02E0, 0x03C1,
  0x03E0, 0x2CC5, 0x9FB3, 0x8FF1, 0x2784, 0x07E0, 0x07E0, 0x07E0, 0x07E0, 0x07E0, 0x07E0, 0x07E0,
  0x0F81, 0x6FAC, 0xB7F6, 0x564B, 0x03E0, 0x03E1, 0x0300, 0x0280, 0x0200, 0x01A0, 0x0140, 0x0100,
  0x0100, 0x0140, 0x01A0, 0x01E0, 0x0260, 0x0340, 0x0400, 0x0420, 0x6EAD, 0x9FF3, 0x3FA7, 0x07C1,
  0x07E0, 0x07E0, 0x07E0, 0x07E0, 0x07E0, 0x07E0, 0x07E0, 0x2F85, 0xA7F4, 0x8F91, 0x14A2, 0x0C40,
  0x03E0, 0x0300, 0x0280, 0x0240, 0x0200, 0x01E0, 0x01C0, 0x01C0, 0x01E0, 0x0200, 0x0260, 0x02A0,
  0x0320, 0x0400, 0x04A0, 0x0480, 0x5E6A, 0xAFF5, 0x8F91, 0x1D63, 0x0520, 0x0540, 0x0540, 0x0560,
  0x0520, 0x5F0B, 0x9FF3, 0x6F6D, 0x0D61, 0x0580, 0x05A0, 0x0560, 0x0520, 0x56EA, 0x97F1, 0x672C,
  0x0CA1, 0x0420, 0x03E0, 0x0300, 0x0260, 0x01E0, 0x01A0, 0x0140, 0x00E0, 0x00C0, 0x0080, 0x0060,
  0x0040, 0x0040, 0x0040, 0x0040, 0x0020, 0x0020, 0x0000, 0x0000, 0x0000, 0x0000, 0x0000, 0x0040,
  0x0040, 0x0040, 0x0040, 0x0040, 0x0080, 0x00C0, 0x00E0, 0x0120, 0x0180, 0x01C0, 0x0220, 0x02C0,
  0x03A0, 0x0440, 0x0460, 0x4E88, 0x8FF1, 0x6F6D, 0x1582, 0x0540, 0x05A0, 0x05A0, 0x0540, 0x4EA9,
  0x9FF3, 0x77AE, 0x1D62, 0x0520, 0x0540, 0x0540, 0x0520, 0x0500, 0x770E, 0xBFF6, 0x7F0F, 0x0CA1,
  0x0480, 0x0420, 0x0340, 0x02C0, 0x0260, 0x0200, 0x01C0, 0x0180, 0x0180, 0x0160, 0x0120, 0x0120,
  0x0100, 0x00E0, 0x00E0, 0x00E0, 0x00E0, 0x00E0, 0x00E0, 0x00E0, 0x0100, 0x0120, 0x0160, 0x01A0,
  0x01E0, 0x0260, 0x0320, 0x0C01, 0x03E0, 0x55CA, 0xB7F6, 0x67CC, 0x1781, 0x07E0, 0x07E0, 0x07E0,
  0x07E0, 0x07E0, 0x07E0, 0x07E0, 0x17A3, 0x8FF1, 0xAFD4, 0x2505, 0x03E0, 0x03C1, 0x02C0, 0x0240,
  0x01E0, 0x0180, 0x0120, 0x0100, 0x0100, 0x0160, 0x01C0, 0x0220, 0x02A0, 0x03A0, 0x0420, 0x0C82,
  0x8F71, 0x97F2, 0x2784, 0x07A0, 0x07E0, 0x07E0, 0x07E0, 0x07E0, 0x07E0, 0x07E0, 0x07A0, 0x4FC9,
  0xB7F6, 0x668C, 0x0420, 0x0C21, 0x03A0, 0x02E0, 0x0280, 0x0220, 0x0200, 0x01E0, 0x01C0, 0x01C0,
  0x01E0, 0x0200, 0x0260, 0x02A0, 0x0320, 0x0400, 0x04A0, 0x0480, 0x5E6A, 0xAFF5, 0x8F91, 0x1D63,
  0x0520, 0x0540, 0x0540, 0x0560, 0x0520, 0x5F0B, 0x9FF3, 0x6F6D, 0x0D61, 0x0580, 0x05A0, 0x0560,
  0x0520, 0x56EA, 0x97F2, 0x672C, 0x0CA1, 0x0420, 0x03E0, 0x0300, 0x0260, 0x01E0, 0x01A0, 0x0140,
  0x00E0, 0x00C0, 0x0080, 0x0060, 0x0040, 0x0040, 0x0040, 0x0040, 0x0020, 0x0020, 0x0000, 0x0000,
  0x0000, 0x0000, 0x0000, 0x0040, 0x0040, 0x0040, 0x0040, 0x0040, 0x0080, 0x00C0, 0x00E0, 0x0120,
  0x0180, 0x01C0, 0x0220, 0x02C0, 0x03C0, 0x0440, 0x0460, 0x4E88, 0x8FF1, 0x6F6D, 0x1582, 0x0540,
  0x05A0, 0x05A0, 0x0540, 0x4EA9, 0x9FF3, 0x77AE, 0x1D62, 0x0520, 0x0540, 0x0540, 0x0520, 0x0501,
  0x770E, 0xB7F6, 0x7F0F, 0x0CA1, 0x0480, 0x0420, 0x0340, 0x02C0, 0x0260, 0x0200, 0x01C0, 0x0180,
  0x0180, 0x0140, 0x0120, 0x0120, 0x0100, 0x00E0, 0x00E0, 0x00E0, 0x00E0, 0x00E0, 0x00E0, 0x00E0,
  0x0100, 0x0140, 0x01A0, 0x01C0, 0x0200, 0x02A0, 0x0360, 0x0400, 0x0421, 0x76EF, 0xAFF6, 0x47C8,
  0x0FE1, 0x07E0, 0x07E0, 0x07E0, 0x07E0, 0x07E0, 0x07E0, 0x07A0, 0x37A6, 0x9FF3, 0x8F10, 0x0C41,
  0x0421, 0x0381, 0x02A0, 0x0200, 0x01A0, 0x0160, 0x0100, 0x0100, 0x0140, 0x0180, 0x01E0, 0x0240,
  0x02C0, 0x0BE0, 0x03E0, 0x2D25, 0xAFF4, 0x87EF, 0x1782, 0x07E0, 0x07E0, 0x07E0, 0x07E0, 0x07E0,
  0x07E0, 0x07E0, 0x1F82, 0x77EE, 0xB7F6, 0x3D67, 0x0400, 0x0C01, 0x0340, 0x02E0, 0x0280, 0x0220,
  0x01E0, 0x01C0, 0x01C0, 0x01C0, 0x01E0, 0x0200, 0x0260, 0x02A0, 0x0320, 0x0400, 0x04A0, 0x0480,
  0x5E6A, 0xAFF5, 0x8F91, 0x1D63, 0x0520, 0x0540, 0x0540, 0x0560, 0x0520, 0x5F0B, 0x9FF3, 0x6F6D,
  0x0D61, 0x0580, 0x05C1, 0x0560, 0x0520, 0x56EA, 0x97F2, 0x672C, 0x0CA1, 0x0420, 0x03E0, 0x0300,
  0x0260, 0x01E0, 0x01A0, 0x0140, 0x00E0, 0x00C0, 0x0080, 0x0060, 0x0040, 0x0040, 0x0040, 0x0040,
  0x0020, 0x0020, 0x0000, 0x0000, 0x0000, 0x0000, 0x0000, 0x0020, 0x0040, 0x0040, 0x0040, 0x0040,
  0x0080, 0x00C0, 0x00E0, 0x0120, 0x0180, 0x01C0, 0x0220, 0x02C0, 0x03A0, 0x0440, 0x0440, 0x4668,
  0x8FF1, 0x6F6D, 0x1582, 0x0540, 0x05A0, 0x05A0, 0x0540, 0x4EA9, 0x9FF3, 0x7FAF, 0x1562, 0x0520,
  0x0560, 0x0560, 0x0540, 0x0500, 0x6EEE, 0xB7F6, 0x8730, 0x0CA1, 0x0480, 0x0420, 0x0340, 0x02C0,
  0x0260, 0x0200, 0x01A0, 0x0180, 0x0160, 0x0140, 0x0120, 0x0100, 0x00E0, 0x00E0, 0x00E0, 0x00E0,
  0x00E0, 0x00E0, 0x00E0, 0x0100, 0x0100, 0x0140, 0x01A0, 0x01E0, 0x0220, 0x02C0, 0x03C0, 0x03E0,
  0x1CA4, 0x97B2, 0x9FF3, 0x2784, 0x07E0, 0x07E0, 0x07E0, 0x07E0, 0x07E0, 0x07E0, 0x07E0, 0x0F82,
  0x57AA, 0xA7F4, 0x662B, 0x03E0, 0x0401, 0x0320, 0x0260, 0x01E0, 0x01A0, 0x0140, 0x0100, 0x0120,
  0x0180, 0x01C0, 0x0200, 0x0280, 0x0320, 0x0C00, 0x03E0, 0x562A, 0xB7F5, 0x67AB, 0x07A1, 0x07E0,
  0x07E0, 0x07E0, 0x07E0, 0x07E0, 0x07E0, 0x07A0, 0x4787, 0xA7F3, 0x9772, 0x1483, 0x0420, 0x03C1,
  0x0300, 0x02A0, 0x0240, 0x0200, 0x01E0, 0x01C0, 0x01C0, 0x01C0, 0x01C0, 0x0200, 0x0260, 0x02C0,
  0x0320, 0x0400, 0x04A0, 0x0480, 0x5E6A, 0xAFF5, 0x8F91, 0x1D63, 0x0520, 0x0540, 0x0540, 0x0560,
  0x0541, 0x5F0B, 0x9FF3, 0x6F4D, 0x0D61, 0x0580, 0x05A0, 0x0560, 0x0520, 0x56CA, 0x97F1, 0x672C,
  0x0CA1, 0x0420, 0x03E0, 0x0300, 0x0240, 0x01E0, 0x01A0, 0x0140, 0x00E0, 0x00C0, 0x0080, 0x0060,
  0x0040, 0x0040, 0x0040, 0x0040, 0x0020, 0x0020, 0x0000, 0x0000, 0x0000, 0x0000, 0x0000, 0x0020,
  0x0040, 0x0040, 0x0040, 0x0040, 0x0080, 0x00C0, 0x00E0, 0x0120, 0x0180, 0x01C0, 0x0220, 0x02C0,
  0x03A0, 0x0440, 0x0440, 0x4648, 0x8FF1, 0x778E, 0x15A2, 0x0540, 0x05A0, 0x05A0, 0x0540, 0x4E89,
  0x9FF3, 0x7FAF, 0x1D83, 0x0520, 0x0560, 0x0560, 0x0540, 0x04E0, 0x6ECD, 0xB7F6, 0x8750, 0x14C2,
  0x04A0, 0x0420, 0x0340, 0x02C0, 0x0260, 0x0200, 0x01A0, 0x0180, 0x0160, 0x0140, 0x0120, 0x0100,
  0x00E0, 0x00E0, 0x00E0, 0x00E0, 0x00E0, 0x00E0, 0x0100, 0x0100, 0x0120, 0x0160, 0x01A0, 0x0200,
  0x0240, 0x0300, 0x03E1, 0x03E0, 0x4568, 0xAFF5, 0x77CE, 0x1782, 0x07E0, 0x07E0, 0x07E0, 0x07E0,
  0x07E0, 0x07E0, 0x07E0, 0x1FA3, 0x7FEF, 0xA7F3, 0x3D46, 0x0400, 0x03C0, 0x02E0, 0x0240, 0x01C0,
  0x0180, 0x0120, 0x0100, 0x0140, 0x0180, 0x01C0, 0x0240, 0x02A0, 0x03A0, 0x0400, 0x1462, 0x8F50,
  0xA7F3, 0x3FA7, 0x07C0, 0x07E0, 0x07E0, 0x07E0, 0x07E0, 0x07E0, 0x07E0, 0x0F81, 0x6FAD, 0xB7F5,
  0x564A, 0x0420, 0x0441, 0x0381, 0x02C0, 0x0260, 0x0220, 0x0200, 0x01E0, 0x01C0, 0x01C0, 0x01C0,
  0x01E0, 0x0200, 0x0260, 0x02C0, 0x0320, 0x0400, 0x04A0, 0x0480, 0x5E8B, 0xB7F5, 0x8F71, 0x1542,
  0x0520, 0x0540, 0x0540, 0x0540, 0x0541, 0x5F2B, 0x9FF3, 0x6F2D, 0x0561, 0x0580, 0x05A0, 0x0560,
  0x0520, 0x5F0A, 0x97F1, 0x670C, 0x0C81, 0x0440, 0x03E0, 0x0300, 0x0240, 0x01E0, 0x01A0, 0x0140,
  0x00E0, 0x00C0, 0x0080, 0x0060, 0x0040, 0x0040, 0x0040, 0x0040, 0x0020, 0x0020, 0x0000, 0x0000,
  0x0000, 0x0000, 0x0000, 0x0020, 0x0040, 0x0040, 0x0040, 0x0040, 0x0060, 0x00C0, 0x00E0, 0x0120,
  0x0180, 0x01C0, 0x0220, 0x02C0, 0x03A0, 0x0440, 0x0420, 0x3E27, 0x8FF1, 0x7FAF, 0x15A3, 0x0520,
  0x05A0, 0x05A0, 0x0540, 0x4668, 0x9FF3, 0x87CF, 0x25A3, 0x0520, 0x0560, 0x0560, 0x0540, 0x04E0,
  0x668C, 0xB7F6, 0x8F50, 0x1CE3, 0x0480, 0x0420, 0x0340, 0x02C0, 0x0260, 0x0220, 0x01A0, 0x0180,
  0x0160, 0x0140, 0x0120, 0x0100, 0x0100, 0x00E0, 0x00E0, 0x00E0, 0x00E0, 0x00E0, 0x0100, 0x0120,
  0x0140, 0x0180, 0x01C0, 0x0220, 0x0280, 0x0360, 0x0421, 0x0400, 0x766E, 0xAFF5, 0x4F89, 0x07A0,
  0x07E0, 0x07E0, 0x07E0, 0x07E0, 0x07E0, 0x07E0, 0x07E0, 0x2FA5, 0xA7F4, 0x8F50, 0x1461, 0x0400,
  0x0380, 0x02C0, 0x0200, 0x01A0, 0x0160, 0x0120, 0x0120, 0x0160, 0x01C0, 0x0200, 0x0280, 0x0320,
  0x0C01, 0x03E0, 0x3D88, 0xAFF5, 0x7FEF, 0x1782, 0x07E0, 0x07E0, 0x07E0, 0x07E0, 0x07E0, 0x07E0,
  0x0FC0, 0x3785, 0x9FF3, 0x9FB3, 0x1CE3, 0x0420, 0x0421, 0x0340, 0x02A0, 0x0240, 0x0200, 0x01E0,
  0x01C0, 0x01A0, 0x01A0, 0x01C0, 0x01C0, 0x0220, 0x0260, 0x02C0, 0x0340, 0x0400, 0x04A0, 0x04A0,
  0x66AC, 0xB7F6, 0x8750, 0x1522, 0x0520, 0x0560, 0x0540, 0x0540, 0x0521, 0x672C, 0x9FF3, 0x670C,
  0x0D60, 0x05A0, 0x05A0, 0x0560, 0x0520, 0x5F2B, 0x97F2, 0x5EEB, 0x0481, 0x0440, 0x03E0, 0x0300,
  0x0240, 0x01E0, 0x01A0, 0x0140, 0x00E0, 0x00C0, 0x0080, 0x0060, 0x0040, 0x0040, 0x0040, 0x0040,
  0x0020, 0x0000, 0x0000, 0x0000, 0x0000, 0x0000, 0x0000, 0x0020, 0x0040, 0x0040, 0x0040, 0x0040,
  0x0060, 0x00A0, 0x00C0, 0x0100, 0x0180, 0x01C0, 0x0220, 0x02C0, 0x0380, 0x0C41, 0x0440, 0x35E6,
  0x8FF0, 0x7FAF, 0x25A3, 0x0520, 0x05A0, 0x05A0, 0x0560, 0x3E47, 0x97F2, 0x87F0, 0x25C4, 0x0500,
  0x0540, 0x0540, 0x0540, 0x04E0, 0x564A, 0xB7F6, 0x9F92, 0x2504, 0x0460, 0x0420, 0x0340, 0x02C0,
  0x0260, 0x0200, 0x01A0, 0x0160, 0x0160, 0x0140, 0x0140, 0x0120, 0x0100, 0x0100, 0x0100, 0x00E0,
  0x00E0, 0x00E0, 0x0100, 0x0120, 0x0140, 0x01A0, 0x0200, 0x0240, 0x02C0, 0x03A0, 0x0420, 0x1482,
  0x9772, 0x9FF2, 0x2FA4, 0x07C0, 0x07E0, 0x07E0, 0x07E0, 0x07E0, 0x07E0, 0x07E0, 0x0FC1, 0x4FCA,
  0xB7F6, 0x666C, 0x03E0, 0x0C00, 0x0340, 0x0280, 0x0200, 0x0180, 0x0160, 0x0140, 0x0180, 0x01A1,
  0x01E0, 0x0260, 0x0300, 0x03C1, 0x03E0, 0x0C61, 0x874F, 0xAFF5, 0x47C7, 0x07C0, 0x07E0, 0x07E0,
  0x07E0, 0x07E0, 0x0FC0, 0x0FE0, 0x1F82, 0x77AE, 0xB7F5, 0x5E2B, 0x0420, 0x0441, 0x03A0, 0x02E0,
  0x0280, 0x0240, 0x01E0, 0x01C0, 0x01A0, 0x01A0, 0x01A0, 0x01C0, 0x01E0, 0x0220, 0x0260, 0x02C0,
  0x0360, 0x0420, 0x04A0, 0x0CC0, 0x76EE, 0xB7F6, 0x7F2F, 0x0D21, 0x0520, 0x0540, 0x0540, 0x0540,
  0x0D61, 0x674D, 0x9FF3, 0x5EEB, 0x0540, 0x05A0, 0x05A0, 0x0560, 0x0D41, 0x674C, 0x97F2, 0x56CA,
  0x0460, 0x0420, 0x03C0, 0x02E0, 0x0240, 0x01E0, 0x0180, 0x0120, 0x00E0, 0x00C0, 0x0080, 0x0060,
  0x0040, 0x0040, 0x0040, 0x0020, 0x0020, 0x0000, 0x0000, 0x0000, 0x0000, 0x0000, 0x0000, 0x0020,
  0x0040, 0x0040, 0x0040, 0x0040, 0x0060, 0x00A0, 0x00C0, 0x0100, 0x0160, 0x01C0, 0x0220, 0x02A0,
  0x0380, 0x0C41, 0x0420, 0x2DA5, 0x87F0, 0x87D0, 0x2DC4, 0x0500, 0x05A0, 0x05A0, 0x0540, 0x2E06,
  0x8FD1, 0x8FF1, 0x3626, 0x0520, 0x0540, 0x0540, 0x0540, 0x04E0, 0x4608, 0xAFF5, 0xA7D4, 0x2D65,
  0x0460, 0x0440, 0x0380, 0x02E0, 0x0280, 0x0220, 0x01C0, 0x0180, 0x0160, 0x0160, 0x0140, 0x0120,
  0x0120, 0x0100, 0x0100, 0x00E0, 0x00E0, 0x0100, 0x0120, 0x0140, 0x0160, 0x01C0, 0x0220, 0x0260,
  0x0300, 0x03E0, 0x0400, 0x3566, 0xAFF5, 0x87EF, 0x17A1, 0x07E0, 0x07E0, 0x07E0, 0x07E0, 0x07E0,
  0x07E0, 0x07E0, 0x1783, 0x77EE, 0xA7F5, 0x3D47, 0x03E0, 0x0BE0, 0x02E0, 0x0240, 0x01E0, 0x0180,
  0x0160, 0x0180, 0x01C0, 0x01E0, 0x0240, 0x02C0, 0x03A0, 0x0420, 0x03E0, 0x560A, 0xAFF5, 0x7FEF,
  0x1F82, 0x07E0, 0x07E0, 0x07E0, 0x07E0, 0x07E0, 0x0FE0, 0x0FA1, 0x47A8, 0xAFF5, 0x9792, 0x1CA3,
  0x0420, 0x0401, 0x0340, 0x02C0, 0x0260, 0x0220, 0x01E0, 0x01A0, 0x0180, 0x01A0, 0x01A0, 0x01C0,
  0x01E0, 0x0220, 0x0280, 0x02E0, 0x0360, 0x0440, 0x04A0, 0x14E1, 0x8730, 0xB7F6, 0x6EED, 0x0501,
  0x0540, 0x0540, 0x0560, 0x0540, 0x1582, 0x776E, 0x9FF3, 0x56A9, 0x0540, 0x05A0, 0x05A0, 0x0540,
  0x0D62, 0x6F6D, 0x97F2, 0x4689, 0x0440, 0x0440, 0x03C0, 0x02E0, 0x0240, 0x01C0, 0x0180, 0x0120,
  0x00E0, 0x00C0, 0x0080, 0x0060, 0x0040, 0x0020, 0x0020, 0x0020, 0x0020, 0x0000, 0x0000, 0x0000,
  0x0000, 0x0000, 0x0000, 0x0020, 0x0040, 0x0040, 0x0040, 0x0040, 0x0060, 0x00A0, 0x00C0, 0x0100,
  0x0160, 0x01C0, 0x0200, 0x02A0, 0x0360, 0x0C41, 0x0420, 0x2584, 0x87D0, 0x8FF0, 0x3605, 0x0500,
  0x0580, 0x05A0, 0x0560, 0x25C4, 0x87D0, 0x97F1, 0x3E67, 0x0520, 0x0540, 0x0540, 0x0540, 0x04E0,
  0x3DC6, 0xA7F4, 0xAFF5, 0x3DA7, 0x0460, 0x0461, 0x03A0, 0x0300, 0x0280, 0x0220, 0x01C0, 0x0180,
  0x0180, 0x0160, 0x0140, 0x0120, 0x0120, 0x0100, 0x0100, 0x00E0, 0x0100, 0x0120, 0x0140, 0x0160,
  0x0180, 0x01E0, 0x0240, 0x02A0, 0x0340, 0x0400, 0x0400, 0x5E8B, 0xAFF5, 0x5FCB, 0x0FC0, 0x07E0,
  0x07E0, 0x07E0, 0x07E0, 0x07E0, 0x07E0, 0x07C0, 0x3786, 0x97F2, 0x8F72, 0x1C63, 0x03E0, 0x0380,
  0x02A0, 0x0220, 0x01C0, 0x0180, 0x01A0, 0x01C0, 0x0200, 0x0240, 0x02E0, 0x03A0, 0x0420, 0x03E0,
  0x2D45, 0xA7D4, 0x9FF3, 0x37A6, 0x0FA1, 0x07E0, 0x07E0, 0x07E0, 0x07E0, 0x07E0, 0x07C0, 0x2784,
  0x87F0, 0xB7F6, 0x4DCA, 0x0400, 0x0440, 0x03A0, 0x02E0, 0x0280, 0x0220, 0x01E0, 0x01C0, 0x01A0,
  0x0180, 0x01A0, 0x01A0, 0x01C0, 0x01E0, 0x0240, 0x02A0, 0x02E0, 0x0360, 0x0440, 0x0480, 0x1D03,
  0x9791, 0xAFF5, 0x5EAB, 0x04E0, 0x0540, 0x0540, 0x0560, 0x0540, 0x1DA3, 0x7FB0, 0x97F3, 0x4688,
  0x0540, 0x05A0, 0x05A0, 0x0540, 0x1582, 0x778E, 0x8FF2, 0x3E48, 0x0440, 0x0440, 0x03C0, 0x02E0,
  0x0240, 0x01C0, 0x0180, 0x0120, 0x00E0, 0x00C0, 0x0080, 0x0040, 0x0040, 0x0040, 0x0020, 0x0020,
  0x0020, 0x0000, 0x0000, 0x0000, 0x0000, 0x0000, 0x0000, 0x0020, 0x0040, 0x0040, 0x0040, 0x0040,
  0x0060, 0x00A0, 0x00C0, 0x0100, 0x0160, 0x01A0, 0x0200, 0x0280, 0x0340, 0x0C21, 0x0440, 0x1D43,
  0x7FAF, 0x8FF1, 0x3E66, 0x0500, 0x0580, 0x05C1, 0x0560, 0x1DA3, 0x7FAF, 0x97F2, 0x4E89, 0x0520,
  0x0560, 0x0540, 0x0540, 0x0500, 0x2D84, 0x97F2, 0xB7F6, 0x4E29, 0x0460, 0x0480, 0x03C0, 0x0300,
  0x02A0, 0x0240, 0x01E0, 0x01A0, 0x0180, 0x0160, 0x0140, 0x0140, 0x0120, 0x0100, 0x0100, 0x0100,
  0x0120, 0x0140, 0x0140, 0x0160, 0x01A0, 0x01E0, 0x0260, 0x02E0, 0x03A0, 0x0400, 0x1462, 0x8750,
  0x9FF3, 0x3F86, 0x07C0, 0x07E0, 0x07E0, 0x07E0, 0x07E0, 0x07E0, 0x07E0, 0x07A0, 0x57AA, 0xB7F5,
  0x6EAD, 0x03C0, 0x0400, 0x0340, 0x0260, 0x0200, 0x01C0, 0x01A0, 0x01E0, 0x0200, 0x0260, 0x02E0,
  0x0380, 0x0400, 0x03C0, 0x24A3, 0x8F71, 0xB7F5, 0x67AC, 0x0FA2, 0x07E1, 0x07E1, 0x07E1, 0x07E1,
  0x07E0, 0x07C0, 0x0F81, 0x6FCD, 0xB7F6, 0x76EE, 0x0C41, 0x0440, 0x03E0, 0x0320, 0x02A0, 0x0240,
  0x0220, 0x01E0, 0x01A0, 0x01A0, 0x0180, 0x0180, 0x01A0, 0x01C0, 0x01E0, 0x0240, 0x02A0, 0x0300,
  0x0380, 0x0460, 0x0460, 0x2D65, 0x9FD3, 0xA7F5, 0x4648, 0x04E0, 0x0540, 0x0540, 0x0560, 0x0520,
  0x2DE5, 0x8FD1, 0x8FF2, 0x3626, 0x0540, 0x05A0, 0x05A0, 0x0540, 0x1DC3, 0x77AE, 0x8FF1, 0x35E6,
  0x0440, 0x0420, 0x0380, 0x02C0, 0x0220, 0x01C0, 0x0160, 0x0120, 0x00E0, 0x00A0, 0x0080, 0x0040,
  0x0040, 0x0040, 0x0020, 0x0020, 0x0020, 0x0000, 0x0000, 0x0000, 0x0000, 0x0000, 0x0000, 0x0020,
  0x0040, 0x0040, 0x0040, 0x0040, 0x0060, 0x00A0, 0x00C0, 0x0100, 0x0160, 0x01A0, 0x01E0, 0x0260,
  0x0320, 0x0420, 0x0440, 0x0D02, 0x776E, 0x8FF1, 0x4EC8, 0x0520, 0x0580, 0x05C1, 0x0580, 0x0D62,
  0x778E, 0x9FF3, 0x5EEB, 0x0540, 0x0540, 0x0560, 0x0540, 0x0500, 0x1D42, 0x8F90, 0xBFF7, 0x66CC,
  0x0480, 0x0480, 0x0400, 0x0340, 0x02C0, 0x0260, 0x0200, 0x01C0, 0x01A0, 0x0180, 0x0160, 0x0140,
  0x0120, 0x0120, 0x0120, 0x0100, 0x0120, 0x0140, 0x0160, 0x0160, 0x01A0, 0x0200, 0x0280, 0x0300,
  0x03E1, 0x0400, 0x3525, 0xA7D4, 0x7FEF, 0x1F83, 0x07E0, 0x07E0, 0x07E0, 0x07E0, 0x07E0, 0x07E0,
  0x07E0, 0x07C1, 0x77EE, 0xAFF5, 0x3D88, 0x03C0, 0x0BC1, 0x02E0, 0x0220, 0x01E0, 0x01A0, 0x01C0,
  0x0200, 0x0240, 0x02C0, 0x0380, 0x0400, 0x03E0, 0x1C83, 0x872F, 0xAFF5, 0x77EE, 0x1F63, 0x07E0,
  0x07E1, 0x07E0, 0x07E0, 0x07E0, 0x07E0, 0x0F81, 0x57AA, 0xAFF5, 0x9792, 0x24E4, 0x0440, 0x0441,
  0x0360, 0x02A0, 0x0260, 0x0220, 0x01C0, 0x01A0, 0x01A0, 0x0180, 0x0180, 0x0180, 0x01A0, 0x01C0,
  0x01E0, 0x0260, 0x02A0, 0x0300, 0x03C0, 0x0460, 0x0460, 0x45E7, 0xAFF5, 0x9FF3, 0x35E6, 0x04E0,
  0x0560, 0x0560, 0x0540, 0x0520, 0x3E47, 0x97F2, 0x8FF1, 0x2DE5, 0x0560, 0x05C0, 0x05A0, 0x0520,
  0x2625, 0x7FEF, 0x8FD1, 0x2DA5, 0x0440, 0x0420, 0x0380, 0x02C0, 0x0200, 0x01A0, 0x0160, 0x0100,
  0x00E0, 0x00A0, 0x0080, 0x0040, 0x0040, 0x0040, 0x0020, 0x0020, 0x0020, 0x0000, 0x0000, 0x0000,
  0x0000, 0x0000, 0x0000, 0x0020, 0x0040, 0x0040, 0x0040, 0x0040, 0x0060, 0x00A0, 0x00C0, 0x0100,
  0x0160, 0x01A0, 0x01E0, 0x0260, 0x0300, 0x0400, 0x0440, 0x0CA1, 0x6F2D, 0x97F2, 0x5F0A, 0x0D40,
  0x0560, 0x05C0, 0x05A0, 0x0541, 0x674C, 0xA7F4, 0x6F4D, 0x0D41, 0x0540, 0x0540, 0x0540, 0x0520,
  0x0D00, 0x774E, 0xBFF7, 0x7F4F, 0x0CC1, 0x0480, 0x0420, 0x0360, 0x02C0, 0x0260, 0x0200, 0x01C0,
  0x0180, 0x0180, 0x0160, 0x0140, 0x0120, 0x0120, 0x0120, 0x0100, 0x0120, 0x0140, 0x0160, 0x0180,
  0x01C0, 0x0220, 0x0280, 0x0340, 0x0C21, 0x0400, 0x5E2A, 0xB7F6, 0x57EA, 0x0FC1, 0x07E0, 0x07E0,
  0x07E0, 0x07E0, 0x07E0, 0x07E0, 0x07C0, 0x1FC4, 0x8FF2, 0x9F93, 0x1CA3, 0x0400, 0x0380, 0x02C0,
  0x0200, 0x01C0, 0x01C0, 0x0200, 0x0260, 0x02C0, 0x0B60, 0x0C00, 0x03E0, 0x1CA3, 0x872F, 0xAFF5,
  0x77CE, 0x27A4, 0x07C0, 0x07E0, 0x07E0, 0x07E0, 0x07E0, 0x07E0, 0x0F81, 0x4FA8, 0xA7F4, 0xA7F3,
  0x3586, 0x0400, 0x0440, 0x03A0, 0x02E0, 0x0260, 0x0220, 0x01E0, 0x01A0, 0x01A0, 0x01A0, 0x0180,
  0x0180, 0x0180, 0x01A0, 0x01C0, 0x0200, 0x0260, 0x02C0, 0x0320, 0x0400, 0x0480, 0x0480, 0x5E8B,
  0xB7F6, 0x97B2, 0x1D83, 0x0500, 0x0560, 0x0540, 0x0540, 0x0520, 0x4EA9, 0x9FF3, 0x7FD0, 0x1DA3,
  0x0560, 0x05C0, 0x05A0, 0x0520, 0x3686, 0x8FF1, 0x8790, 0x2544, 0x0420, 0x0420, 0x0360, 0x02A0,
  0x0200, 0x01A0, 0x0160, 0x0100, 0x00E0, 0x00A0, 0x0080, 0x0040, 0x0040, 0x0040, 0x0020, 0x0020,
  0x0020, 0x0000, 0x0000, 0x0000, 0x0000, 0x0000, 0x0000, 0x0020, 0x0040, 0x0040, 0x0040, 0x0040,
  0x0060, 0x0080, 0x00C0, 0x00E0, 0x0120, 0x0180, 0x01C0, 0x0260, 0x02E0, 0x03C0, 0x0460, 0x0480,
  0x5E8B, 0x97F2, 0x674C, 0x1562, 0x0560, 0x05A0, 0x05A0, 0x0540, 0x4EC9, 0x9FF3, 0x778F, 0x1DA2,
  0x0520, 0x0540, 0x0540, 0x0540, 0x04E0, 0x56AA, 0xB7F6, 0x97B2, 0x2503, 0x0480, 0x0440, 0x0380,
  0x02E0, 0x0280, 0x0220, 0x01E0, 0x01A0, 0x0180, 0x0160, 0x0140, 0x0140, 0x0120, 0x0120, 0x0120,
  0x0120, 0x0140, 0x0160, 0x01A0, 0x0200, 0x0240, 0x02C0, 0x0380, 0x0C20, 0x0C61, 0x7F2F, 0xAFF5,
  0x3FC7, 0x07E0, 0x07E0, 0x07E0, 0x07E0, 0x07E0, 0x07E0, 0x07E0, 0x0FA1, 0x4F89, 0xA7F5, 0x76CE,
  0x0440, 0x0420, 0x0340, 0x0280, 0x0200, 0x01E0, 0x0220, 0x0280, 0x0300, 0x03C0, 0x0C21, 0x03E0,
  0x24A4, 0x872F, 0xB7F5, 0x87F0, 0x27C4, 0x07C1, 0x07E0, 0x07E0, 0x07E0, 0x07E0, 0x07E0, 0x0FC1,
  0x3FA8, 0x9FF3, 0xAFF5, 0x4E09, 0x0400, 0x0420, 0x03C0, 0x0300, 0x0280, 0x0240, 0x0200, 0x01E0,
  0x01A0, 0x01A0, 0x0180, 0x0180, 0x0180, 0x0180, 0x01A0, 0x01C0, 0x0220, 0x0280, 0x02C0, 0x0360,
  0x0420, 0x0480, 0x14C1, 0x772E, 0xB7F7, 0x7F4F, 0x0D21, 0x0540, 0x0540, 0x0540, 0x0540, 0x0541,
  0x5F0B, 0xA7F4, 0x6F6D, 0x0D61, 0x0580, 0x05C0, 0x0580, 0x0540, 0x4EC9, 0x8FF1, 0x774F, 0x14E2,
  0x0440, 0x0C20, 0x0340, 0x0260, 0x01E0, 0x01A0, 0x0160, 0x0100, 0x00C0, 0x00A0, 0x0060, 0x0040,
  0x0040, 0x0040, 0x0040, 0x0020, 0x0020, 0x0000, 0x0000, 0x0000, 0x0000, 0x0000, 0x0000, 0x0020,
  0x0040, 0x0040, 0x0040, 0x0040, 0x0060, 0x0080, 0x00C0, 0x00E0, 0x0120, 0x0180, 0x01C0, 0x0240,
  0x02C0, 0x03A0, 0x0460, 0x0460, 0x4608, 0x8FF2, 0x778E, 0x1DA3, 0x0540, 0x0580, 0x05A0, 0x0540,
  0x3666, 0x97F2, 0x87F0, 0x2E05, 0x0520, 0x0560, 0x0540, 0x0540, 0x0500, 0x3E06, 0xA7F4, 0xAFF4,
  0x45C8, 0x0460, 0x0480, 0x03C0, 0x0300, 0x02A0, 0x0240, 0x0200, 0x01C0, 0x0180, 0x0160, 0x0160,
  0x0140, 0x0120, 0x0120, 0x0140, 0x0140, 0x0140, 0x0180, 0x01C0, 0x0200, 0x0240, 0x0300, 0x03E0,
  0x0400, 0x2504, 0x9FF3, 0x97F2, 0x2784, 0x07E0, 0x07E0, 0x07E0, 0x07E0, 0x07E0, 0x07E0, 0x07E0,
  0x17A2, 0x77CE, 0xAFF5, 0x4DA9, 0x03E0, 0x0BE0, 0x0300, 0x0260, 0x0240, 0x0260, 0x02C0, 0x0340,
  0x03C0, 0x0420, 0x0400, 0x24E4, 0x8751, 0xB7F5, 0x7FEF, 0x2785, 0x07C1, 0x07E1, 0x07E0, 0x07E0,
  0x07E0, 0x07E0, 0x0FA0, 0x3F87, 0x97F3, 0xAFF6, 0x5E6B, 0x0420, 0x0440, 0x0BE0, 0x0320, 0x02A0,
  0x0260, 0x0220, 0x01E0, 0x01C0, 0x01A0, 0x0180, 0x0180, 0x0180, 0x0180, 0x0180, 0x01A0, 0x01E0,
  0x0240, 0x0280, 0x02E0, 0x0380, 0x0461, 0x0480, 0x2544, 0x8F91, 0xB7F6, 0x5EAB, 0x0500, 0x0540,
  0x0540, 0x0560, 0x0540, 0x1582, 0x778E, 0x9FF4, 0x56EA, 0x0540, 0x0580, 0x05A0, 0x0560, 0x0561,
  0x5F0B, 0x8FF1, 0x66EC, 0x0C80, 0x0440, 0x03E0, 0x0320, 0x0240, 0x01C0, 0x01A0, 0x0140, 0x00E0,
  0x00C0, 0x00A0, 0x0060, 0x0040, 0x0040, 0x0040, 0x0040, 0x0020, 0x0020, 0x0000, 0x0000, 0x0000,
  0x0000, 0x0000, 0x0000, 0x0020, 0x0040, 0x0040, 0x0040, 0x0040, 0x0060, 0x0080, 0x00C0, 0x00E0,
  0x0100, 0x0180, 0x01C0, 0x0220, 0x02A0, 0x0380, 0x0440, 0x0440, 0x35A6, 0x8FF1, 0x87F0, 0x2E05,
  0x0500, 0x0580, 0x05A0, 0x0560, 0x1DE4, 0x8FD1, 0x97F2, 0x4688, 0x0500, 0x0560, 0x0540, 0x0540,
  0x0500, 0x2584, 0x97B2, 0xB7F6, 0x5E6B, 0x0460, 0x04A0, 0x0400, 0x0320, 0x02C0, 0x0260, 0x0200,
  0x01E0, 0x01A0, 0x0160, 0x0160, 0x0140, 0x0140, 0x0120, 0x0160, 0x0160, 0x0160, 0x0180, 0x0200,
  0x0220, 0x0280, 0x0340, 0x0C41, 0x0420, 0x4DEA, 0xA7F4, 0x6FCD, 0x1782, 0x07E0, 0x07E0, 0x07E0,
  0x07E0, 0x07E0, 0x07E0, 0x07E0, 0x2784, 0x97F3, 0x9FD3, 0x24C4, 0x0400, 0x0BA1, 0x02C0, 0x0260,
  0x02A0, 0x0300, 0x0360, 0x0401, 0x0400, 0x0400, 0x3566, 0x8F92, 0xAFF5, 0x7FEE, 0x2764, 0x07A0,
  0x07E0, 0x07E0, 0x07E0, 0x07E0, 0x07E0, 0x0F81, 0x4FC8, 0x9FF2, 0xAFF5, 0x5E6B, 0x0C41, 0x0420,
  0x0C01, 0x0320, 0x02A0, 0x0280, 0x0240, 0x0200, 0x01C0, 0x01A0, 0x0180, 0x0180, 0x0180, 0x0180,
  0x0180, 0x0180, 0x01C0, 0x0200, 0x0260, 0x02A0, 0x0300, 0x03C0, 0x0481, 0x0480, 0x35A7, 0xA7F4,
  0xA7F5, 0x4628, 0x04E0, 0x0560, 0x0540, 0x0560, 0x0520, 0x25C4, 0x87F0, 0x97F3, 0x4688, 0x0520,
  0x05A0, 0x05A0, 0x0540, 0x1582, 0x6F6D, 0x8FF1, 0x568A, 0x0460, 0x0440, 0x03C0, 0x0300, 0x0240,
  0x01C0, 0x01A0, 0x0140, 0x00E0, 0x00C0, 0x00A0, 0x0060, 0x0040, 0x0040, 0x0040, 0x0040, 0x0020,
  0x0020, 0x0000, 0x0000, 0x0000, 0x0000, 0x0000, 0x0000, 0x0020, 0x0040, 0x0040, 0x0040, 0x0040,
  0x0040, 0x0060, 0x00A0, 0x00C0, 0x0100, 0x0160, 0x01A0, 0x0200, 0x0280, 0x0360, 0x0420, 0x0440,
  0x2544, 0x7FAF, 0x8FF1, 0x3E87, 0x0500, 0x0560, 0x05A0, 0x0580, 0x0D82, 0x776E, 0x9FF3, 0x5F0B,
  0x0520, 0x0540, 0x0540, 0x0540, 0x0540, 0x0D01, 0x772E, 0xBFF6, 0x8F50, 0x14C1, 0x0480, 0x0461,
  0x0380, 0x0300, 0x0280, 0x0220, 0x01E0, 0x01C0, 0x0180, 0x0160, 0x0160, 0x0140, 0x0140, 0x0160,
  0x0160, 0x0180, 0x01C0, 0x0200, 0x0260, 0x02C0, 0x0380, 0x0440, 0x0440, 0x7EEF, 0xA7F4, 0x3FA8,
  0x0FA1, 0x07E0, 0x07E0, 0x07E0, 0x07E0, 0x07E0, 0x07E0, 0x07A0, 0x47C7, 0xB7F6, 0x7EEF, 0x0C21,
  0x0400, 0x0360, 0x02C0, 0x0300, 0x0360, 0x03E1, 0x03E0, 0x03E0, 0x0C21, 0x562A, 0xA7D4, 0xAFF5,
  0x77AD, 0x2782, 0x07A0, 0x07E1, 0x07E0, 0x07E0, 0x07E0, 0x07C0, 0x17A1, 0x57CA, 0xA7F3, 0xAFF4,
  0x5E4A, 0x0C40, 0x0C20, 0x0BE1, 0x0320, 0x02C0, 0x0260, 0x0240, 0x0200, 0x01C0, 0x01A0, 0x01A0,
  0x0180, 0x0180, 0x0180, 0x0180, 0x0180, 0x01A0, 0x01E0, 0x0240, 0x0280, 0x02C0, 0x0340, 0x0400,
  0x04A1, 0x0480, 0x5E6B, 0xB7F6, 0x97D2, 0x2584, 0x0500, 0x0540, 0x0540, 0x0560, 0x0520, 0x3E47,
  0x8FF1, 0x8FD1, 0x2605, 0x0540, 0x05A0, 0x05A0, 0x0520, 0x25E4, 0x7FCF, 0x8FF1, 0x3E07, 0x0440,
  0x0440, 0x03A0, 0x02C0, 0x0220, 0x01C0, 0x0180, 0x0120, 0x00E0, 0x00C0, 0x0080, 0x0060, 0x0040,
  0x0040, 0x0040, 0x0040, 0x0020, 0x0020, 0x0000, 0x0000, 0x0000, 0x0000, 0x0000, 0x0000, 0x0020,
  0x0040, 0x0040, 0x0040, 0x0040, 0x0040, 0x0060, 0x00A0, 0x00C0, 0x0100, 0x0160, 0x01A0, 0x01E0,
  0x0260, 0x0320, 0x0400, 0x0440, 0x0CC1, 0x6F2D, 0x8FF1, 0x570A, 0x0540, 0x0540, 0x05A0, 0x05A0,
  0x0541, 0x5EEB, 0x9FF3, 0x778E, 0x1582, 0x0520, 0x0540, 0x0540, 0x0540, 0x04E0, 0x4E89, 0xAFF5,
  0xA7D4, 0x3585, 0x0440, 0x0C81, 0x03C0, 0x0320, 0x02A0, 0x0240, 0x0200, 0x01C0, 0x01A0, 0x0180,
  0x0160, 0x0160, 0x0160, 0x0160, 0x0180, 0x01A0, 0x01E0, 0x0220, 0x0260, 0x0300, 0x03C0, 0x0400,
  0x1CE3, 0x9FB4, 0x97F3, 0x1FC4, 0x07E0, 0x07E0, 0x07E0, 0x07E0, 0x07E0, 0x07E0, 0x07E0, 0x1781,
  0x67CC, 0xB7F6, 0x55C9, 0x0400, 0x03E0, 0x0360, 0x03A0, 0x0400, 0x0420, 0x0400, 0x0400, 0x2D25,
  0x7F0F, 0xAFF5, 0x9FF3, 0x57A9, 0x1782, 0x0FA0, 0x0FE0, 0x07E0, 0x07E0, 0x07E0, 0x07A0, 0x2764,
  0x6FCD, 0xAFF5, 0xA7F4, 0x4E0A, 0x0420, 0x0420, 0x0C20, 0x0340, 0x02A0, 0x0280, 0x0240, 0x0200,
  0x01C0, 0x01A0, 0x0180, 0x0180, 0x0180, 0x0180, 0x0180, 0x0180, 0x0180, 0x01A0, 0x0200, 0x0240,
  0x0280, 0x02E0, 0x0380, 0x0440, 0x0480, 0x14E2, 0x8F50, 0xBFF7, 0x774E, 0x0D01, 0x0520, 0x0540,
  0x0540, 0x0560, 0x0540, 0x5F0B, 0x9FF3, 0x778F, 0x1582, 0x0580, 0x05C0, 0x0580, 0x0520, 0x3646,
  0x87F0, 0x87CF, 0x2564, 0x0440, 0x0440, 0x0360, 0x02C0, 0x0200, 0x01A0, 0x0160, 0x0100, 0x00C0,
  0x00A0, 0x0080, 0x0040, 0x0040, 0x0040, 0x0040, 0x0040, 0x0020, 0x0020, 0x0000, 0x0000, 0x0000,
  0x0000, 0x0000, 0x0000, 0x0020, 0x0020, 0x0040, 0x0040, 0x0040, 0x0040, 0x0060, 0x0080, 0x00C0,
  0x0100, 0x0140, 0x01A0, 0x01E0, 0x0240, 0x0300, 0x03E0, 0x0440, 0x0440, 0x56AB, 0x97F2, 0x6F8D,
  0x1582, 0x0520, 0x05A0, 0x05A0, 0x0540, 0x3E67, 0x97F1, 0x8FF1, 0x2E05, 0x0520, 0x0540, 0x0540,
  0x0540, 0x04E0, 0x25A4, 0x9FD3, 0xB7F5, 0x5E8B, 0x0461, 0x0481, 0x0400, 0x0340, 0x02C0, 0x0260,
  0x0220, 0x01E0, 0x01A0, 0x01A0, 0x0180, 0x0180, 0x0180, 0x0180, 0x01A0, 0x01C0, 0x01E0, 0x0240,
  0x0280, 0x0340, 0x0420, 0x0400, 0x45E7, 0xAFF5, 0x7FCF, 0x0FA1, 0x07E0, 0x07E0, 0x07E0, 0x07E0,
  0x07E0, 0x07E0, 0x07E0, 0x2784, 0x8FF0, 0xA7D3, 0x2CE5, 0x0400, 0x0420, 0x03E0, 0x0400, 0x0400,
  0x0400, 0x24A4, 0x664C, 0x9FD3, 0xA7F4, 0x87EF, 0x3FA6, 0x0F81, 0x07E0, 0x07E0, 0x07E0, 0x07E0,
  0x07C0, 0x1782, 0x47A8, 0x87F0, 0xAFF5, 0x8F91, 0x3587, 0x0400, 0x0420, 0x03E0, 0x0360, 0x02C0,
  0x0260, 0x0240, 0x0200, 0x01C0, 0x0180, 0x0180, 0x0160, 0x0180, 0x0180, 0x0180, 0x0180, 0x0180,
  0x0180, 0x01A0, 0x0200, 0x0260, 0x02C0, 0x0300, 0x03C0, 0x0C80, 0x0460, 0x3586, 0xA7F3, 0xB7F5,
  0x4E69, 0x04E0, 0x0540, 0x0540, 0x0540, 0x0540, 0x1582, 0x776D, 0x9FF3, 0x5F0C, 0x0541, 0x05A0,
  0x05C0, 0x0560, 0x0520, 0x4EE9, 0x97F2, 0x776E, 0x14C1, 0x0440, 0x0400, 0x0320, 0x0280, 0x0200,
  0x01A0, 0x0140, 0x0100, 0x00C0, 0x00A0, 0x0060, 0x0040, 0x0040, 0x0040, 0x0040, 0x0020, 0x0020,
  0x0020, 0x0000, 0x0000, 0x0000, 0x0000, 0x0000, 0x0000, 0x0020, 0x0020, 0x0020, 0x0020, 0x0040,
  0x0040, 0x0060, 0x0080, 0x00C0, 0x00E0, 0x0120, 0x0160, 0x01A0, 0x0220, 0x02C0, 0x03A1, 0x0440,
  0x0440, 0x3E08, 0x8FF1, 0x7FCF, 0x2DC5, 0x0520, 0x05A0, 0x05A0, 0x0540, 0x1DC3, 0x87CF, 0x9FF2,
  0x4EEA, 0x0520, 0x0560, 0x0540, 0x0560, 0x0520, 0x0D21, 0x7F4F, 0xB7F5, 0x8F50, 0x1CE3, 0x0480,
  0x0C60, 0x0380, 0x02E0, 0x02A0, 0x0240, 0x0200, 0x01C0, 0x01A0, 0x0180, 0x0180, 0x01A0, 0x0180,
  0x01A0, 0x01E0, 0x0220, 0x0260, 0x02C0, 0x03A0, 0x0461, 0x0440, 0x6EAC, 0xAFF5, 0x5FAB, 0x07A0,
  0x07E0, 0x07E0, 0x07E0, 0x07E0, 0x07E0, 0x07E0, 0x07C0, 0x47A8, 0xAFF5, 0x7F0F, 0x0C21, 0x03E0,
  0x0400, 0x03E0, 0x1441, 0x2D04, 0x5E6B, 0x9793, 0xAFF6, 0x9FF3, 0x57AB, 0x1FA3, 0x07C0, 0x07E0,
  0x07E0, 0x07E0, 0x07C0, 0x0F81, 0x27A5, 0x67CC, 0xA7F4, 0xAFF5, 0x76CD, 0x2504, 0x0420, 0x0420,
  0x03C0, 0x0320, 0x02C0, 0x0260, 0x0240, 0x0200, 0x01C0, 0x0180, 0x0180, 0x0160, 0x0160, 0x0160,
  0x0160, 0x0180, 0x0180, 0x0180, 0x0180, 0x01C0, 0x0220, 0x0280, 0x02E0, 0x0340, 0x0400, 0x0CA0,
  0x04A0, 0x66AC, 0xB7F5, 0x97D2, 0x2D84, 0x0500, 0x0540, 0x0540, 0x0540, 0x0520, 0x2E05, 0x8FF1,
  0x97F2, 0x3E67, 0x0540, 0x05C0, 0x05C0, 0x0560, 0x1562, 0x6F8C, 0x97F2, 0x5EAB, 0x0460, 0x0440,
  0x03E1, 0x0300, 0x0240, 0x01E0, 0x01A0, 0x0140, 0x00E0, 0x00C0, 0x00A0, 0x0060, 0x0040, 0x0040,
  0x0040, 0x0020, 0x0020, 0x0020, 0x0020, 0x0020, 0x0000, 0x0000, 0x0000, 0x0000, 0x0000, 0x0000,
  0x0020, 0x0020, 0x0020, 0x0040, 0x0040, 0x0060, 0x0080, 0x00C0, 0x00E0, 0x0100, 0x0160, 0x01A0,
  0x0200, 0x0280, 0x0340, 0x0420, 0x0440, 0x2524, 0x7FAF, 0x8FF0, 0x4667, 0x0520, 0x0560, 0x05A0,
  0x0580, 0x0560, 0x674C, 0x9FF2, 0x6F6D, 0x0D62, 0x0540, 0x0560, 0x0560, 0x0560, 0x04E0, 0x4E29,
  0xAFF5, 0xAFF4, 0x3DC7, 0x0460, 0x0C81, 0x03E0, 0x0320, 0x02C0, 0x0260, 0x0220, 0x01E0, 0x01C0,
  0x01A0, 0x01A0, 0x01A0, 0x01A0, 0x01C0, 0x01E0, 0x0240, 0x02A0, 0x0300, 0x03E0, 0x0440, 0x1CC3,
  0x9772, 0x9FF2, 0x3745, 0x07C0, 0x07E0, 0x07E0, 0x07E0, 0x07E0, 0x07E0, 0x07E0, 0x07A0, 0x67CC,
  0xB7F6, 0x560A, 0x1462, 0x1CE4, 0x3566, 0x55EA, 0x86F0, 0xAFD5, 0xBFF7, 0x9FF3, 0x67CC, 0x2FA4,
  0x0FA1, 0x07A0, 0x07E0, 0x07E0, 0x07C0, 0x07A0, 0x2FA4, 0x67AB, 0x9FF3, 0xB7F6, 0x97B2, 0x4E09,
  0x1440, 0x0420, 0x0421, 0x03E0, 0x0320, 0x02C0, 0x0280, 0x0240, 0x0200, 0x01C0, 0x01A0, 0x0180,
  0x0180, 0x0160, 0x0160, 0x0160, 0x0160, 0x0180, 0x0180, 0x0180, 0x01C0, 0x0220, 0x0240, 0x02A0,
  0x0300, 0x03A0, 0x0C60, 0x0480, 0x1D22, 0x9791, 0xB7F6, 0x770D, 0x0CE1, 0x0540, 0x0540, 0x0540,
  0x0560, 0x0500, 0x4EA9, 0x9FF3, 0x87D0, 0x1DC3, 0x0560, 0x05C0, 0x05A0, 0x0520, 0x25E4, 0x7FCE,
  0x8FF1, 0x4608, 0x0440, 0x0440, 0x03C1, 0x02C0, 0x0240, 0x01E0, 0x0180, 0x0140, 0x00E0, 0x00C0,
  0x00A0, 0x0060, 0x0040, 0x0040, 0x0040, 0x0020, 0x0020, 0x0020, 0x0020, 0x0020, 0x0000, 0x0000,
  0x0000, 0x0000, 0x0000, 0x0000, 0x0020, 0x0020, 0x0040, 0x0040, 0x0040, 0x0060, 0x0060, 0x00A0,
  0x00E0, 0x0100, 0x0140, 0x0180, 0x01E0, 0x0260, 0x0320, 0x0400, 0x0440, 0x0CA1, 0x672C, 0x8FF1,
  0x5F2B, 0x0520, 0x0540, 0x05A0, 0x05A0, 0x0540, 0x4687, 0x97F2, 0x87D0, 0x3606, 0x0500, 0x0560,
  0x0540, 0x0540, 0x0500, 0x1D63, 0x8F91, 0xB7F6, 0x6EED, 0x0CA1, 0x0480, 0x0440, 0x0380, 0x0300,
  0x02A0, 0x0240, 0x0200, 0x01E0, 0x01C0, 0x01A0, 0x01C0, 0x01C0, 0x01E0, 0x0220, 0x0260, 0x02C0,
  0x0340, 0x0420, 0x0420, 0x3D88, 0xAFF5, 0x77EE, 0x1762, 0x07E0, 0x07E0, 0x07E0, 0x07E0, 0x07E0,
  0x07E0, 0x07E0, 0x17C2, 0x7FF0, 0xB7F6, 0x9752, 0x9772, 0x9FD4, 0xAFF5, 0xAFF5, 0xA7F4, 0x87F1,
  0x5FAC, 0x37A7, 0x1781, 0x07C0, 0x07E0, 0x07E0, 0x07C0, 0x0FA2, 0x37A7, 0x5FAC, 0x8FF1, 0xAFF4,
  0x9FD3, 0x666C, 0x24C3, 0x0400, 0x0C20, 0x0C00, 0x0380, 0x0300, 0x02A0, 0x0260, 0x0240, 0x0200,
  0x01C0, 0x01A0, 0x0180, 0x0180, 0x0160, 0x0160, 0x0160, 0x0160, 0x0160, 0x0180, 0x0180, 0x01A0,
  0x01E0, 0x0240, 0x0280, 0x02C0, 0x0340, 0x0400, 0x04A0, 0x0480, 0x4E48, 0xAFF5, 0xA7F4, 0x3DE7,
  0x04C0, 0x0540, 0x0540, 0x0560, 0x0540, 0x1562, 0x774E, 0x9FF3, 0x672C, 0x0D61, 0x05A0, 0x05C0,
  0x0580, 0x0500, 0x4688, 0x8FF0, 0x7FCF, 0x2544, 0x0440, 0x0420, 0x0360, 0x02A0, 0x0200, 0x01C0,
  0x0180, 0x0120, 0x00C0, 0x00A0, 0x00A0, 0x0060, 0x0040, 0x0020, 0x0040, 0x0040, 0x0020, 0x0020,
  0x0020, 0x0020, 0x0000, 0x0000, 0x0000, 0x0000, 0x0000, 0x0000, 0x0020, 0x0020, 0x0040, 0x0040,
  0x0040, 0x0040, 0x0060, 0x00A0, 0x00C0, 0x00E0, 0x0120, 0x0180, 0x01C0, 0x0240, 0x02E0, 0x03C0,
  0x0440, 0x0460, 0x4669, 0x8FF1, 0x77AE, 0x1DC3, 0x0520, 0x05A0, 0x05C0, 0x0560, 0x1DE4, 0x87D0,
  0x9FF3, 0x56CA, 0x0520, 0x0540, 0x0540, 0x0540, 0x0540, 0x0500, 0x5EAB, 0xAFF5, 0x9FD3, 0x35A6,
  0x0480, 0x0480, 0x03E0, 0x0340, 0x02C0, 0x0280, 0x0240, 0x0200, 0x01C0, 0x01C0, 0x01C0, 0x01E0,
  0x0200, 0x0240, 0x0280, 0x02E0, 0x0380, 0x0460, 0x0440, 0x668C, 0xBFF6, 0x57CA, 0x07C0, 0x07E0,
  0x07E0, 0x07E0, 0x07E0, 0x07E0, 0x07E0, 0x07E0, 0x0FC2, 0x5FEB, 0x8FF2, 0x97F3, 0x9FF3, 0x8FF1,
  0x7FF0, 0x67CC, 0x3F88, 0x1FA4, 0x07C1, 0x07C0, 0x07C1, 0x07A1, 0x17A2, 0x17A2, 0x0FA1, 0x4FC9,
  0x97F3, 0xB7F7, 0xA7D5, 0x6ECE, 0x2504, 0x0400, 0x03E0, 0x0400, 0x03C0, 0x0340, 0x02C0, 0x0280,
  0x0240, 0x0200, 0x01C0, 0x01A0, 0x01A0, 0x0180, 0x0160, 0x0160, 0x0160, 0x0160, 0x0160, 0x0160,
  0x0160, 0x0180, 0x0180, 0x01C0, 0x0200, 0x0240, 0x02C0, 0x0300, 0x0380, 0x0480, 0x0480, 0x1502,
  0x8770, 0xB7F6, 0x8750, 0x1522, 0x0520, 0x0540, 0x0540, 0x0540, 0x0500, 0x3606, 0x97F2, 0x97F2,
  0x3E47, 0x0540, 0x05A0, 0x05A0, 0x0540, 0x0D41, 0x674C, 0x97F1, 0x672C, 0x0CA1, 0x0420, 0x0400,
  0x0320, 0x0280, 0x01E0, 0x01A0, 0x0160, 0x0100, 0x00C0, 0x00A0, 0x0080, 0x0060, 0x0040, 0x0020,
  0x0040, 0x0020, 0x0020, 0x0020, 0x0020, 0x0000, 0x0000, 0x0000, 0x0000, 0x0000, 0x0000, 0x0000,
  0x0020, 0x0020, 0x0040, 0x0040, 0x0040, 0x0040, 0x0040, 0x0080, 0x00C0, 0x00E0, 0x0120, 0x0160,
  0x01C0, 0x0240, 0x02C0, 0x0380, 0x0C40, 0x0420, 0x1D64, 0x87D0, 0x87F0, 0x3EA7, 0x0520, 0x05A0,
  0x05C0, 0x05A0, 0x0540, 0x5F2C, 0xA7F3, 0x778E, 0x15A2, 0x0540, 0x0540, 0x0540, 0x0540, 0x0500,
  0x2DA5, 0x97B2, 0xB7F6, 0x6EED, 0x04C0, 0x04A0, 0x0440, 0x0380, 0x02E0, 0x02A0, 0x0260, 0x0220,
  0x01E0, 0x01C0, 0x01E0, 0x0200, 0x0220, 0x0260, 0x02A0, 0x0300, 0x03C0, 0x0460, 0x14A2, 0x8F70,
  0xAFF5, 0x3F86, 0x07C0, 0x07E0, 0x07E0, 0x07E0, 0x07E0, 0x07E0, 0x07E0, 0x07E0, 0x07E0, 0x0FC1,
  0x1FA2, 0x1FC3, 0x1FA3, 0x1FA2, 0x17A1, 0x0FC1, 0x0780, 0x0FA1, 0x0FA0, 0x17A1, 0x1FA3, 0x3FA8,
  0x6FCD, 0x6FCD, 0x1F83, 0x6FCD, 0xAFF6, 0x6EAD, 0x2D05, 0x0441, 0x0400, 0x0421, 0x0BE1, 0x0360,
  0x02E0, 0x0280, 0x0240, 0x0220, 0x01E0, 0x01A0, 0x0180, 0x0180, 0x0160, 0x0160, 0x0160, 0x0160,
  0x0160, 0x0160, 0x0160, 0x0160, 0x0180, 0x0180, 0x01A0, 0x01E0, 0x0220, 0x0280, 0x02E0, 0x0340,
  0x0401, 0x0480, 0x0480, 0x4608, 0xAFF5, 0xAFF4, 0x4E49, 0x04E0, 0x0540, 0x0540, 0x0540, 0x0540,
  0x0521, 0x5F0B, 0x9FF3, 0x7FCE, 0x1DA2, 0x0540, 0x05A0, 0x05A0, 0x0540, 0x25E4, 0x77CE, 0x8FF1,
  0x3E48, 0x0440, 0x0440, 0x03E0, 0x0300, 0x0260, 0x01E0, 0x01A0, 0x0140, 0x00E0, 0x00A0, 0x0080,
  0x0060, 0x0040, 0x0040, 0x0020, 0x0040, 0x0020, 0x0020, 0x0020, 0x0000, 0x0000, 0x0000, 0x0000,
  0x0000, 0x0000, 0x0000, 0x0000, 0x0000, 0x0020, 0x0020, 0x0040, 0x0040, 0x0020, 0x0040, 0x0080,
  0x00A0, 0x00C0, 0x0100, 0x0160, 0x01A0, 0x0220, 0x02A0, 0x0320, 0x0C20, 0x0440, 0x0CA1, 0x6F2D,
  0x97F1, 0x5F4B, 0x0D61, 0x0560, 0x05C0, 0x05C0, 0x0540, 0x3626, 0x97F2, 0x97F1, 0x3E67, 0x0520,
  0x0540, 0x0540, 0x0540, 0x0540, 0x0D21, 0x670C, 0xAFF5, 0x97F2, 0x2D85, 0x0480, 0x04A0, 0x0400,
  0x0340, 0x02C0, 0x0280, 0x0240, 0x0220, 0x0200, 0x0200, 0x0200, 0x0240, 0x0280, 0x02C0, 0x0360,
  0x0420, 0x0420, 0x3545, 0xA7F3, 0x87CF, 0x1F63, 0x07C0, 0x07E0, 0x07C0, 0x07C0, 0x07E0, 0x07E0,
  0x07E0, 0x07E0, 0x07E0, 0x07E0, 0x07E0, 0x07C0, 0x07A0, 0x07A0, 0x07E0, 0x07C1, 0x27A4, 0x4789,
  0x67AB, 0x7FCE, 0x97F2, 0xA7F4, 0xAFF5, 0x9FF3, 0x2F65, 0x6FAD, 0xB7F6, 0x3D87, 0x03C0, 0x0420,
  0x0401, 0x0380, 0x0320, 0x02C0, 0x0260, 0x0240, 0x0200, 0x01E0, 0x01C0, 0x0180, 0x0180, 0x0160,
  0x0160, 0x0160, 0x0160, 0x0160, 0x0160, 0x0160, 0x0160, 0x0160, 0x0180, 0x01A0, 0x01C0, 0x0220,
  0x0260, 0x02C0, 0x0320, 0x03A0, 0x0C61, 0x0480, 0x14E2, 0x7F4F, 0xBFF6, 0x87B1, 0x1D63, 0x0520,
  0x0540, 0x0540, 0x0540, 0x0520, 0x25C3, 0x7FAF, 0x9FF3, 0x56EA, 0x0540, 0x0580, 0x05A0, 0x0580,
  0x0520, 0x46A8, 0x87F0, 0x7FAF, 0x2564, 0x0440, 0x0420, 0x0380, 0x02C0, 0x0220, 0x01C0, 0x0180,
  0x0120, 0x00E0, 0x00A0, 0x0080, 0x0060, 0x0040, 0x0040, 0x0020, 0x0020, 0x0020, 0x0000, 0x0000,
  0x0000, 0x0000, 0x0000, 0x0000, 0x0000, 0x0000, 0x0000, 0x0000, 0x0000, 0x0020, 0x0020, 0x0040,
  0x0020, 0x0020, 0x0040, 0x0060, 0x00A0, 0x00A0, 0x00E0, 0x0140, 0x01A0, 0x0200, 0x0260, 0x02E0,
  0x03C0, 0x0C60, 0x0440, 0x4E49, 0x8FF1, 0x77AF, 0x2605, 0x0520, 0x0580, 0x0DC0, 0x0560, 0x1D82,
  0x776E, 0x9FF3, 0x6F4D, 0x0D61, 0x0540, 0x0540, 0x0540, 0x0540, 0x0500, 0x2DC5, 0x97D2, 0xAFF5,
  0x76ED, 0x0CC1, 0x04C0, 0x0480, 0x03A0, 0x0320, 0x02C0, 0x0280, 0x0260, 0x0220, 0x0200, 0x0220,
  0x0260, 0x02A0, 0x0300, 0x03A0, 0x0460, 0x0440, 0x664B, 0xB7F5, 0x7FAF, 0x4768, 0x3FC7, 0x3FA7,
  0x3FA7, 0x3FA7, 0x3FA7, 0x3FA7, 0x3FA7, 0x3FA7, 0x3FA7, 0x3FA7, 0x3FC7, 0x3FC7, 0x4FE9, 0x5FEA,
  0x37C6, 0x1F84, 0x6FEE, 0xA7F4, 0xB7F6, 0xB7F5, 0xA7B4, 0x86D0, 0x9F53, 0xA7F4, 0x2F65, 0x6FCD,
  0xB7F6, 0x3DE8, 0x0400, 0x0400, 0x0360, 0x02E0, 0x0280, 0x0260, 0x0220, 0x01E0, 0x01C0, 0x01A0,
  0x0180, 0x0160, 0x0160, 0x0160, 0x0140, 0x0140, 0x0160, 0x0160, 0x0160, 0x0160, 0x0160, 0x0180,
  0x0180, 0x01C0, 0x0200, 0x0240, 0x0280, 0x0300, 0x0380, 0x0420, 0x0480, 0x0460, 0x4E09, 0xAFF4,
  0xAFF5, 0x4E8A, 0x04E0, 0x0541, 0x0520, 0x0540, 0x0560, 0x0520, 0x4EA9, 0x97F2, 0x8FD1, 0x2E05,
  0x0560, 0x05C0, 0x05C0, 0x0540, 0x0D61, 0x6F6D, 0x8FF1, 0x672C, 0x0CA1, 0x0440, 0x0400, 0x0320,
  0x0280, 0x0200, 0x01A0, 0x0160, 0x0100, 0x00E0, 0x00A0, 0x0080, 0x0040, 0x0040, 0x0040, 0x0020,
  0x0020, 0x0020, 0x0000, 0x0000, 0x0000, 0x0000, 0x0000, 0x0000, 0x0000, 0x0000, 0x0000, 0x0000,
  0x0000, 0x0020, 0x0020, 0x0040, 0x0020, 0x0020, 0x0040, 0x0040, 0x0080, 0x00A0, 0x00E0, 0x0120,
  0x0180, 0x01E0, 0x0220, 0x02A0, 0x0360, 0x0C21, 0x0420, 0x1D43, 0x7FAF, 0x8FF1, 0x4EC9, 0x0520,
  0x0560, 0x0DA0, 0x0580, 0x0520, 0x4688, 0x9FF2, 0x8FF1, 0x3646, 0x0520, 0x0560, 0x0540, 0x0540,
  0x0520, 0x04E1, 0x66AC, 0xAFF5, 0xA7D3, 0x3DC7, 0x0480, 0x04A0, 0x0420, 0x0380, 0x0320, 0x02C0,
  0x02A0, 0x0260, 0x0240, 0x0240, 0x0280, 0x02E0, 0x0320, 0x03C0, 0x0480, 0x0CA0, 0x872F, 0xBFF7,
  0xB7F6, 0xB7F6, 0xB7F6, 0xB7F6, 0xB7F6, 0xB7F6, 0xB7F6, 0xB7F6, 0xB7F6, 0xB7F5, 0xB7F6, 0xB7F6,
  0xB7F6, 0xB7F6, 0xB7F6, 0xB7F5, 0x77AE, 0x3727, 0x8FF1, 0x9F92, 0x666B, 0x3D87, 0x1CC3, 0x1462,
  0x8730, 0xA7F4, 0x2F65, 0x6FAD, 0xB7F6, 0x3DC8, 0x0400, 0x0400, 0x0320, 0x0280, 0x0220, 0x0200,
  0x01C0, 0x01A0, 0x01A0, 0x0180, 0x0160, 0x0160, 0x0140, 0x0140, 0x0140, 0x0140, 0x0140, 0x0160,
  0x0160, 0x0160, 0x0160, 0x0180, 0x01C0, 0x0200, 0x0240, 0x0260, 0x02C0, 0x0320, 0x03E0, 0x0480,
  0x0480, 0x1D23, 0x8F91, 0xB7F6, 0x8770, 0x1D23, 0x0500, 0x0540, 0x0520, 0x0520, 0x0520, 0x1DA3,
  0x7FAF, 0x9FF3, 0x674C, 0x0D61, 0x0580, 0x05C0, 0x0580, 0x0500, 0x2E45, 0x87F0, 0x8FF1, 0x3E07,
  0x0420, 0x0441, 0x03C0, 0x02C0, 0x0240, 0x01C0, 0x01A0, 0x0140, 0x0100, 0x00C0, 0x0080, 0x0060,
  0x0040, 0x0040, 0x0040, 0x0020, 0x0020, 0x0020, 0x0000, 0x0000, 0x0000, 0x0000, 0x0000, 0x0000,
  0x0000, 0x0000, 0x0000, 0x0000, 0x0000, 0x0020, 0x0020, 0x0040, 0x0020, 0x0020, 0x0040, 0x0040,
  0x0080, 0x00A0, 0x00C0, 0x0100, 0x0160, 0x01C0, 0x0220, 0x0280, 0x0320, 0x03E1, 0x0440, 0x04A0,
  0x5EEB, 0x97F2, 0x6F8E, 0x1D83, 0x0520, 0x05A0, 0x0DA0, 0x0560, 0x1DC3, 0x7FAF, 0x9FF3, 0x672C,
  0x0D42, 0x0540, 0x0560, 0x0540, 0x0560, 0x0520, 0x2563, 0x8F90, 0xB7F6, 0x874F, 0x1CE2, 0x04A0,
  0x04A0, 0x0400, 0x0360, 0x0320, 0x02C0, 0x02A0, 0x0260, 0x0280, 0x02A0, 0x02E0, 0x0320, 0x03C0,
  0x0461, 0x0480, 0x4607, 0x770D, 0x6F0D, 0x76ED, 0x76EE, 0x76EE, 0x76EE, 0x76EE, 0x76EE, 0x76EE,
  0x76EE, 0x76EE, 0x76EE, 0x76EE, 0x6ECD, 0x666C, 0x764D, 0xAFF4, 0x77AF, 0x3EE7, 0x8FF1, 0x9731,
  0x1422, 0x03E0, 0x03E0, 0x0C61, 0x8750, 0xA7F5, 0x2F65, 0x6FAD, 0xB7F6, 0x3DC8, 0x03E0, 0x0BE0,
  0x0300, 0x0260, 0x0200, 0x01C0, 0x0180, 0x0160, 0x0160, 0x0160, 0x0140, 0x0140, 0x0140, 0x0140,
  0x0140, 0x0140, 0x0140, 0x0160, 0x0160, 0x0160, 0x0180, 0x01C0, 0x01E0, 0x0220, 0x0260, 0x0280,
  0x0300, 0x03A0, 0x0460, 0x04A0, 0x04A0, 0x5ECC, 0xAFF5, 0xA7F4, 0x3E07, 0x04C0, 0x0540, 0x0540,
  0x0540, 0x0540, 0x0500, 0x4E89, 0x97F2, 0x8FF2, 0x3646, 0x0560, 0x05A0, 0x05C0, 0x0560, 0x0D20,
  0x572A, 0x8FF2, 0x7F8F, 0x1D02, 0x0440, 0x0C20, 0x0340, 0x02A0, 0x0200, 0x01C0, 0x0180, 0x0120,
  0x00E0, 0x00C0, 0x0080, 0x0060, 0x0040, 0x0040, 0x0040, 0x0020, 0x0020, 0x0020, 0x0000, 0x0000,
  0x0000, 0x0000, 0x0000, 0x0000, 0x0000, 0x0000, 0x0000, 0x0000, 0x0000, 0x0020, 0x0020, 0x0040,
  0x0020, 0x0020, 0x0040, 0x0060, 0x0060, 0x00A0, 0x00C0, 0x0100, 0x0140, 0x01A0, 0x0200, 0x0240,
  0x02E0, 0x03A0, 0x0440, 0x0440, 0x35C6, 0x87D0, 0x87F0, 0x4668, 0x0500, 0x0560, 0x05C0, 0x05A0,
  0x0540, 0x4EA9, 0x97F3, 0x87D1, 0x3626, 0x0520, 0x0560, 0x0540, 0x0560, 0x0560, 0x04E0, 0x4E49,
  0xA7F4, 0xAFF4, 0x5E8B, 0x04A1, 0x04A0, 0x0461, 0x03C0, 0x0360, 0x0300, 0x02C0, 0x02A0, 0x0280,
  0x02A0, 0x02C0, 0x0300, 0x0380, 0x0420, 0x0480, 0x0460, 0x04A0, 0x0480, 0x0480, 0x0460, 0x0460,
  0x0460, 0x0460, 0x0440, 0x0440, 0x0440, 0x0440, 0x0440, 0x0420, 0x0440, 0x03E0, 0x3D27, 0xA7F4,
  0x77AE, 0x3EE7, 0x8FF1, 0x9751, 0x1C62, 0x0420, 0x0400, 0x0C61, 0x8751, 0xA7F5, 0x2F65, 0x6FAD,
  0xB7F6, 0x3DC7, 0x03E0, 0x0BE0, 0x0300, 0x0260, 0x0200, 0x01C0, 0x0160, 0x0140, 0x0140, 0x0140,
  0x0140, 0x0120, 0x0120, 0x0140, 0x0140, 0x0140, 0x0140, 0x0160, 0x0160, 0x0180, 0x01A0, 0x01E0,
  0x0220, 0x0260, 0x02A0, 0x02E0, 0x0360, 0x0420, 0x04A1, 0x0480, 0x35C6, 0x9FF4, 0xAFF6, 0x6F0D,
  0x0D01, 0x0520, 0x0560, 0x0540, 0x0560, 0x0520, 0x1DA3, 0x778E, 0x97F3, 0x6F4D, 0x0D61, 0x0580,
  0x05C0, 0x05C0, 0x0540, 0x25E4, 0x77CF, 0x8FF1, 0x566A, 0x0460, 0x0C60, 0x0BE0, 0x0300, 0x0260,
  0x01E0, 0x01A0, 0x0160, 0x0100, 0x00E0, 0x00A0, 0x0080, 0x0040, 0x0040, 0x0040, 0x0040, 0x0020,
  0x0020, 0x0000, 0x0000, 0x0000, 0x0000, 0x0000, 0x0000, 0x0000, 0x0000, 0x0000, 0x0000, 0x0000,
  0x0000, 0x0000, 0x0020, 0x0040, 0x0020, 0x0020, 0x0040, 0x0060, 0x0060, 0x0080, 0x00C0, 0x0100,
  0x0140, 0x0180, 0x01C0, 0x0220, 0x02A0, 0x0360, 0x0400, 0x0440, 0x0CA1, 0x6F4D, 0x8FF1, 0x6F6D,
  0x1562, 0x0520, 0x05A0, 0x05C0, 0x0560, 0x1DA3, 0x7FAF, 0x9FF3, 0x6F6D, 0x0D61, 0x0540, 0x0560,
  0x0560, 0x0560, 0x0500, 0x1521, 0x774E, 0xB7F6, 0x9FD3, 0x3DA7, 0x0460, 0x04A1, 0x0440, 0x03A0,
  0x0320, 0x0300, 0x02C0, 0x02A0, 0x02A0, 0x02C0, 0x02E0, 0x0340, 0x03C0, 0x0460, 0x0480, 0x0481,
  0x0460, 0x0461, 0x0441, 0x0440, 0x0440, 0x0420, 0x0420, 0x0420, 0x0420, 0x0400, 0x0420, 0x0420,
  0x0440, 0x03E0, 0x3D67, 0xA7F4, 0x6FAE, 0x3F07, 0x8FF1, 0x8F51, 0x1442, 0x0400, 0x0400, 0x0C61,
  0x8750, 0xA7F4, 0x2F65, 0x6FCD, 0xB7F6, 0x3DC7, 0x0400, 0x03E0, 0x0300, 0x0260, 0x0200, 0x01C0,
  0x0180, 0x0140, 0x0140, 0x0140, 0x0140, 0x0120, 0x0120, 0x0120, 0x0140, 0x0140, 0x0140, 0x0160,
  0x0180, 0x01A0, 0x01C0, 0x0220, 0x0260, 0x02A0, 0x02E0, 0x0340, 0x03E0, 0x0480, 0x0480, 0x1502,
  0x8790, 0xB7F7, 0x97D3, 0x2585, 0x04E0, 0x0540, 0x0560, 0x0540, 0x0540, 0x0540, 0x46A9, 0x97F2,
  0x8FF1, 0x3646, 0x0540, 0x05C1, 0x05A0, 0x0580, 0x0540, 0x4EE9, 0x8FF1, 0x7FB0, 0x2D44, 0x0420,
  0x0C40, 0x03A0, 0x02C0, 0x0220, 0x01E0, 0x01A0, 0x0140, 0x0100, 0x00E0, 0x0080, 0x0060, 0x0040,
  0x0040, 0x0040, 0x0020, 0x0020, 0x0020, 0x0000, 0x0000, 0x0000, 0x0000, 0x0000, 0x0000, 0x0000,
  0x0000, 0x0000, 0x0000, 0x0000, 0x0000, 0x0000, 0x0000, 0x0020, 0x0020, 0x0040, 0x0040, 0x0040,
  0x0060, 0x0060, 0x00A0, 0x00E0, 0x0100, 0x0160, 0x01A0, 0x01E0, 0x0260, 0x02E0, 0x03A0, 0x0C40,
  0x0460, 0x3E07, 0x8FF1, 0x87EF, 0x3687, 0x0520, 0x0560, 0x05C0, 0x05A0, 0x0520, 0x4688, 0x97F3,
  0x97F1, 0x3E67, 0x0520, 0x0560, 0x0560, 0x0560, 0x0540, 0x0520, 0x2DE5, 0x97B1, 0xB7F5, 0x8F70,
  0x1D23, 0x0480, 0x04A1, 0x0420, 0x0380, 0x0340, 0x0300, 0x02C0, 0x02C0, 0x02C0, 0x02E0, 0x0300,
  0x0340, 0x0380, 0x03A0, 0x03C1, 0x03A0, 0x03A0, 0x0380, 0x0360, 0x0360, 0x0360, 0x0360, 0x0360,
  0x0341, 0x0B41, 0x0340, 0x0360, 0x03E0, 0x03E0, 0x4547, 0xA7F4, 0x6FAD, 0x3F07, 0x8FF1, 0x9751,
  0x1C42, 0x0400, 0x0400, 0x0C61, 0x8750, 0xA7F4, 0x2F65, 0x6FAD, 0xB7F6, 0x3DC8, 0x0400, 0x03E0,
  0x02E0, 0x0260, 0x0200, 0x01C0, 0x0180, 0x0140, 0x0120, 0x0120, 0x0120, 0x0120, 0x0120, 0x0120,
  0x0120, 0x0140, 0x0160, 0x0180, 0x0180, 0x01C0, 0x0200, 0x0240, 0x0280, 0x02C0, 0x0340, 0x03C0,
  0x0C61, 0x0460, 0x0481, 0x66CD, 0xB7F6, 0xAFF4, 0x5669, 0x04C0, 0x0560, 0x0560, 0x0560, 0x0560,
  0x0540, 0x25E4, 0x7FAF, 0x9FF3, 0x672B, 0x0D60, 0x0580, 0x05A0, 0x05A0, 0x0520, 0x1DA3, 0x778E,
  0x97F1, 0x5EEB, 0x0461, 0x0C20, 0x0401, 0x0320, 0x0280, 0x0200, 0x01A0, 0x0160, 0x0100, 0x00E0,
  0x00A0, 0x0080, 0x0060, 0x0040, 0x0040, 0x0040, 0x0020, 0x0020, 0x0020, 0x0000, 0x0000, 0x0000,
  0x0000, 0x0000, 0x0000, 0x0000, 0x0000, 0x0000, 0x0000, 0x0000, 0x0000, 0x0000, 0x0000, 0x0020,
  0x0020, 0x0040, 0x0040, 0x0040, 0x0040, 0x0040, 0x0080, 0x00C0, 0x00E0, 0x0140, 0x0180, 0x01C0,
  0x0220, 0x0280, 0x0340, 0x0C20, 0x0460, 0x14E2, 0x774D, 0x8FF1, 0x5F6C, 0x0D82, 0x0540, 0x05A0,
  0x05C0, 0x0560, 0x1582, 0x776E, 0x9FF2, 0x7FAE, 0x1DA2, 0x0540, 0x0580, 0x0560, 0x0540, 0x0540,
  0x04E0, 0x4E28, 0xA7F3, 0xB7F5, 0x6F0D, 0x0CC2, 0x04A0, 0x0480, 0x0400, 0x0380, 0x0340, 0x0300,
  0x02E0, 0x02E0, 0x02C0, 0x02E0, 0x02E0, 0x0300, 0x0300, 0x0300, 0x02E0, 0x02E0, 0x02E0, 0x02C0,
  0x02C0, 0x02A0, 0x02A0, 0x02A0, 0x02A0, 0x0281, 0x02A0, 0x0300, 0x03E0, 0x03E0, 0x4547, 0xA7F4,
  0x6FAD, 0x3F07, 0x8FF1, 0x9751, 0x1C42, 0x0400, 0x0400, 0x0C41, 0x8730, 0xA7F4, 0x2F65, 0x6FAD,
  0xAFF6, 0x3DC8, 0x0400, 0x03E0, 0x02E0, 0x0260, 0x0200, 0x01C0, 0x0180, 0x0140, 0x0120, 0x0120,
  0x0120, 0x0120, 0x0120, 0x0120, 0x0120, 0x0160, 0x0180, 0x0180, 0x01A0, 0x0200, 0x0260, 0x0280,
  0x02C0, 0x0340, 0x03A1, 0x0C40, 0x0CA1, 0x0460, 0x564A, 0xAFF5, 0xB7F6, 0x6EED, 0x0D01, 0x0520,
  0x0560, 0x0540, 0x0560, 0x0540, 0x0541, 0x5F2B, 0x9FF2, 0x8FD0, 0x2DE4, 0x0540, 0x0DC0, 0x0DC0,
  0x0540, 0x0520, 0x4EA9, 0x8FF1, 0x87B0, 0x2DA5, 0x0440, 0x0C21, 0x03A1, 0x02E0, 0x0240, 0x01E0,
  0x0180, 0x0140, 0x00E0, 0x00C0, 0x00A0, 0x0060, 0x0040, 0x0040, 0x0040, 0x0040, 0x0020, 0x0000,
  0x0000, 0x0000, 0x0000, 0x0000, 0x0000, 0x0000, 0x0000, 0x0000, 0x0000, 0x0000, 0x0000, 0x0000,
  0x0000, 0x0000, 0x0000, 0x0000, 0x0020, 0x0040, 0x0040, 0x0040, 0x0040, 0x0040, 0x0080, 0x00C0,
  0x00E0, 0x0120, 0x0160, 0x01A0, 0x01E0, 0x0260, 0x0300, 0x0BC0, 0x0440, 0x0440, 0x3E27, 0x87F0,
  0x87F0, 0x3666, 0x0520, 0x0580, 0x05C0, 0x05A0, 0x0540, 0x3646, 0x8FF1, 0x97F2, 0x56CA, 0x0520,
  0x0560, 0x0540, 0x0540, 0x0541, 0x0520, 0x0D21, 0x66EC, 0xA7F4, 0xA7F4, 0x566A, 0x0CC0, 0x04C0,
  0x0480, 0x0400, 0x0380, 0x0340, 0x0300, 0x02E0, 0x02C0, 0x02C0, 0x02A0, 0x02C0, 0x02C0, 0x02A0,
  0x0280, 0x0280, 0x0280, 0x0260, 0x0260, 0x0240, 0x0240, 0x0240, 0x0220, 0x0220, 0x0260, 0x0300,
  0x0BE0, 0x03E0, 0x3D67, 0xA7F4, 0x6FAD, 0x3F06, 0x8FF1, 0x9751, 0x1442, 0x0400, 0x0400, 0x0C41,
  0x8730, 0xA7F4, 0x2F65, 0x6FAD, 0xAFF6, 0x3DC8, 0x0400, 0x03E0, 0x02E0, 0x0260, 0x0220, 0x01C0,
  0x0180, 0x0140, 0x0120, 0x0120, 0x0120, 0x0120, 0x0120, 0x0120, 0x0140, 0x0160, 0x0180, 0x01A0,
  0x01E0, 0x0240, 0x0280, 0x02C0, 0x0320, 0x03A0, 0x0C21, 0x0C60, 0x0460, 0x3DC6, 0x9FD3, 0xB7F6,
  0x8770, 0x1D64, 0x04E0, 0x0540, 0x0540, 0x0540, 0x0540, 0x0500, 0x3646, 0x8FF1, 0x9FF2, 0x56E9,
  0x0D40, 0x0580, 0x05C0, 0x0580, 0x0500, 0x1DA4, 0x77AF, 0x8FF1, 0x5EEC, 0x0C61, 0x0440, 0x0400,
  0x0340, 0x02A0, 0x0200, 0x01A0, 0x0160, 0x0120, 0x00E0, 0x00C0, 0x0080, 0x0060, 0x0040, 0x0040,
  0x0040, 0x0040, 0x0020, 0x0000, 0x0000, 0x0000, 0x0000, 0x0000, 0x0000, 0x0000, 0x0000, 0x0000,
  0x0000, 0x0000, 0x0000, 0x0000, 0x0000, 0x0000, 0x0000, 0x0000, 0x0020, 0x0040, 0x0040, 0x0040,
  0x0040, 0x0040, 0x0060, 0x00A0, 0x00C0, 0x0100, 0x0140, 0x0180, 0x01C0, 0x0220, 0x02A0, 0x0360,
  0x0C00, 0x0440, 0x14E2, 0x6F6E, 0x8FF1, 0x6F8D, 0x1562, 0x0540, 0x05A0, 0x05C0, 0x0580, 0x0560,
  0x5F2B, 0x9FF3, 0x8FF1, 0x3626, 0x0500, 0x0560, 0x0560, 0x0540, 0x0560, 0x0500, 0x1D63, 0x776E,
  0xB7F6, 0x9FF3, 0x4628, 0x0480, 0x04C0, 0x0480, 0x0400, 0x0380, 0x0340, 0x02E0, 0x02C0, 0x0280,
  0x0280, 0x0260, 0x0260, 0x0260, 0x0240, 0x0240, 0x0220, 0x0200, 0x0200, 0x0200, 0x0200, 0x01E0,
  0x0200, 0x0200, 0x0260, 0x0300, 0x03E1, 0x03E0, 0x3D67, 0xA7F4, 0x6FAD, 0x3707, 0x8FF1, 0x9752,
  0x1C62, 0x0400, 0x0400, 0x0C61, 0x8750, 0xA7F4, 0x2F65, 0x6FAD, 0xB7F6, 0x3DC8, 0x0420, 0x0400,
  0x02E0, 0x0260, 0x0220, 0x01C0, 0x0180, 0x0160, 0x0140, 0x0140, 0x0140, 0x0140, 0x0140, 0x0140,
  0x0160, 0x0180, 0x01A0, 0x01C0, 0x0220, 0x0260, 0x02C0, 0x0320, 0x03A0, 0x0420, 0x0460, 0x0460,
  0x3565, 0x97B2, 0xBFF6, 0x9FD2, 0x35E6, 0x0500, 0x0540, 0x0540, 0x0540, 0x0541, 0x0520, 0x1DA3,
  0x778E, 0x9FF2, 0x7F8E, 0x1DC2, 0x0540, 0x05A0, 0x05A0, 0x0540, 0x0D21, 0x4EC9, 0x87F1, 0x87D0,
  0x2DA5, 0x0440, 0x0C41, 0x03C0, 0x0300, 0x0260, 0x01E0, 0x01A0, 0x0140, 0x0100, 0x00E0, 0x00A0,
  0x0080, 0x0040, 0x0040, 0x0040, 0x0040, 0x0040, 0x0020, 0x0000, 0x0000, 0x0000, 0x0000, 0x0000,
  0x0000, 0x0000, 0x0000, 0x0000, 0x0000, 0x0000, 0x0000, 0x0000, 0x0000, 0x0000, 0x0000, 0x0000,
  0x0020, 0x0040, 0x0040, 0x0040, 0x0040, 0x0040, 0x0060, 0x0080, 0x00A0, 0x00E0, 0x0120, 0x0160,
  0x01A0, 0x01E0, 0x0260, 0x0300, 0x03C0, 0x0440, 0x0440, 0x3DE7, 0x8FF1, 0x87F1, 0x4688, 0x0520,
  0x0560, 0x05A0, 0x0DC0, 0x0560, 0x25E4, 0x7FAF, 0x9FF3, 0x778E, 0x1D83, 0x0520, 0x0580, 0x0560,
  0x0540, 0x0540, 0x04E0, 0x25A4, 0x87B0, 0xAFF5, 0x97D2, 0x3DE7, 0x04A0, 0x04A0, 0x0460, 0x03C0,
  0x0360, 0x0320, 0x02C0, 0x0280, 0x0240, 0x0220, 0x0220, 0x0220, 0x0200, 0x0200, 0x01E0, 0x01C0,
  0x01C0, 0x01A0, 0x01A0, 0x01A0, 0x01C0, 0x0200, 0x0260, 0x0300, 0x0401, 0x0400, 0x3D67, 0xA7F4,
  0x6FAD, 0x3706, 0x8FF1, 0x9772, 0x1462, 0x0400, 0x0400, 0x0C61, 0x8750, 0xA7F4, 0x2F64, 0x6FAD,
  0xB7F6, 0x3DC8, 0x0420, 0x0400, 0x02E0, 0x0260, 0x0220, 0x01E0, 0x0180, 0x0160, 0x0160, 0x0140,
  0x0140, 0x0140, 0x0140, 0x0160, 0x0180, 0x0180, 0x01A0, 0x01E0, 0x0220, 0x0280, 0x02E0, 0x0360,
  0x0420, 0x0480, 0x0460, 0x2524, 0x8770, 0xB7F6, 0xA7F4, 0x4628, 0x04E0, 0x0540, 0x0540, 0x0540,
  0x0540, 0x0520, 0x0521, 0x56EA, 0x9FF2, 0x8FF2, 0x3E67, 0x0520, 0x0580, 0x05A0, 0x0580, 0x0520,
  0x2DE5, 0x7FAE, 0x8FF1, 0x56CA, 0x0C80, 0x0460, 0x0421, 0x0340, 0x02A0, 0x0220, 0x01C0, 0x0180,
  0x0140, 0x0100, 0x00C0, 0x00A0, 0x0060, 0x0040, 0x0020, 0x0040, 0x0040, 0x0040, 0x0020, 0x0000,
  0x0000, 0x0000, 0x0000, 0x0000, 0x0000, 0x0000, 0x0000, 0x0000, 0x0000, 0x0000, 0x0000, 0x0000,
  0x0000, 0x0000, 0x0000, 0x0000, 0x0000, 0x0020, 0x0040, 0x0040, 0x0040, 0x0040, 0x0040, 0x0060,
  0x00A0, 0x00C0, 0x0100, 0x0140, 0x0180, 0x01C0, 0x0220, 0x02A0, 0x0360, 0x0420, 0x0460, 0x0CA2,
  0x672D, 0x8FF2, 0x77AE, 0x1DA3, 0x0520, 0x0DA0, 0x0DC0, 0x0580, 0x0540, 0x4688, 0x97F2, 0x97F2,
  0x56EA, 0x0521, 0x0540, 0x0580, 0x0540, 0x0540, 0x0560, 0x0500, 0x2DE5, 0x97B2, 0xAFF5, 0x8FD1,
  0x3607, 0x04A0, 0x04C0, 0x0420, 0x0380, 0x0320, 0x02C0, 0x0260, 0x0220, 0x0200, 0x01E0, 0x01E0,
  0x01C0, 0x01C0, 0x01A0, 0x0180, 0x0180, 0x0180, 0x0180, 0x0160, 0x01A0, 0x0220, 0x0260, 0x0300,
  0x0401, 0x0400, 0x3D67, 0xA7F4, 0x778E, 0x3EC7, 0x97F2, 0x9772, 0x1462, 0x0400, 0x0400, 0x0C61,
  0x8750, 0xAFF4, 0x3726, 0x6F8E, 0xB7F6, 0x3DC8, 0x0420, 0x0400, 0x02E0, 0x0260, 0x0220, 0x01E0,
  0x01A0, 0x0180, 0x0160, 0x0160, 0x0160, 0x0160, 0x0160, 0x0160, 0x0180, 0x01A0, 0x01C0, 0x0200,
  0x0240, 0x02A0, 0x0300, 0x03C0, 0x0481, 0x0480, 0x1D43, 0x8770, 0xB7F5, 0xA7F4, 0x568A, 0x04E0,
  0x0520, 0x0520, 0x0520, 0x0540, 0x0560, 0x0500, 0x3E46, 0x8FF0, 0x9FF3, 0x5F0B, 0x0580, 0x0560,
  0x05A0, 0x05C0, 0x0560, 0x0D41, 0x5F2B, 0x8FF0, 0x77AE, 0x2564, 0x0440, 0x0440, 0x03C1, 0x02C0,
  0x0240, 0x01E0, 0x0180, 0x0140, 0x0100, 0x00E0, 0x00A0, 0x0080, 0x0060, 0x0040, 0x0020, 0x0020,
  0x0040, 0x0020, 0x0020, 0x0020, 0x0000, 0x0000, 0x0000, 0x0000, 0x0000, 0x0000, 0x0000, 0x0000,
  0x0000, 0x0000, 0x0000, 0x0000, 0x0000, 0x0000, 0x0000, 0x0000, 0x0000, 0x0020, 0x0020, 0x0020,
  0x0040, 0x0040, 0x0040, 0x0060, 0x0080, 0x00C0, 0x00E0, 0x0120, 0x0140, 0x01A0, 0x0200, 0x0280,
  0x02E0, 0x03C0, 0x0460, 0x0420, 0x2D65, 0x87CF, 0x8FF1, 0x5F0B, 0x0D41, 0x0540, 0x0580, 0x05A0,
  0x0560, 0x0D41, 0x5F0B, 0x97F2, 0x87F0, 0x3E87, 0x0520, 0x0560, 0x0540, 0x0540, 0x0560, 0x0560,
  0x0500, 0x3E07, 0x97D2, 0xB7F6, 0x7F8F, 0x0D21, 0x04A0, 0x0440, 0x0380, 0x0320, 0x02C0, 0x0280,
  0x0240, 0x0200, 0x01E0, 0x01C0, 0x01C0, 0x01A0, 0x0180, 0x0180, 0x0180, 0x0180, 0x0180, 0x0180,
  0x01E0, 0x0220, 0x0260, 0x0300, 0x03E0, 0x0400, 0x4567, 0xB7F5, 0x9FD3, 0x8770, 0xA7F4, 0x9771,
  0x1C62, 0x0400, 0x0400, 0x0C62, 0x8751, 0xB7F6, 0x7F8F, 0x97D3, 0xAFF6, 0x45E8, 0x0400, 0x03E0,
  0x0300, 0x0280, 0x0220, 0x01E0, 0x01A0, 0x0180, 0x0160, 0x0160, 0x0160, 0x0160, 0x0160, 0x0180,
  0x01A0, 0x01C0, 0x01E0, 0x0220, 0x0260, 0x02A0, 0x0320, 0x03E0, 0x0481, 0x0480, 0x568A, 0xB7F5,
  0xAFF3, 0x5EAB, 0x0D01, 0x0520, 0x0560, 0x0541, 0x0540, 0x0540, 0x0500, 0x25E4, 0x7FAE, 0x9FF3,
  0x778E, 0x1D83, 0x0560, 0x05C0, 0x0DC0, 0x0560, 0x0520, 0x3E67, 0x87F0, 0x87F0, 0x4E89, 0x0460,
  0x0460, 0x0400, 0x0320, 0x0280, 0x0200, 0x01A0, 0x0160, 0x0120, 0x0100, 0x00C0, 0x0080, 0x0060,
  0x0040, 0x0040, 0x0040, 0x0040, 0x0020, 0x0020, 0x0020, 0x0000, 0x0000, 0x0000, 0x0000, 0x0000,
  0x0000, 0x0000, 0x0000, 0x0000, 0x0000, 0x0000, 0x0000, 0x0000, 0x0000, 0x0000, 0x0000, 0x0000,
  0x0000, 0x0000, 0x0020, 0x0020, 0x0040, 0x0040, 0x0040, 0x0040, 0x0080, 0x00A0, 0x00C0, 0x0100,
  0x0140, 0x0180, 0x01C0, 0x0240, 0x02A0, 0x0340, 0x0420, 0x0460, 0x0C40, 0x568A, 0x97F1, 0x8FF1,
  0x3E67, 0x0520, 0x0560, 0x05A0, 0x0580, 0x0540, 0x1DA2, 0x778E, 0x97F3, 0x7FD0, 0x2E46, 0x0540,
  0x0560, 0x0560, 0x0540, 0x0560, 0x0540, 0x0500, 0x3E27, 0x7F6F, 0x4E69, 0x04C0, 0x04A0, 0x0441,
  0x0380, 0x0320, 0x02C0, 0x0280, 0x0240, 0x0200, 0x01E0, 0x01C0, 0x01C0, 0x0180, 0x0180, 0x0180,
  0x0160, 0x0180, 0x0180, 0x0180, 0x01E0, 0x0240, 0x0260, 0x0300, 0x03E0, 0x0400, 0x3566, 0x9FF3,
  0xAFF5, 0xAFF4, 0xAFF4, 0x8750, 0x0C61, 0x0420, 0x0420, 0x0441, 0x7F2F, 0xAFF6, 0xA7F5, 0xAFF5,
  0xA7F4, 0x35A6, 0x0420, 0x0400, 0x0300, 0x0280, 0x0220, 0x01E0, 0x01C0, 0x01A0, 0x0180, 0x0160,
  0x0160, 0x0180, 0x0180, 0x0180, 0x01A0, 0x01C0, 0x01E0, 0x0220, 0x0260, 0x02A0, 0x0320, 0x03E0,
  0x0C81, 0x0480, 0x2DC5, 0x876F, 0x5ECA, 0x0D01, 0x0500, 0x0540, 0x0540, 0x0540, 0x0540, 0x0520,
  0x1DA3, 0x778D, 0x9FF2, 0x8FD0, 0x3606, 0x0540, 0x05A0, 0x05C0, 0x05A0, 0x0520, 0x1DA3, 0x77AE,
  0x8FF2, 0x6F6D, 0x14E2, 0x0440, 0x0C61, 0x03A0, 0x02E0, 0x0240, 0x01E0, 0x0180, 0x0140, 0x0100,
  0x00E0, 0x00A0, 0x0060, 0x0040, 0x0040, 0x0040, 0x0040, 0x0040, 0x0020, 0x0020, 0x0000, 0x0000,
  0x0000, 0x0000, 0x0000, 0x0000, 0x0000, 0x0000, 0x0000, 0x0000, 0x0000, 0x0000, 0x0000, 0x0000,
  0x0000, 0x0000, 0x0000, 0x0000, 0x0000, 0x0000, 0x0020, 0x0020, 0x0040, 0x0040, 0x0040, 0x0040,
  0x0060, 0x0080, 0x00C0, 0x00E0, 0x0120, 0x0160, 0x01A0, 0x0200, 0x0280, 0x02E0, 0x03C0, 0x0440,
  0x0420, 0x1CE2, 0x7F6F, 0x97F2, 0x6F6D, 0x1DA3, 0x0540, 0x0D81, 0x0581, 0x05A1, 0x0540, 0x2E05,
  0x87D1, 0x9FF3, 0x77AE, 0x1DE3, 0x0540, 0x0560, 0x0540, 0x0540, 0x0560, 0x0540, 0x0500, 0x0D41,
  0x04E0, 0x04A0, 0x04A0, 0x0421, 0x0380, 0x0320, 0x02C0, 0x0260, 0x0220, 0x01E0, 0x01C0, 0x01C0,
  0x01A0, 0x0180, 0x0180, 0x0160, 0x0160, 0x0180, 0x0180, 0x0180, 0x01E0, 0x0240, 0x0260, 0x0300,
  0x03E0, 0x0440, 0x0461, 0x3566, 0x45A7, 0x3D87, 0x3DA7, 0x2505, 0x0420, 0x0420, 0x0420, 0x0420,
  0x24E4, 0x4588, 0x3D88, 0x45A8, 0x3586, 0x0480, 0x0440, 0x03C0, 0x02E0, 0x0260, 0x0220, 0x01E0,
  0x01C0, 0x01A0, 0x0180, 0x0180, 0x0180, 0x0180, 0x0180, 0x0180, 0x01A0, 0x01A0, 0x01E0, 0x0220,
  0x0260, 0x02A0, 0x0320, 0x03C0, 0x0461, 0x04A0, 0x04C0, 0x1522, 0x0500, 0x0500, 0x0560, 0x0540,
  0x0540, 0x0560, 0x0520, 0x1541, 0x5F2B, 0x9FF2, 0x97F2, 0x46A8, 0x0540, 0x0580, 0x05A0, 0x05A0,
  0x0540, 0x0D21, 0x570B, 0x87F1, 0x87D0, 0x35A6, 0x0420, 0x0440, 0x0C01, 0x0320, 0x02A0, 0x0200,
  0x01A0, 0x0160, 0x0120, 0x00E0, 0x00C0, 0x0080, 0x0060, 0x0040, 0x0040, 0x0040, 0x0040, 0x0020,
  0x0020, 0x0020, 0x0000, 0x0000, 0x0000, 0x0000, 0x0000, 0x0000, 0x0000, 0x0000, 0x0000, 0x0000,
  0x0000, 0x0000, 0x0000, 0x0000, 0x0000, 0x0000, 0x0000, 0x0000, 0x0000, 0x0000, 0x0020, 0x0020,
  0x0040, 0x0040, 0x0020, 0x0040, 0x0040, 0x0060, 0x00A0, 0x00C0, 0x0100, 0x0140, 0x0180, 0x01C0,
  0x0220, 0x0280, 0x0320, 0x03E0, 0x0C60, 0x0440, 0x3DC7, 0x8FD0, 0x8FF1, 0x570B, 0x0D41, 0x0520,
  0x0560, 0x05A1, 0x0DA1, 0x0540, 0x3E67, 0x8FF1, 0x97F2, 0x6F6D, 0x15A2, 0x0520, 0x0560, 0x0560,
  0x0560, 0x0561, 0x0560, 0x0500, 0x0500, 0x0CC1, 0x0440, 0x03C0, 0x0340, 0x02E0, 0x0280, 0x0240,
  0x0200, 0x01E0, 0x01E0, 0x01C0, 0x01A0, 0x0180, 0x0180, 0x0180, 0x0180, 0x0180, 0x0180, 0x0180,
  0x01C0, 0x0220, 0x0260, 0x02C0, 0x0360, 0x0421, 0x0420, 0x0420, 0x0420, 0x0400, 0x0400, 0x0400,
  0x0440, 0x03C0, 0x03A0, 0x0420, 0x0400, 0x03E0, 0x0400, 0x0420, 0x0420, 0x0440, 0x0400, 0x0360,
  0x02C0, 0x0260, 0x0220, 0x01C0, 0x01C0, 0x01A0, 0x0180, 0x0180, 0x0180, 0x0180, 0x0180, 0x01A0,
  0x01A0, 0x01A0, 0x01E0, 0x0220, 0x0260, 0x02A0, 0x0300, 0x0360, 0x03E0, 0x0480, 0x04E0, 0x04E0,
  0x0520, 0x0560, 0x0540, 0x0540, 0x0540, 0x0520, 0x0520, 0x56E9, 0x97F1, 0x9FF3, 0x5F0B, 0x0541,
  0x0560, 0x05C0, 0x05A0, 0x0560, 0x0520, 0x3E68, 0x7FF0, 0x8FF1, 0x56AA, 0x0460, 0x0420, 0x0400,
  0x0360, 0x02C0, 0x0240, 0x01E0, 0x0180, 0x0140, 0x0100, 0x00C0, 0x00A0, 0x0060, 0x0040, 0x0040,
  0x0040, 0x0040, 0x0040, 0x0020, 0x0000, 0x0000, 0x0000, 0x0000, 0x0000, 0x0000, 0x0000, 0x0000,
  0x0000, 0x0000, 0x0000, 0x0000, 0x0000, 0x0000, 0x0000, 0x0000, 0x0000, 0x0000, 0x0000, 0x0000,
  0x0000, 0x0000, 0x0020, 0x0020, 0x0040, 0x0040, 0x0020, 0x0020, 0x0040, 0x0060, 0x0080, 0x00C0,
  0x00E0, 0x0120, 0x0160, 0x01A0, 0x01E0, 0x0240, 0x02C0, 0x0380, 0x0420, 0x0460, 0x0460, 0x56A9,
  0x97F1, 0x87F0, 0x3E87, 0x0520, 0x0540, 0x0581, 0x05C0, 0x0580, 0x0540, 0x4EC8, 0x97F2, 0x97F2,
  0x6F4C, 0x1D82, 0x0540, 0x0560, 0x0540, 0x0540, 0x0520, 0x04C0, 0x0480, 0x0440, 0x03C0, 0x0360,
  0x0320, 0x02E0, 0x0280, 0x0220, 0x0200, 0x01E0, 0x01C0, 0x01C0, 0x01A0, 0x0180, 0x0180, 0x0180,
  0x0180, 0x0180, 0x0180, 0x0180, 0x01C0, 0x0200, 0x0240, 0x0280, 0x02E0, 0x0340, 0x03A0, 0x03E1,
  0x03E0, 0x03E1, 0x03E1, 0x0BE1, 0x03A0, 0x0300, 0x02E0, 0x0380, 0x03C0, 0x03E0, 0x03E1, 0x03E0,
  0x03E0, 0x03C0, 0x0360, 0x02E0, 0x0280, 0x0260, 0x0200, 0x01A0, 0x01A0, 0x01A0, 0x0180, 0x0180,
  0x0180, 0x0180, 0x0180, 0x01A0, 0x01A0, 0x01C0, 0x01E0, 0x0200, 0x0260, 0x0280, 0x02E0, 0x0300,
  0x0360, 0x03E0, 0x0460, 0x04A0, 0x04C0, 0x0500, 0x0540, 0x0540, 0x0520, 0x0540, 0x4EC9, 0x8FF1,
  0x9FF2, 0x674C, 0x0DA3, 0x0580, 0x05A0, 0x0580, 0x0560, 0x0540, 0x2605, 0x77CF, 0x87F1, 0x6F4D,
  0x14E2, 0x0440, 0x0440, 0x03A0, 0x0300, 0x0260, 0x0200, 0x01C0, 0x0160, 0x0120, 0x00E0, 0x00A0,
  0x00A0, 0x0060, 0x0040, 0x0040, 0x0040, 0x0040, 0x0040, 0x0020, 0x0000, 0x0000, 0x0000, 0x0000,
  0x0000, 0x0000, 0x0000, 0x0000, 0x0000, 0x0000, 0x0000, 0x0000, 0x0000, 0x0000, 0x0000, 0x0000,
  0x0000, 0x0000, 0x0000, 0x0000, 0x0000, 0x0000, 0x0020, 0x0020, 0x0020, 0x0040, 0x0020, 0x0020,
  0x0040, 0x0040, 0x0080, 0x00A0, 0x00C0, 0x00E0, 0x0120, 0x0180, 0x01A0, 0x0200, 0x0260, 0x0300,
  0x03C0, 0x0420, 0x0440, 0x14E1, 0x6F2D, 0x8FF1, 0x77AE, 0x2E25, 0x0520, 0x0560, 0x05A0, 0x05A0,
  0x0560, 0x0D60, 0x56EA, 0x97F2, 0x97F2, 0x5F2B, 0x15A2, 0x0540, 0x0540, 0x04E0, 0x0480, 0x0440,
  0x0400, 0x03A0, 0x0340, 0x0340, 0x0300, 0x02C0, 0x0260, 0x0220, 0x01E0, 0x01E0, 0x01C0, 0x01C0,
  0x01A0, 0x0180, 0x0180, 0x0180, 0x0180, 0x0180, 0x01A0, 0x0180, 0x01C0, 0x01E0, 0x0200, 0x0240,
  0x0280, 0x02C0, 0x02E0, 0x0300, 0x0300, 0x0300, 0x0300, 0x02E0, 0x02C0, 0x02A0, 0x02A1, 0x02A0,
  0x02E0, 0x0320, 0x0300, 0x0300, 0x0300, 0x02E0, 0x02C0, 0x02A0, 0x0260, 0x0240, 0x01E0, 0x01A0,
  0x01A0, 0x0180, 0x0180, 0x0180, 0x01A0, 0x0180, 0x01A0, 0x01A0, 0x01A0, 0x01C0, 0x01C0, 0x01E0,
  0x0220, 0x0280, 0x02C0, 0x02C0, 0x0300, 0x0360, 0x03C0, 0x0420, 0x0440, 0x04A0, 0x0520, 0x0540,
  0x0560, 0x3EA8, 0x8FF1, 0x9FF2, 0x776D, 0x15A3, 0x0540, 0x05A1, 0x05C0, 0x0580, 0x0520, 0x1D83,
  0x6F6D, 0x8FF1, 0x7FB0, 0x2D85, 0x0440, 0x0C61, 0x0BE0, 0x0320, 0x02A0, 0x0200, 0x01C0, 0x0180,
  0x0140, 0x0100, 0x00C0, 0x00A0, 0x0080, 0x0040, 0x0040, 0x0040, 0x0040, 0x0040, 0x0040, 0x0020,
  0x0000, 0x0000, 0x0000, 0x0000, 0x0000, 0x0000, 0x0000, 0x0000, 0x0000, 0x0000, 0x0000, 0x0000,
  0x0000, 0x0000, 0x0000, 0x0000, 0x0000, 0x0000, 0x0000, 0x0000, 0x0000, 0x0000, 0x0000, 0x0020,
  0x0020, 0x0020, 0x0020, 0x0020, 0x0040, 0x0040, 0x0040, 0x0060, 0x00A0, 0x00C0, 0x0100, 0x0140,
  0x0180, 0x01C0, 0x0200, 0x0280, 0x0340, 0x03E0, 0x0460, 0x0440, 0x2D65, 0x7F90, 0x8FF2, 0x778E,
  0x1DA3, 0x0500, 0x0560, 0x0DA1, 0x0DA0, 0x0540, 0x0D61, 0x5F0B, 0x97F2, 0x97F2, 0x46C9, 0x0540,
  0x0540, 0x04C0, 0x0440, 0x0400, 0x03A0, 0x0360, 0x0300, 0x0300, 0x02C0, 0x0280, 0x0240, 0x0200,
  0x01E0, 0x0200, 0x01E0, 0x01C0, 0x01E0, 0x01C0, 0x01A1, 0x0180, 0x0180, 0x0180, 0x01A0, 0x01A0,
  0x01A0, 0x01C0, 0x01E0, 0x0200, 0x0220, 0x0240, 0x0260, 0x0280, 0x0280, 0x0280, 0x0260, 0x0260,
  0x0260, 0x0240, 0x0220, 0x0240, 0x0260, 0x0260, 0x0260, 0x0280, 0x0280, 0x0280, 0x0280, 0x0260,
  0x0240, 0x0200, 0x01E0, 0x01A0, 0x01A0, 0x0180, 0x0180, 0x01A0, 0x01C0, 0x01C0, 0x01E0, 0x01C0,
  0x01A0, 0x01A0, 0x01C0, 0x01E0, 0x0200, 0x0240, 0x0280, 0x02A0, 0x02C0, 0x0320, 0x0380, 0x03C0,
  0x0420, 0x04A0, 0x0500, 0x0520, 0x2645, 0x87F1, 0x97F2, 0x778D, 0x25C4, 0x0540, 0x05A1, 0x05A0,
  0x05A0, 0x0540, 0x0D21, 0x5EEA, 0x8FF1, 0x8FD0, 0x4E49, 0x0460, 0x0461, 0x0421, 0x0340, 0x02A0,
  0x0240, 0x01E0, 0x0180, 0x0140, 0x0100, 0x00E0, 0x00C0, 0x0080, 0x0060, 0x0040, 0x0040, 0x0040,
  0x0020, 0x0020, 0x0020, 0x0000, 0x0000, 0x0000, 0x0000, 0x0000, 0x0000, 0x0000, 0x0000, 0x0000,
  0x0000, 0x0000, 0x0000, 0x0000, 0x0000, 0x0000, 0x0000, 0x0000, 0x0000, 0x0000, 0x0000, 0x0000,
  0x0000, 0x0000, 0x0000, 0x0020, 0x0020, 0x0020, 0x0020, 0x0020, 0x0040, 0x0040, 0x0040, 0x0060,
  0x0080, 0x00A0, 0x00E0, 0x0120, 0x0160, 0x01A0, 0x01C0, 0x0240, 0x02C0, 0x0360, 0x0C20, 0x0440,
  0x0440, 0x3E07, 0x8FF0, 0x8FF1, 0x674C, 0x1562, 0x0500, 0x0580, 0x05A0, 0x05A0, 0x0540, 0x1582,
  0x5F2B, 0x87F0, 0x3EA8, 0x0520, 0x0521, 0x04A0, 0x0400, 0x03C0, 0x0380, 0x0320, 0x02E0, 0x02C0,
  0x0280, 0x0240, 0x0220, 0x0200, 0x0200, 0x0200, 0x0200, 0x0220, 0x0240, 0x0200, 0x01E0, 0x01C0,
  0x01C0, 0x01A0, 0x01A0, 0x01A0, 0x01A0, 0x01A0, 0x01C0, 0x01C0, 0x01E0, 0x0200, 0x0220, 0x0220,
  0x0220, 0x0220, 0x0220, 0x0220, 0x0200, 0x01E0, 0x01E0, 0x01E0, 0x0200, 0x0200, 0x0220, 0x0220,
  0x0220, 0x0220, 0x0220, 0x0200, 0x0200, 0x01E0, 0x01C0, 0x01A0, 0x01A0, 0x01A0, 0x01A0, 0x01C0,
  0x0200, 0x0220, 0x0220, 0x0200, 0x01C0, 0x01C0, 0x01C0, 0x01C0, 0x01E0, 0x0220, 0x0260, 0x0280,
  0x02A0, 0x02E0, 0x0340, 0x0380, 0x03E0, 0x0460, 0x0500, 0x0500, 0x1E04, 0x77CF, 0x778D, 0x2DE4,
  0x0540, 0x0580, 0x05A0, 0x05A0, 0x0540, 0x0520, 0x46A8, 0x87F0, 0x8FF1, 0x56AA, 0x0C81, 0x0460,
  0x0440, 0x03A0, 0x02E0, 0x0260, 0x0200, 0x01A0, 0x0180, 0x0120, 0x00E0, 0x00C0, 0x00A0, 0x0080,
  0x0060, 0x0060, 0x0040, 0x0040, 0x0020, 0x0020, 0x0000, 0x0000, 0x0000, 0x0000, 0x0000, 0x0000,
  0x0000, 0x0000, 0x0000, 0x0000, 0x0000, 0x0000, 0x0000, 0x0000, 0x0000, 0x0000, 0x0000, 0x0000,
  0x0000, 0x0000, 0x0000, 0x0000, 0x0000, 0x0000, 0x0000, 0x0020, 0x0020, 0x0020, 0x0020, 0x0020,
  0x0040, 0x0040, 0x0040, 0x0060, 0x0060, 0x0080, 0x00C0, 0x00E0, 0x0120, 0x0160, 0x01A0, 0x0200,
  0x0260, 0x02E0, 0x0BA0, 0x0C20, 0x0440, 0x0C81, 0x56A9, 0x8FF1, 0x87F0, 0x570A, 0x0D41, 0x0520,
  0x0580, 0x05C0, 0x05C0, 0x0540, 0x0DA1, 0x25E4, 0x0541, 0x0520, 0x04E1, 0x0440, 0x03E0, 0x0380,
  0x0340, 0x02E0, 0x02A0, 0x0280, 0x0240, 0x0220, 0x0220, 0x0200, 0x0200, 0x0240, 0x0280, 0x02C0,
  0x02C0, 0x02A0, 0x0260, 0x0240, 0x0200, 0x01E0, 0x01C0, 0x01A0, 0x01A0, 0x01A0, 0x01C0, 0x01C0,
  0x01C0, 0x01C0, 0x01E0, 0x01E0, 0x01E0, 0x01E0, 0x01E0, 0x01C0, 0x01C0, 0x01C0, 0x01C0, 0x01C0,
  0x01C0, 0x01C0, 0x01C0, 0x01E0, 0x01E0, 0x01E0, 0x01E0, 0x01E0, 0x01E0, 0x01C0, 0x01C0, 0x01C0,
  0x01E0, 0x01E0, 0x0200, 0x0220, 0x0260, 0x02C0, 0x02C0, 0x0280, 0x0240, 0x01E0, 0x01C0, 0x01C0,
  0x01E0, 0x01E0, 0x0220, 0x0260, 0x0280, 0x02C0, 0x0300, 0x0360, 0x03A0, 0x0420, 0x04C1, 0x0520,
  0x0520, 0x1DA3, 0x1DA3, 0x0520, 0x0580, 0x05C0, 0x0580, 0x0560, 0x0500, 0x3666, 0x7FEF, 0x8FF1,
  0x672C, 0x1502, 0x0440, 0x0440, 0x03E0, 0x0320, 0x0280, 0x0220, 0x01C0, 0x0180, 0x0140, 0x00E0,
  0x00C0, 0x00A0, 0x0080, 0x0060, 0x0060, 0x0040, 0x0040, 0x0040, 0x0020, 0x0020, 0x0000, 0x0000,
  0x0000, 0x0000, 0x0000, 0x0000, 0x0000, 0x0000, 0x0000, 0x0000, 0x0000, 0x0000, 0x0000, 0x0000,
  0x0000, 0x0000, 0x0000, 0x0000, 0x0000, 0x0000, 0x0000, 0x0000, 0x0000, 0x0000, 0x0000, 0x0000,
  0x0020, 0x0020, 0x0020, 0x0020, 0x0040, 0x0040, 0x0040, 0x0040, 0x0060, 0x0060, 0x00A0, 0x00E0,
  0x0100, 0x0120, 0x0180, 0x01C0, 0x0220, 0x0280, 0x0300, 0x03C0, 0x0440, 0x0440, 0x0CA1, 0x5EEB,
  0x8FF1, 0x87F0, 0x4EC9, 0x0D20, 0x0540, 0x05C0, 0x05C1, 0x05A0, 0x0580, 0x0520, 0x0520, 0x0D01,
  0x04A0, 0x0400, 0x03A0, 0x0360, 0x0300, 0x02C0, 0x0260, 0x0240, 0x0220, 0x0200, 0x0200, 0x0200,
  0x0220, 0x0280, 0x0320, 0x03A0, 0x03A0, 0x0380, 0x0360, 0x0300, 0x02A0, 0x0260, 0x0220, 0x01E0,
  0x01E0, 0x01C0, 0x01C0, 0x01C0, 0x01C0, 0x01C0, 0x01C0, 0x01C0, 0x01C0, 0x01A0, 0x01A0, 0x01A0,
  0x01A0, 0x01A0, 0x01A0, 0x01A0, 0x01A0, 0x01A0, 0x01A0, 0x01C0, 0x01C0, 0x01C0, 0x01C0, 0x01C0,
  0x01C0, 0x01C0, 0x01E0, 0x0200, 0x0240, 0x0280, 0x02C0, 0x0320, 0x0360, 0x0380, 0x03A0, 0x0360,
  0x02C0, 0x0240, 0x01E0, 0x01C0, 0x01C0, 0x01E0, 0x01E0, 0x0220, 0x0240, 0x0280, 0x02E0, 0x0320,
  0x0380, 0x03E0, 0x0440, 0x04E0, 0x0520, 0x0500, 0x0540, 0x0580, 0x0DA0, 0x05A0, 0x0540, 0x0520,
  0x3646, 0x77CE, 0x8FF1, 0x776E, 0x1D24, 0x0440, 0x0460, 0x0BE0, 0x0340, 0x02A0, 0x0220, 0x01E0,
  0x01A0, 0x0160, 0x0100, 0x00E0, 0x00A0, 0x0080, 0x0060, 0x0040, 0x0040, 0x0040, 0x0040, 0x0040,
  0x0020, 0x0020, 0x0000, 0x0000, 0x0000, 0x0000, 0x0000, 0x0000, 0x0000, 0x0000, 0x0000, 0x0000,
  0x0000, 0x0000, 0x0000, 0x0000, 0x0000, 0x0000, 0x0000, 0x0000, 0x0000, 0x0000, 0x0000, 0x0000,
  0x0000, 0x0000, 0x0000, 0x0000, 0x0020, 0x0020, 0x0020, 0x0020, 0x0040, 0x0040, 0x0040, 0x0040,
  0x0040, 0x0060, 0x0080, 0x00C0, 0x00E0, 0x0100, 0x0160, 0x01A0, 0x01C0, 0x0220, 0x0280, 0x0320,
  0x0400, 0x0440, 0x0440, 0x14E2, 0x670C, 0x8FF1, 0x87F0, 0x4EA8, 0x0D41, 0x0540, 0x0580, 0x0580,
  0x0580, 0x0541, 0x0500, 0x0480, 0x0440, 0x03E0, 0x0380, 0x0320, 0x02C0, 0x0280, 0x0220, 0x0200,
  0x0200, 0x01E0, 0x01E0, 0x0200, 0x0240, 0x02E0, 0x03C0, 0x0C81, 0x1D03, 0x0C81, 0x0400, 0x03E0,
  0x03A0, 0x0360, 0x0300, 0x02A0, 0x0240, 0x0220, 0x0200, 0x01E0, 0x01C0, 0x01C0, 0x01C0, 0x01C0,
  0x01C0, 0x01C0, 0x01C0, 0x01C0, 0x01A0, 0x01A0, 0x01A0, 0x01A0, 0x01A0, 0x01A0, 0x01C0, 0x01C0,
  0x01C0, 0x01C0, 0x01C0, 0x01C0, 0x0200, 0x0220, 0x0240, 0x0280, 0x02E0, 0x0340, 0x03A0, 0x03C0,
  0x03E0, 0x0CA2, 0x0CC2, 0x0401, 0x0320, 0x0260, 0x0200, 0x01C0, 0x01C0, 0x01C0, 0x01C0, 0x0200,
  0x0220, 0x0260, 0x02A0, 0x02E0, 0x0340, 0x03A0, 0x0420, 0x0460, 0x04E0, 0x0540, 0x0560, 0x05A0,
  0x0580, 0x0540, 0x0500, 0x2E26, 0x77CF, 0x8FF1, 0x7F8F, 0x2D85, 0x0440, 0x0440, 0x0400, 0x0340,
  0x02A0, 0x0220, 0x01E0, 0x01A0, 0x0160, 0x0120, 0x00E0, 0x00C0, 0x00A0, 0x0060, 0x0040, 0x0040,
  0x0040, 0x0040, 0x0040, 0x0040, 0x0020, 0x0020, 0x0000, 0x0000, 0x0000, 0x0000, 0x0000, 0x0000,
  0x0000, 0x0000, 0x0000, 0x0000, 0x0000, 0x0000, 0x0000, 0x0000, 0x0000, 0x0000, 0x0000, 0x0000,
  0x0000, 0x0000, 0x0000, 0x0000, 0x0000, 0x0000, 0x0000, 0x0000, 0x0000, 0x0020, 0x0020, 0x0020,
  0x0020, 0x0040, 0x0040, 0x0040, 0x0040, 0x0040, 0x0060, 0x00A0, 0x00C0, 0x00E0, 0x0120, 0x0140,
  0x01A0, 0x0200, 0x0240, 0x02A0, 0x0360, 0x0400, 0x0440, 0x0440, 0x1D23, 0x6F4E, 0x8FF1, 0x7FCF,
  0x46A8, 0x0540, 0x0520, 0x0560, 0x0540, 0x0500, 0x04C0, 0x0440, 0x03C0, 0x03A0, 0x0360, 0x0300,
  0x02A0, 0x0260, 0x0220, 0x0200, 0x01E0, 0x01E0, 0x01E0, 0x0200, 0x0260, 0x0300, 0x0400, 0x35E6,
  0x8FF1, 0x774E, 0x4E69, 0x2D65, 0x0C61, 0x03E0, 0x03E0, 0x0380, 0x0340, 0x02E0, 0x0280, 0x0240,
  0x0220, 0x0200, 0x0200, 0x0200, 0x0200, 0x01E0, 0x01C0, 0x01C0, 0x01C0, 0x01C0, 0x01A0, 0x01A0,
  0x01C0, 0x01C0, 0x01E0, 0x01E0, 0x0200, 0x0200, 0x0200, 0x0200, 0x0260, 0x02C0, 0x0340, 0x0360,
  0x03C0, 0x03C0, 0x0C41, 0x2D25, 0x4608, 0x7FAF, 0x56AA, 0x0420, 0x03A0, 0x02A0, 0x0220, 0x01E0,
  0x01C0, 0x01C0, 0x01C0, 0x01E0, 0x0200, 0x0240, 0x0280, 0x02E0, 0x0320, 0x0380, 0x03C0, 0x0420,
  0x0460, 0x04E0, 0x0520, 0x0560, 0x0540, 0x0500, 0x2E05, 0x77AE, 0x8FF1, 0x7FAF, 0x35C6, 0x0440,
  0x0440, 0x0400, 0x0360, 0x02E0, 0x0260, 0x01E0, 0x01A0, 0x0180, 0x0120, 0x00E0, 0x00C0, 0x00A0,
  0x0080, 0x0040, 0x0040, 0x0040, 0x0020, 0x0020, 0x0020, 0x0020, 0x0020, 0x0000, 0x0000, 0x0000,
  0x0000, 0x0000, 0x0000, 0x0000, 0x0000, 0x0000, 0x0000, 0x0000, 0x0000, 0x0000, 0x0000, 0x0000,
  0x0000, 0x0000, 0x0000, 0x0000, 0x0000, 0x0000, 0x0000, 0x0000, 0x0000, 0x0000, 0x0000, 0x0000,
  0x0000, 0x0000, 0x0000, 0x0000, 0x0020, 0x0020, 0x0020, 0x0040, 0x0040, 0x0040, 0x0040, 0x0080,
  0x00A0, 0x00C0, 0x00E0, 0x0120, 0x0160, 0x01A0, 0x01E0, 0x0240, 0x02C0, 0x0360, 0x0400, 0x0440,
  0x0440, 0x2544, 0x772E, 0x8FF1, 0x7FEE, 0x46A8, 0x0D20, 0x0500, 0x0520, 0x04E0, 0x04A0, 0x0420,
  0x03A0, 0x0360, 0x0340, 0x0300, 0x02A0, 0x0260, 0x0200, 0x0200, 0x01E0, 0x01E0, 0x01E0, 0x0200,
  0x0260, 0x0340, 0x0400, 0x2DA5, 0x8F91, 0x8FB1, 0x772E, 0x8FB1, 0x7F4F, 0x4E49, 0x0C81, 0x0420,
  0x03E0, 0x03A0, 0x0360, 0x0320, 0x02E0, 0x02E0, 0x02A0, 0x02A0, 0x02A0, 0x0280, 0x0240, 0x0220,
  0x0240, 0x0220, 0x0220, 0x0200, 0x0220, 0x0240, 0x0260, 0x0280, 0x02A0, 0x02C0, 0x02C0, 0x02C0,
  0x0340, 0x03A0, 0x03C0, 0x0420, 0x2504, 0x4E29, 0x772F, 0x9FD3, 0x9FF3, 0x7EEF, 0x8FB0, 0x24E3,
  0x03C0, 0x0300, 0x0240, 0x0200, 0x01E0, 0x01C0, 0x01E0, 0x01E0, 0x0200, 0x0240, 0x0280, 0x02E0,
  0x0320, 0x0360, 0x0380, 0x03E0, 0x0440, 0x04E0, 0x0520, 0x0520, 0x04E0, 0x3606, 0x77AE, 0x8FF1,
  0x87CF, 0x3DE6, 0x0440, 0x0460, 0x0C21, 0x0381, 0x02E0, 0x0280, 0x0200, 0x01C0, 0x0180, 0x0140,
  0x0100, 0x00C0, 0x00A0, 0x0080, 0x0040, 0x0040, 0x0040, 0x0020, 0x0020, 0x0020, 0x0020, 0x0000,
  0x0000, 0x0000, 0x0000, 0x0000, 0x0000, 0x0000, 0x0000, 0x0000, 0x0000, 0x0000, 0x0000, 0x0000,
  0x0000, 0x0000, 0x0000, 0x0000, 0x0000, 0x0000, 0x0000, 0x0000, 0x0000, 0x0000, 0x0000, 0x0000,
  0x0000, 0x0000, 0x0000, 0x0000, 0x0000, 0x0000, 0x0000, 0x0000, 0x0020, 0x0020, 0x0020, 0x0040,
  0x0040, 0x0040, 0x0040, 0x0060, 0x00A0, 0x00C0, 0x00C0, 0x00E0, 0x0120, 0x0160, 0x01C0, 0x01E0,
  0x0260, 0x02C0, 0x0360, 0x0400, 0x0460, 0x0440, 0x2544, 0x774E, 0x97F2, 0x8FD0, 0x4EA9, 0x0D21,
  0x04C0, 0x0500, 0x04E0, 0x0460, 0x0400, 0x0380, 0x0320, 0x02E0, 0x02A0, 0x0240, 0x0200, 0x0200,
  0x01E0, 0x01E0, 0x01C0, 0x01E0, 0x0240, 0x0300, 0x03E0, 0x03E0, 0x3567, 0x7FD0, 0x24A3, 0x7F2F,
  0xAFF6, 0x8F91, 0x2D44, 0x76EF, 0x664C, 0x3546, 0x1461, 0x0400, 0x03C0, 0x03A0, 0x0360, 0x0360,
  0x0380, 0x0360, 0x0340, 0x0340, 0x0340, 0x0320, 0x0320, 0x0320, 0x0340, 0x0360, 0x0340, 0x0360,
  0x0360, 0x0380, 0x0380, 0x03C0, 0x0C21, 0x1CC3, 0x3D87, 0x770E, 0x9FF3, 0xA7F4, 0xAFF5, 0x97B2,
  0x7F2F, 0x8770, 0x97B2, 0x4E49, 0x0400, 0x0340, 0x0280, 0x0200, 0x01E0, 0x01C0, 0x01E0, 0x01E0,
  0x0200, 0x0240, 0x0280, 0x02C0, 0x0320, 0x0380, 0x03C0, 0x0420, 0x04A0, 0x0500, 0x04E0, 0x04E0,
  0x2E27, 0x7FAF, 0x97F1, 0x87CF, 0x3E06, 0x0460, 0x0440, 0x0440, 0x03A0, 0x0300, 0x0280, 0x0220,
  0x01C0, 0x0180, 0x0140, 0x0100, 0x00E0, 0x00C0, 0x0080, 0x0060, 0x0040, 0x0040, 0x0040, 0x0020,
  0x0020, 0x0020, 0x0020, 0x0000, 0x0000, 0x0000, 0x0000, 0x0000, 0x0000, 0x0000, 0x0000, 0x0000,
  0x0000, 0x0000, 0x0000, 0x0000, 0x0000, 0x0000, 0x0000, 0x0000, 0x0000, 0x0000, 0x0000, 0x0000,
  0x0000, 0x0000, 0x0000, 0x0000, 0x0000, 0x0000, 0x0000, 0x0000, 0x0000, 0x0000, 0x0000, 0x0000,
  0x0000, 0x0020, 0x0020, 0x0040, 0x0020, 0x0020, 0x0040, 0x0040, 0x0060, 0x00A0, 0x00C0, 0x00E0,
  0x0100, 0x0140, 0x01A0, 0x01C0, 0x0200, 0x0260, 0x02C0, 0x0360, 0x0420, 0x0460, 0x0420, 0x2524,
  0x774E, 0x97F1, 0x8FF0, 0x5ECB, 0x1522, 0x04A0, 0x04E0, 0x04A0, 0x0460, 0x03C0, 0x0340, 0x0300,
  0x02A0, 0x0260, 0x0220, 0x0200, 0x01E0, 0x01E0, 0x01C0, 0x01E0, 0x0220, 0x02A0, 0x03A0, 0x0400,
  0x5E2B, 0x6EED, 0x3DA7, 0x8770, 0x3D67, 0x2D05, 0x3586, 0xA7F4, 0x97F3, 0x8FF1, 0x8790, 0x5E6B,
  0x3DA7, 0x3D67, 0x3547, 0x2D06, 0x24A4, 0x1C83, 0x1442, 0x0C21, 0x0BE0, 0x03E0, 0x03E0, 0x03E0,
  0x0C01, 0x1442, 0x2464, 0x34E5, 0x3526, 0x3D66, 0x2D25, 0x0400, 0x14A2, 0x8F91, 0xAFF5, 0x7F30,
  0x55CA, 0x9FF2, 0x562A, 0x24C3, 0x0420, 0x5EAB, 0xA7F5, 0x5F0B, 0x0460, 0x03A0, 0x02A0, 0x0220,
  0x0200, 0x01E0, 0x01E0, 0x01E0, 0x0200, 0x0240, 0x0280, 0x02E0, 0x0340, 0x03A0, 0x0420, 0x0480,
  0x04C0, 0x04E0, 0x04E0, 0x3E48, 0x7FD0, 0x8FF2, 0x87B0, 0x3DC6, 0x0460, 0x0460, 0x0440, 0x03A0,
  0x0300, 0x0280, 0x0220, 0x01E0, 0x01A0, 0x0160, 0x0120, 0x00E0, 0x00E0, 0x00A0, 0x0060, 0x0040,
  0x0040, 0x0040, 0x0020, 0x0020, 0x0020, 0x0020, 0x0000, 0x0000, 0x0000, 0x0000, 0x0000, 0x0000,
  0x0000, 0x0000, 0x0000, 0x0000, 0x0000, 0x0000, 0x0000, 0x0000, 0x0000, 0x0000, 0x0000, 0x0000,
  0x0000, 0x0000, 0x0000, 0x0000, 0x0000, 0x0000, 0x0000, 0x0000, 0x0000, 0x0000, 0x0000, 0x0000,
  0x0000, 0x0000, 0x0000, 0x0000, 0x0000, 0x0020, 0x0020, 0x0040, 0x0020, 0x0020, 0x0020, 0x0040,
  0x0040, 0x0060, 0x00A0, 0x00C0, 0x00E0, 0x0100, 0x0140, 0x0180, 0x01C0, 0x0200, 0x0280, 0x0300,
  0x0380, 0x0420, 0x0440, 0x0440, 0x2523, 0x774D, 0x97F2, 0x8FF2, 0x6F0D, 0x2544, 0x0480, 0x0480,
  0x0480, 0x0420, 0x03C0, 0x0360, 0x0300, 0x02A0, 0x0240, 0x0220, 0x0200, 0x01E0, 0x01E0, 0x0200,
  0x0240, 0x02E0, 0x0400, 0x0C81, 0x8790, 0x45A8, 0x66EC, 0x66AC, 0x03C0, 0x03E0, 0x0C21, 0x3D88,
  0x87D0, 0x2D05, 0x7ECF, 0xB7F6, 0xAFF6, 0xAFF5, 0x97B3, 0x8F92, 0x97B2, 0x9791, 0x8770, 0x7F4F,
  0x6F0D, 0x66CC, 0x562A, 0x66AB, 0x772E, 0x8770, 0x9792, 0xA7F4, 0xAFF5, 0x9FF2, 0x9792, 0x772E,
  0x24E4, 0x6EAD, 0x7F2F, 0x7F70, 0x2CE4, 0x7F8F, 0x3D87, 0x03E0, 0x0440, 0x14C2, 0x2D46, 0x0CC2,
  0x0460, 0x0380, 0x02A0, 0x0240, 0x0200, 0x0200, 0x0200, 0x0220, 0x0240, 0x0280, 0x02E0, 0x0320,
  0x03A0, 0x0400, 0x0481, 0x04A0, 0x0480, 0x0CE2, 0x568A, 0x8FD0, 0x9FF2, 0x7FB0, 0x35C7, 0x0440,
  0x0460, 0x0440, 0x03A0, 0x0300, 0x0280, 0x0220, 0x01C0, 0x01A0, 0x0160, 0x0120, 0x0100, 0x00E0,
  0x00C0, 0x0080, 0x0060, 0x0040, 0x0040, 0x0020, 0x0020, 0x0020, 0x0020, 0x0020, 0x0000, 0x0000,
  0x0000, 0x0000, 0x0000, 0x0000, 0x0000, 0x0000, 0x0000, 0x0000, 0x0000, 0x0000, 0x0000, 0x0000,
  0x0000, 0x0000, 0x0000, 0x0000, 0x0000, 0x0000, 0x0000, 0x0000, 0x0000, 0x0000, 0x0000, 0x0000,
  0x0000, 0x0000, 0x0000, 0x0000, 0x0000, 0x0000, 0x0000, 0x0000, 0x0000, 0x0020, 0x0020, 0x0040,
  0x0020, 0x0020, 0x0040, 0x0040, 0x0040, 0x0040, 0x0080, 0x00A0, 0x00C0, 0x00E0, 0x0100, 0x0140,
  0x01A0, 0x01C0, 0x0200, 0x02A0, 0x0300, 0x0380, 0x0420, 0x0460, 0x0440, 0x1D02, 0x66EC, 0x97F3,
  0x9FF3, 0x774E, 0x2D85, 0x0480, 0x0480, 0x0460, 0x0420, 0x03C0, 0x0360, 0x0300, 0x02C0, 0x0260,
  0x0220, 0x0220, 0x0200, 0x0240, 0x02C0, 0x0360, 0x0400, 0x2D44, 0x8FB1, 0x3D27, 0x87B0, 0x2D45,
  0x03C0, 0x03E0, 0x03E0, 0x4568, 0x8750, 0x2D25, 0x8F71, 0x66AC, 0x66AC, 0x8F51, 0x76CE, 0x3D47,
  0xA7F4, 0xA7D3, 0xAFF5, 0xB7F6, 0x8FB1, 0x8FB1, 0xAFF5, 0xBFF7, 0x97B2, 0x4DE9, 0x97B3, 0x9792,
  0x8730, 0x9FD3, 0x5E2C, 0x772E, 0x7F2F, 0x0C41, 0x0400, 0x7F4E, 0x566A, 0x562A, 0x7F4F, 0x0400,
  0x0440, 0x0CC2, 0x3587, 0x14E3, 0x0440, 0x0340, 0x02E0, 0x02A0, 0x0260, 0x0240, 0x0260, 0x0260,
  0x0280, 0x02C0, 0x0320, 0x03A0, 0x0400, 0x0461, 0x0460, 0x0460, 0x1503, 0x66CD, 0x97F2, 0x9FF2,
  0x7F6F, 0x2D85, 0x0440, 0x0440, 0x0440, 0x03C0, 0x0300, 0x02A0, 0x0220, 0x01C0, 0x0180, 0x0140,
  0x0120, 0x00E0, 0x00E0, 0x00C0, 0x00A0, 0x0060, 0x0040, 0x0040, 0x0040, 0x0020, 0x0020, 0x0020,
  0x0020, 0x0020, 0x0000, 0x0000, 0x0000, 0x0000, 0x0000, 0x0000, 0x0000, 0x0000, 0x0000, 0x0000,
  0x0000, 0x0000, 0x0000, 0x0000, 0x0000, 0x0000, 0x0000, 0x0000, 0x0000, 0x0000, 0x0000, 0x0000,
  0x0000, 0x0000, 0x0000, 0x0000, 0x0000, 0x0000, 0x0000, 0x0000, 0x0000, 0x0000, 0x0000, 0x0000,
  0x0000, 0x0000, 0x0000, 0x0020, 0x0020, 0x0020, 0x0020, 0x0040, 0x0040, 0x0040, 0x0060, 0x0080,
  0x00A0, 0x00E0, 0x00E0, 0x0100, 0x0140, 0x01A0, 0x01C0, 0x0220, 0x0280, 0x02E0, 0x0380, 0x0400,
  0x0440, 0x0440, 0x14C2, 0x5E8B, 0x97F2, 0x9FF3, 0x87B1, 0x4629, 0x0CA1, 0x0440, 0x0460, 0x0441,
  0x03C0, 0x0340, 0x0300, 0x02C0, 0x02A0, 0x0260, 0x0260, 0x02A0, 0x0320, 0x03A0, 0x0440, 0x56A9,
  0x6ECD, 0x4567, 0x97B2, 0x4DC9, 0x24A4, 0x0440, 0x0400, 0x7F0E, 0x664C, 0x4E49, 0x7F6E, 0x03E0,
  0x03A0, 0x4DA9, 0x772E, 0x3D47, 0x8F51, 0x34C5, 0x3505, 0x4DE9, 0x8750, 0x8F71, 0x5E2B, 0x4588,
  0x8FB1, 0x34E5, 0x8710, 0x4DCA, 0x0BC1, 0x4DE9, 0x8790, 0x2CC5, 0x97F2, 0x2D45, 0x03C0, 0x4648,
  0x7F70, 0x3D27, 0x97D2, 0x45A9, 0x5E8C, 0x8F91, 0xAFF6, 0x5ECB, 0x0440, 0x03E0, 0x0380, 0x0340,
  0x02E0, 0x02A0, 0x02A0, 0x02C0, 0x0300, 0x0360, 0x03A0, 0x0420, 0x0460, 0x0460, 0x0440, 0x3586,
  0x7F4F, 0x9FF3, 0x9FF2, 0x6F2D, 0x1D23, 0x0440, 0x0460, 0x0420, 0x03A0, 0x0300, 0x0280, 0x0220,
  0x01C0, 0x0180, 0x0140, 0x0120, 0x0100, 0x00C0, 0x00A0, 0x0080, 0x0060, 0x0040, 0x0040, 0x0020,
  0x0020, 0x0020, 0x0020, 0x0020, 0x0020, 0x0020, 0x0000, 0x0000, 0x0000, 0x0000, 0x0000, 0x0000,
  0x0000, 0x0000, 0x0000, 0x0000, 0x0000, 0x0000, 0x0000, 0x0000, 0x0000, 0x0000, 0x0000, 0x0000,
  0x0000, 0x0000, 0x0000, 0x0000, 0x0000, 0x0000, 0x0000, 0x0000, 0x0000, 0x0000, 0x0000, 0x0000,
  0x0000, 0x0000, 0x0000, 0x0000, 0x0000, 0x0000, 0x0000, 0x0000, 0x0020, 0x0020, 0x0020, 0x0020,
  0x0040, 0x0040, 0x0040, 0x0040, 0x0080, 0x00A0, 0x00E0, 0x0100, 0x0100, 0x0140, 0x0180, 0x01C0,
  0x0200, 0x0260, 0x02E0, 0x0360, 0x03E1, 0x0420, 0x0400, 0x0C40, 0x4609, 0x8FD1, 0x9FF4, 0x97F2,
  0x66CC, 0x1CE3, 0x0440, 0x0440, 0x0441, 0x0401, 0x03A0, 0x0360, 0x0320, 0x0300, 0x02C0, 0x0300,
  0x0360, 0x0420, 0x0C81, 0x7FAE, 0x4E28, 0x5E4A, 0xAFF5, 0xAFF5, 0x9FD3, 0x6EED, 0x45E8, 0x97B1,
  0x4568, 0x770F, 0x4E69, 0x0400, 0x03E0, 0x5E2B, 0x6EED, 0x4DC9, 0x8710, 0x0C01, 0x03C0, 0x0C61,
  0x97F2, 0xB7F5, 0x2D46, 0x03A0, 0x7F70, 0x5589, 0x7ECF, 0x564A, 0x03C0, 0x14C2, 0x8FB0, 0x3506,
  0x7EEF, 0x4E29, 0x0400, 0x14E2, 0x8FB1, 0x4568, 0x76EE, 0xA7F5, 0xAFF6, 0xA7F4, 0x8770, 0x4628,
  0x04A0, 0x0440, 0x0460, 0x0400, 0x0360, 0x0320, 0x0340, 0x0380, 0x03C0, 0x0400, 0x0440, 0x0460,
  0x0440, 0x0CA2, 0x4E4A, 0x8FB2, 0xA7F4, 0x9FF2, 0x5EAB, 0x14E2, 0x0420, 0x0460, 0x0400, 0x0380,
  0x0300, 0x0280, 0x0220, 0x01C0, 0x0180, 0x0140, 0x0120, 0x0100, 0x00E0, 0x00A0, 0x0080, 0x0040,
  0x0040, 0x0020, 0x0040, 0x0020, 0x0020, 0x0020, 0x0020, 0x0020, 0x0020, 0x0000, 0x0000, 0x0000,
  0x0000, 0x0000, 0x0000, 0x0000, 0x0000, 0x0000, 0x0000, 0x0000, 0x0000, 0x0000, 0x0000, 0x0000,
  0x0000, 0x0000, 0x0000, 0x0000, 0x0000, 0x0000, 0x0000, 0x0000, 0x0000, 0x0000, 0x0000, 0x0000,
  0x0000, 0x0000, 0x0000, 0x0000, 0x0000, 0x0000, 0x0000, 0x0000, 0x0000, 0x0000, 0x0000, 0x0000,
  0x0000, 0x0020, 0x0020, 0x0020, 0x0040, 0x0040, 0x0040, 0x0040, 0x0060, 0x0080, 0x00A0, 0x00E0,
  0x00E0, 0x0120, 0x0140, 0x0180, 0x01C0, 0x0200, 0x0240, 0x02C0, 0x0340, 0x03C0, 0x0400, 0x03E0,
  0x0420, 0x3585, 0x7F4F, 0xA7F4, 0xA7F3, 0x7F6F, 0x3DE7, 0x0CA1, 0x0460, 0x0460, 0x0441, 0x0400,
  0x03C0, 0x0380, 0x0380, 0x0380, 0x03C0, 0x0460, 0x3566, 0x8F91, 0x35A5, 0x878F, 0x76CD, 0x872F,
  0xA7F3, 0xBFF6, 0xB7F6, 0x874F, 0x3D27, 0x97B3, 0x2503, 0x03E0, 0x03C0, 0x6E6D, 0x668C, 0x4E29,
  0x7ECE, 0x03A0, 0x0400, 0x0420, 0x45E8, 0x66AC, 0x1CE3, 0x0400, 0x770F, 0x5DEB, 0x6E4D, 0x6EAD,
  0x03E0, 0x14A2, 0x8790, 0x4588, 0x8F91, 0x3DA6, 0x0420, 0x0400, 0x772E, 0x668C, 0x3DC7, 0x9FD3,
  0x66AB, 0x35A5, 0x0CE1, 0x04C0, 0x0D21, 0x3625, 0x1582, 0x04C0, 0x0420, 0x03C0, 0x03E0, 0x0400,
  0x0440, 0x0460, 0x0440, 0x0440, 0x2D45, 0x6EED, 0xA7F3, 0xA7F4, 0x8FB1, 0x4E08, 0x0C61, 0x0420,
  0x0440, 0x0400, 0x0380, 0x0300, 0x0280, 0x0240, 0x01E0, 0x0180, 0x0140, 0x0120, 0x0100, 0x00E0,
  0x00A0, 0x0080, 0x0060, 0x0020, 0x0020, 0x0040, 0x0020, 0x0020, 0x0020, 0x0020, 0x0020, 0x0020,
  0x0020, 0x0000, 0x0000, 0x0000, 0x0000, 0x0000, 0x0000, 0x0000, 0x0000, 0x0000, 0x0000, 0x0000,
  0x0000, 0x0000, 0x0000, 0x0000, 0x0000, 0x0000, 0x0000, 0x0000, 0x0000, 0x0000, 0x0000, 0x0000,
  0x0000, 0x0000, 0x0000, 0x0000, 0x0000, 0x0000, 0x0000, 0x0000, 0x0000, 0x0000, 0x0000, 0x0000,
  0x0000, 0x0000, 0x0000, 0x0000, 0x0000, 0x0000, 0x0020, 0x0020, 0x0040, 0x0040, 0x0040, 0x0040,
  0x0040, 0x0060, 0x0080, 0x00A0, 0x00C0, 0x00E0, 0x0120, 0x0160, 0x0180, 0x01A0, 0x01E0, 0x0220,
  0x02A0, 0x0300, 0x03A0, 0x0400, 0x0420, 0x0400, 0x1CC3, 0x5ECC, 0x97F3, 0xA7F4, 0x97F2, 0x66EB,
  0x2523, 0x0460, 0x0440, 0x0460, 0x0480, 0x0480, 0x0460, 0x0480, 0x04A0, 0x04A0, 0x5EAB, 0x7F2F,
  0x45E8, 0x87F0, 0x14A2, 0x0CA2, 0x2D85, 0x562A, 0x9FB2, 0x5649, 0x55EA, 0x8F71, 0x0440, 0x03E0,
  0x03C0, 0x76AE, 0x5E2B, 0x562A, 0x9751, 0x55A9, 0x4DA8, 0x3D67, 0x14A2, 0x0420, 0x0400, 0x03E0,
  0x668D, 0x768E, 0x5DCB, 0x7F2F, 0x1C83, 0x666C, 0x8F91, 0x872F, 0x876F, 0x1481, 0x0400, 0x03E0,
  0x4587, 0x878F, 0x2D65, 0x97B2, 0x3525, 0x0420, 0x0460, 0x04C0, 0x56EA, 0xA7F4, 0x56EA, 0x0500,
  0x04C0, 0x0460, 0x0461, 0x0460, 0x0460, 0x0440, 0x14C2, 0x5629, 0x8F91, 0xA7F3, 0xA7F3, 0x7F4E,
  0x2D65, 0x0420, 0x0420, 0x0420, 0x03C0, 0x0340, 0x02C0, 0x0260, 0x0220, 0x01E0, 0x0180, 0x0160,
  0x0120, 0x00E0, 0x00E0, 0x00C0, 0x00A0, 0x0080, 0x0040, 0x0020, 0x0020, 0x0020, 0x0020, 0x0020,
  0x0020, 0x0020, 0x0020, 0x0000, 0x0000, 0x0000, 0x0000, 0x0000, 0x0000, 0x0000, 0x0000, 0x0000,
  0x0000, 0x0000, 0x0000, 0x0000, 0x0000, 0x0000, 0x0000, 0x0000, 0x0000, 0x0000, 0x0000, 0x0000,
  0x0000, 0x0000, 0x0000, 0x0000, 0x0000, 0x0000, 0x0000, 0x0000, 0x0000, 0x0000, 0x0000, 0x0000,
  0x0000, 0x0000, 0x0000, 0x0000, 0x0000, 0x0000, 0x0000, 0x0000, 0x0000, 0x0000, 0x0020, 0x0020,
  0x0020, 0x0040, 0x0040, 0x0040, 0x0040, 0x0040, 0x0060, 0x0080, 0x00A0, 0x00C0, 0x0100, 0x0120,
  0x0140, 0x0180, 0x01A0, 0x01E0, 0x0220, 0x0280, 0x02E0, 0x0360, 0x03E0, 0x0420, 0x0400, 0x0C81,
  0x45E8, 0x8790, 0xA7F3, 0x9FF3, 0x878F, 0x4E28, 0x14C1, 0x0460, 0x0480, 0x04E0, 0x0540, 0x0D61,
  0x1DA3, 0x1543, 0x7F90, 0x5E4B, 0x668C, 0x672C, 0x04C0, 0x0440, 0x0460, 0x14E2, 0x8F91, 0x45C7,
  0x774E, 0x562B, 0x03E0, 0x03E0, 0x0C20, 0x870F, 0x5E2B, 0x560A, 0xB7F6, 0xB7F6, 0xB7F5, 0xB7F5,
  0x778E, 0x0440, 0x03A0, 0x03C0, 0x5E4A, 0x8710, 0x4568, 0xA7F3, 0x9FD3, 0x8F51, 0x9FD3, 0x97B2,
  0x2503, 0x0420, 0x03A0, 0x03E0, 0x14C2, 0x87EF, 0x45A7, 0x7F0E, 0x66AB, 0x0480, 0x0480, 0x04A0,
  0x56CA, 0x9FF3, 0x778E, 0x1582, 0x0540, 0x0500, 0x04A0, 0x0460, 0x0C81, 0x3DA7, 0x772D, 0x9FF3,
  0xA7F3, 0x97B1, 0x5E6A, 0x1CC2, 0x0420, 0x0440, 0x0400, 0x03A0, 0x0320, 0x02C0, 0x0240, 0x0200,
  0x01C0, 0x0180, 0x0160, 0x0120, 0x00E0, 0x00E0, 0x00C0, 0x00A0, 0x0060, 0x0040, 0x0040, 0x0020,
  0x0020, 0x0020, 0x0020, 0x0020, 0x0020, 0x0020, 0x0020, 0x0000, 0x0000, 0x0000, 0x0000, 0x0000,
  0x0000, 0x0000, 0x0000, 0x0000, 0x0000, 0x0000, 0x0000, 0x0000, 0x0000, 0x0000, 0x0000, 0x0000,
  0x0000, 0x0000, 0x0000, 0x0000, 0x0000, 0x0000, 0x0000, 0x0000, 0x0000, 0x0000, 0x0000, 0x0000,
  0x0000, 0x0000, 0x0000, 0x0000, 0x0000, 0x0000, 0x0000, 0x0000, 0x0000, 0x0000, 0x0000, 0x0000,
  0x0000, 0x0000, 0x0000, 0x0020, 0x0020, 0x0020, 0x0040, 0x0040, 0x0020, 0x0020, 0x0040, 0x0040,
  0x0080, 0x00A0, 0x00C0, 0x00E0, 0x0100, 0x0140, 0x0180, 0x01A0, 0x01C0, 0x0220, 0x0280, 0x02C0,
  0x0340, 0x03C0, 0x0420, 0x0420, 0x0420, 0x1D03, 0x66CC, 0x97F2, 0xA7F4, 0x9FF3, 0x772D, 0x3606,
  0x0D01, 0x04E0, 0x0560, 0x1E03, 0x6F8D, 0x7F90, 0x778F, 0x2DA6, 0x8FD1, 0x3DE6, 0x0480, 0x0440,
  0x0460, 0x35E7, 0x8FB2, 0x3D67, 0x87F1, 0x2585, 0x03E0, 0x03C0, 0x0C60, 0x8F70, 0x5609, 0x66EC,
  0x8F51, 0x768D, 0x870F, 0x8F50, 0x5ECB, 0x0440, 0x03A0, 0x03C0, 0x45C8, 0x8F91, 0x3566, 0x9FF2,
  0xB7F5, 0x664C, 0x55CA, 0x97D2, 0x1D23, 0x0420, 0x03A0, 0x03C0, 0x0480, 0x66EC, 0x76AD, 0x55E9,
  0x87D0, 0x0D21, 0x0D41, 0x3607, 0x7F6F, 0x7F6E, 0x87B0, 0x3687, 0x05A0, 0x0500, 0x04E0, 0x2564,
  0x66CC, 0x97D2, 0xA7F3, 0xA7F3, 0x7F2E, 0x3566, 0x0420, 0x0440, 0x0420, 0x03E1, 0x0360, 0x02E0,
  0x0280, 0x0240, 0x01E0, 0x01A1, 0x0160, 0x0140, 0x0120, 0x00E0, 0x00C0, 0x00A0, 0x0080, 0x0080,
  0x0060, 0x0040, 0x0020, 0x0040, 0x0020, 0x0020, 0x0020, 0x0020, 0x0020, 0x0000, 0x0020, 0x0000,
  0x0000, 0x0000, 0x0000, 0x0000, 0x0000, 0x0000, 0x0000, 0x0000, 0x0000, 0x0000, 0x0000, 0x0000,
  0x0000, 0x0000, 0x0000, 0x0000, 0x0000, 0x0000, 0x0000, 0x0000, 0x0000, 0x0000, 0x0000, 0x0000,
  0x0000, 0x0000, 0x0000, 0x0000, 0x0000, 0x0000, 0x0000, 0x0000, 0x0000, 0x0000, 0x0000, 0x0000,
  0x0000, 0x0000, 0x0000, 0x0000, 0x0000, 0x0000, 0x0000, 0x0000, 0x0000, 0x0020, 0x0020, 0x0020,
  0x0020, 0x0020, 0x0020, 0x0040, 0x0040, 0x0080, 0x00A0, 0x00C0, 0x00E0, 0x0100, 0x0140, 0x0160,
  0x0180, 0x01C0, 0x0200, 0x0240, 0x02A0, 0x0300, 0x0380, 0x0400, 0x0420, 0x0420, 0x0C61, 0x3586,
  0x76EE, 0x9FF3, 0x9FF3, 0x97F2, 0x6F2C, 0x3625, 0x0D81, 0x1E03, 0x77AE, 0xA7F4, 0x7F90, 0x5E6B,
  0x97D2, 0x66EC, 0x1D43, 0x0501, 0x04E0, 0x672C, 0x668D, 0x5E2B, 0x7F6F, 0x04C1, 0x03E1, 0x03C0,
  0x14C1, 0x97D1, 0x4DE8, 0x77AE, 0x5649, 0x0400, 0x0C81, 0x14A1, 0x0460, 0x0460, 0x0420, 0x0420,
  0x2D65, 0x8F91, 0x3DA7, 0x87F0, 0x4DE9, 0x9FD3, 0x45C8, 0x5E6B, 0x97B3, 0x1503, 0x0480, 0x0400,
  0x0480, 0x35C6, 0x9FD2, 0x35A6, 0x7FD0, 0x770F, 0x8F91, 0xB7F6, 0xAFF5, 0x97D2, 0x7FB0, 0x2E85,
  0x05C0, 0x1E04, 0x56EA, 0x8FD1, 0xA7F3, 0xA7F3, 0x8770, 0x4DE8, 0x1482, 0x0400, 0x0420, 0x0C21,
  0x0BC0, 0x0320, 0x02A0, 0x0240, 0x0200, 0x01C0, 0x0180, 0x0140, 0x0120, 0x0100, 0x00E0, 0x00C0,
  0x00A0, 0x0080, 0x0060, 0x0060, 0x0040, 0x0040, 0x0020, 0x0020, 0x0020, 0x0020, 0x0020, 0x0020,
  0x0000, 0x0000, 0x0000, 0x0000, 0x0000, 0x0000, 0x0000, 0x0000, 0x0000, 0x0000, 0x0000, 0x0000,
  0x0000, 0x0000, 0x0000, 0x0000, 0x0000, 0x0000, 0x0000, 0x0000, 0x0000, 0x0000, 0x0000, 0x0000,
  0x0000, 0x0000, 0x0000, 0x0000, 0x0000, 0x0000, 0x0000, 0x0000, 0x0000, 0x0000, 0x0000, 0x0000,
  0x0000, 0x0000, 0x0000, 0x0000, 0x0000, 0x0000, 0x0000, 0x0000, 0x0000, 0x0000, 0x0000, 0x0000,
  0x0000, 0x0000, 0x0020, 0x0020, 0x0020, 0x0020, 0x0020, 0x0020, 0x0040, 0x0040, 0x0080, 0x0080,
  0x00A0, 0x00E0, 0x0100, 0x0120, 0x0140, 0x0180, 0x01A0, 0x01E0, 0x0220, 0x0280, 0x02C0, 0x0360,
  0x03E0, 0x0420, 0x0420, 0x0400, 0x1482, 0x4E08, 0x7F8F, 0x97F2, 0x97F2, 0x7FEF, 0x574A, 0x2E65,
  0x2604, 0x3E67, 0x674C, 0x7FEF, 0x97F3, 0xA7F5, 0x4689, 0x4E89, 0x66CC, 0x87F1, 0x3DE7, 0x874F,
  0x568A, 0x04A0, 0x0420, 0x0440, 0x1522, 0x8FF1, 0x45A8, 0x778E, 0x4648, 0x0420, 0x0440, 0x04A0,
  0x2524, 0x35C6, 0x0D02, 0x0480, 0x1D24, 0x8F71, 0x3DE7, 0x87B0, 0x3546, 0x45C8, 0x9FF3, 0x3566,
  0x7F4F, 0x774F, 0x14C2, 0x04C0, 0x04E0, 0x2D86, 0x9F93, 0x4E09, 0x770E, 0xBFF7, 0xA7F5, 0x8FD1,
  0x6F2C, 0x4688, 0x25C4, 0x2645, 0x4728, 0x6FCE, 0x8FF1, 0x97F2, 0x87B0, 0x5E6B, 0x24E3, 0x0420,
  0x0440, 0x0421, 0x0C01, 0x0380, 0x02E0, 0x0260, 0x0220, 0x01E0, 0x01C0, 0x0180, 0x0140, 0x0120,
  0x0100, 0x00C0, 0x00C0, 0x00A0, 0x0060, 0x0060, 0x0060, 0x0040, 0x0040, 0x0040, 0x0020, 0x0020,
  0x0020, 0x0020, 0x0020, 0x0000, 0x0000, 0x0000, 0x0000, 0x0000, 0x0000, 0x0000, 0x0000, 0x0000,
  0x0000, 0x0000, 0x0000, 0x0000, 0x0000, 0x0000, 0x0000, 0x0000, 0x0000, 0x0000, 0x0000, 0x0000,
  0x0000, 0x0000, 0x0000, 0x0000, 0x0000, 0x0000, 0x0000, 0x0000, 0x0000, 0x0000, 0x0000, 0x0000,
  0x0000, 0x0000, 0x0000, 0x0000, 0x0000, 0x0000, 0x0000, 0x0000, 0x0000, 0x0000, 0x0000, 0x0000,
  0x0000, 0x0000, 0x0000, 0x0000, 0x0000, 0x0000, 0x0020, 0x0020, 0x0020, 0x0020, 0x0020, 0x0020,
  0x0040, 0x0040, 0x0060, 0x0060, 0x0080, 0x00A0, 0x00C0, 0x00E0, 0x0100, 0x0140, 0x0180, 0x01A0,
  0x01C0, 0x0200, 0x0260, 0x02A0, 0x0320, 0x03A0, 0x03E0, 0x0400, 0x0420, 0x0420, 0x1D02, 0x5669,
  0x7F6E, 0x8FF1, 0x87F0, 0x6FCD, 0x4F69, 0x2EC5, 0x0E22, 0x1E23, 0x3E67, 0x56EA, 0x3606, 0x97D1,
  0xBFF7, 0x87B0, 0x2DE5, 0x97D2, 0x568A, 0x0540, 0x0520, 0x04E0, 0x1D63, 0x97F2, 0x45A8, 0x7F8F,
  0x35E7, 0x0440, 0x0C61, 0x14C2, 0x9791, 0xA7F4, 0x3607, 0x0480, 0x14C2, 0x8770, 0x3E47, 0x7F4F,
  0x560A, 0x0440, 0x6EED, 0x8F91, 0x2584, 0x8791, 0x772E, 0x35E5, 0x25E4, 0x87D1, 0xAFF5, 0x97D2,
  0x8FF1, 0x774E, 0x4668, 0x1E03, 0x0DE1, 0x2684, 0x4F28, 0x6FCD, 0x87F0, 0x97F1, 0x87AF, 0x5ECB,
  0x2565, 0x0440, 0x0420, 0x0440, 0x0421, 0x03C1, 0x0340, 0x02C0, 0x0240, 0x0200, 0x01E0, 0x01A0,
  0x0180, 0x0140, 0x0120, 0x0100, 0x00E0, 0x00C0, 0x00A0, 0x0080, 0x0060, 0x0040, 0x0040, 0x0040,
  0x0040, 0x0040, 0x0020, 0x0020, 0x0020, 0x0020, 0x0020, 0x0000, 0x0000, 0x0000, 0x0000, 0x0000,
  0x0000, 0x0000, 0x0000, 0x0000, 0x0000, 0x0000, 0x0000, 0x0000, 0x0000, 0x0000, 0x0000, 0x0000,
  0x0000, 0x0000, 0x0000, 0x0000, 0x0000, 0x0000, 0x0000, 0x0000, 0x0000, 0x0000, 0x0000, 0x0000,
  0x0000, 0x0000, 0x0000, 0x0000, 0x0000, 0x0000, 0x0000, 0x0000, 0x0000, 0x0000, 0x0000, 0x0000,
  0x0000, 0x0000, 0x0000, 0x0000, 0x0000, 0x0000, 0x0000, 0x0000, 0x0000, 0x0000, 0x0020, 0x0020,
  0x0020, 0x0020, 0x0020, 0x0020, 0x0020, 0x0040, 0x0040, 0x0060, 0x0060, 0x0080, 0x0080, 0x00A0,
  0x00C0, 0x0100, 0x0120, 0x0160, 0x0180, 0x01C0, 0x0200, 0x0220, 0x0260, 0x02E0, 0x0340, 0x03A0,
  0x0400, 0x0440, 0x0440, 0x0440, 0x1D03, 0x4E48, 0x778E, 0x87F1, 0x87F1, 0x7FEF, 0x67AC, 0x46E8,
  0x2E25, 0x15E3, 0x0DC2, 0x2E25, 0x5F2B, 0x878F, 0x9FD1, 0xB7F5, 0xB7F6, 0x4EA9, 0x0DA0, 0x4EC8,
  0x7F4F, 0x8770, 0x3587, 0x8FB0, 0x66AC, 0x45E8, 0x3DA7, 0x562A, 0x9FB3, 0x97F1, 0x3626, 0x0500,
  0x1D42, 0x878F, 0x3E87, 0x5E8B, 0x8F71, 0x5E4B, 0x2D84, 0x77AE, 0x8F71, 0x76AE, 0xAFF5, 0xAFF4,
  0x3E46, 0x77AE, 0x7F8F, 0x3EC8, 0x1E03, 0x15E2, 0x1E24, 0x3EE8, 0x5F8C, 0x77EF, 0x87F1, 0x87F0,
  0x7FAF, 0x56A9, 0x2D64, 0x0460, 0x0420, 0x0420, 0x0401, 0x03E1, 0x0360, 0x0300, 0x0280, 0x0240,
  0x0200, 0x01C0, 0x01A0, 0x0160, 0x0120, 0x00E0, 0x00C0, 0x00C0, 0x00A0, 0x0080, 0x0080, 0x0040,
  0x0040, 0x0040, 0x0040, 0x0040, 0x0040, 0x0040, 0x0020, 0x0020, 0x0020, 0x0020, 0x0020, 0x0000,
  0x0000, 0x0000, 0x0000, 0x0000, 0x0000, 0x0000, 0x0000, 0x0000, 0x0000, 0x0000, 0x0000, 0x0000,
  0x0000, 0x0000, 0x0000, 0x0000, 0x0000, 0x0000, 0x0000, 0x0000, 0x0000, 0x0000, 0x0000, 0x0000,
  0x0000, 0x0000, 0x0000, 0x0000, 0x0000, 0x0000, 0x0000, 0x0000, 0x0000, 0x0000, 0x0000, 0x0000,
  0x0000, 0x0000, 0x0000, 0x0000, 0x0000, 0x0000, 0x0000, 0x0000, 0x0000, 0x0000, 0x0000, 0x0000,
  0x0000, 0x0000, 0x0020, 0x0020, 0x0020, 0x0020, 0x0020, 0x0020, 0x0020, 0x0020, 0x0040, 0x0040,
  0x0040, 0x0060, 0x0060, 0x0080, 0x00A0, 0x00C0, 0x00C0, 0x0100, 0x0140, 0x0160, 0x01A0, 0x01C0,
  0x01E0, 0x0240, 0x02A0, 0x02E0, 0x0360, 0x03E0, 0x0420, 0x0460, 0x0440, 0x0440, 0x1CE2, 0x3E07,
  0x672D, 0x7FF0, 0x8FF1, 0x87F0, 0x77EE, 0x678C, 0x4F0A, 0x2E65, 0x1DE3, 0x1DC3, 0x4646, 0x5ECB,
  0x7FAF, 0x2E65, 0x05E0, 0x7FEF, 0xB7F6, 0x97D2, 0x8730, 0xA7F4, 0xAFF6, 0xAFF6, 0xAFF6, 0xAFF5,
  0x8F10, 0x97F1, 0x2604, 0x25E4, 0x97D1, 0xAFF4, 0x6F2D, 0x772F, 0xAFF5, 0xB7F6, 0x3E86, 0x15C1,
  0x672C, 0x77AE, 0x6F6D, 0x672C, 0x1DC2, 0x15E2, 0x1DE4, 0x2624, 0x3EC7, 0x5FAB, 0x77ED, 0x7FF0,
  0x8FF1, 0x87F0, 0x776E, 0x4E69, 0x1D03, 0x0460, 0x0440, 0x0420, 0x0420, 0x03C0, 0x0380, 0x0300,
  0x02A0, 0x0260, 0x0220, 0x01C0, 0x01A0, 0x0180, 0x0160, 0x0120, 0x00E0, 0x00A0, 0x00A0, 0x00A0,
  0x0080, 0x0060, 0x0040, 0x0040, 0x0040, 0x0040, 0x0040, 0x0020, 0x0020, 0x0020, 0x0020, 0x0020,
  0x0020, 0x0020, 0x0000, 0x0000, 0x0000, 0x0000, 0x0000, 0x0000, 0x0000, 0x0000, 0x0000, 0x0000,
  0x0000, 0x0000, 0x0000, 0x0000, 0x0000, 0x0000, 0x0000, 0x0000, 0x0000, 0x0000, 0x0000, 0x0000,
  0x0000, 0x0000, 0x0000, 0x0000, 0x0000, 0x0000, 0x0000, 0x0000, 0x0000, 0x0000, 0x0000, 0x0000,
  0x0000, 0x0000, 0x0000, 0x0000, 0x0000, 0x0000, 0x0000, 0x0000, 0x0000, 0x0000, 0x0000, 0x0000,
  0x0000, 0x0000, 0x0000, 0x0000, 0x0000, 0x0000, 0x0020, 0x0020, 0x0020, 0x0020, 0x0020, 0x0020,
  0x0020, 0x0020, 0x0020, 0x0040, 0x0040, 0x0040, 0x0040, 0x0060, 0x0060, 0x0080, 0x00A0, 0x00C0,
  0x00E0, 0x0120, 0x0140, 0x0160, 0x0180, 0x01E0, 0x0200, 0x0240, 0x0280, 0x02E0, 0x0360, 0x03C0,
  0x0420, 0x0C40, 0x0420, 0x0440, 0x0CA1, 0x2585, 0x568A, 0x774E, 0x8FF1, 0x97F2, 0x8FF2, 0x7FF0,
  0x67CD, 0x4F69, 0x36C5, 0x2643, 0x1E42, 0x0E01, 0x0DE1, 0x2E26, 0x4E49, 0x568A, 0x6EED, 0x6EED,
  0x772F, 0x8770, 0x8F91, 0x8FD2, 0x9FB2, 0x7FCF, 0x1602, 0x2E25, 0x97F2, 0x9FD2, 0x87B0, 0x778E,
  0x5EEB, 0x4E69, 0x1DE2, 0x05A0, 0x0580, 0x0DE2, 0x1E23, 0x2644, 0x2EC5, 0x4728, 0x5F8B, 0x7FEE,
  0x8FF0, 0x97F1, 0x97F1, 0x87AF, 0x66EC, 0x35C7, 0x14C2, 0x0440, 0x0420, 0x0440, 0x0440, 0x0400,
  0x03A0, 0x0320, 0x02A0, 0x0260, 0x0220, 0x01E0, 0x01C0, 0x01A0, 0x0180, 0x0120, 0x0100, 0x00E0,
  0x00C0, 0x00A0, 0x0080, 0x0080, 0x0060, 0x0040, 0x0040, 0x0040, 0x0040, 0x0020, 0x0020, 0x0020,
  0x0020, 0x0020, 0x0020, 0x0000, 0x0000, 0x0000, 0x0000, 0x0000, 0x0000, 0x0000, 0x0000, 0x0000,
  0x0000, 0x0000, 0x0000, 0x0000, 0x0000, 0x0000, 0x0000, 0x0000, 0x0000, 0x0000, 0x0000, 0x0000,
  0x0000, 0x0000, 0x0000, 0x0000, 0x0000, 0x0000, 0x0000, 0x0000, 0x0000, 0x0000, 0x0000, 0x0000,
  0x0000, 0x0000, 0x0000, 0x0000, 0x0000, 0x0000, 0x0000, 0x0000, 0x0000, 0x0000, 0x0000, 0x0000,
  0x0000, 0x0000, 0x0000, 0x0000, 0x0000, 0x0000, 0x0000, 0x0000, 0x0000, 0x0000, 0x0000, 0x0000,
  0x0000, 0x0000, 0x0000, 0x0000, 0x0020, 0x0020, 0x0020, 0x0020, 0x0040, 0x0040, 0x0040, 0x0040,
  0x0060, 0x0060, 0x0060, 0x0080, 0x00A0, 0x00C0, 0x00E0, 0x0100, 0x0120, 0x0180, 0x01A0, 0x01E0,
  0x0200, 0x0240, 0x0280, 0x02E0, 0x0340, 0x03C0, 0x0400, 0x0440, 0x0420, 0x0420, 0x0440, 0x1CE3,
  0x3DC6, 0x5EAA, 0x7F6E, 0x8FD1, 0x8FF1, 0x8FF1, 0x87F0, 0x77EE, 0x678C, 0x5F6C, 0x4F2A, 0x3EA7,
  0x2E65, 0x1E43, 0x1602, 0x1602, 0x1602, 0x15E2, 0x15E2, 0x15E2, 0x2624, 0x1623, 0x0DE2, 0x0DE2,
  0x1E24, 0x1E04, 0x1603, 0x1602, 0x1603, 0x1E03, 0x2E84, 0x3EE6, 0x4F08, 0x5F4A, 0x6F8C, 0x77CE,
  0x87F0, 0x8FF1, 0x97F2, 0x8FF1, 0x7F8F, 0x670C, 0x3E07, 0x1D03, 0x0481, 0x0420, 0x0420, 0x0440,
  0x0420, 0x03C1, 0x0361, 0x0300, 0x02C0, 0x0280, 0x0220, 0x01E0, 0x01A0, 0x0180, 0x0180, 0x0140,
  0x0100, 0x00C0, 0x00A0, 0x0080, 0x0080, 0x0060, 0x0040, 0x0040, 0x0040, 0x0040, 0x0040, 0x0040,
  0x0020, 0x0020, 0x0020, 0x0020, 0x0020, 0x0020, 0x0000, 0x0000, 0x0000, 0x0000, 0x0000, 0x0000,
  0x0000, 0x0000, 0x0000, 0x0000, 0x0000, 0x0000, 0x0000, 0x0000, 0x0000, 0x0000, 0x0000, 0x0000,
  0x0000, 0x0000, 0x0000, 0x0000, 0x0000, 0x0000, 0x0000, 0x0000, 0x0000, 0x0000, 0x0000, 0x0000,
  0x0000, 0x0000, 0x0000, 0x0000, 0x0000, 0x0000, 0x0000, 0x0000, 0x0000, 0x0000, 0x0000, 0x0000,
  0x0000, 0x0000, 0x0000, 0x0000, 0x0000, 0x0000, 0x0000, 0x0000, 0x0000, 0x0000, 0x0000, 0x0000,
  0x0000, 0x0000, 0x0000, 0x0000, 0x0000, 0x0000, 0x0000, 0x0000, 0x0020, 0x0020, 0x0020, 0x0020,
  0x0040, 0x0040, 0x0020, 0x0040, 0x0040, 0x0040, 0x0040, 0x0060, 0x0080, 0x0080, 0x00A0, 0x00C0,
  0x00E0, 0x0120, 0x0160, 0x0180, 0x01A0, 0x01E0, 0x0200, 0x0240, 0x0280, 0x02C0, 0x0320, 0x03A0,
  0x03E0, 0x0420, 0x0420, 0x0400, 0x0400, 0x0440, 0x1CC2, 0x3566, 0x4E49, 0x670C, 0x77AE, 0x7FEF,
  0x87F0, 0x8FF1, 0x8FF1, 0x87EF, 0x7FEF, 0x77EE, 0x6FED, 0x67CC, 0x5F8B, 0x576A, 0x572A, 0x4F29,
  0x4F09, 0x4F09, 0x4F0A, 0x572A, 0x4F09, 0x574A, 0x578B, 0x5FAC, 0x6FCD, 0x77EE, 0x7FEF, 0x8FF0,
  0x97F2, 0x97F2, 0x8FF1, 0x87F0, 0x7FAF, 0x6F2D, 0x566A, 0x3DA7, 0x1CE3, 0x0C61, 0x0400, 0x0400,
  0x0440, 0x0440, 0x0C20, 0x03C0, 0x0340, 0x02E0, 0x02A0, 0x0280, 0x0220, 0x01E0, 0x01A0, 0x01A0,
  0x0180, 0x0160, 0x0120, 0x00E0, 0x00A0, 0x0080, 0x0080, 0x0060, 0x0060, 0x0040, 0x0020, 0x0040,
  0x0040, 0x0040, 0x0020, 0x0020, 0x0020, 0x0020, 0x0020, 0x0020, 0x0000, 0x0000, 0x0000, 0x0000,
  0x0000, 0x0000, 0x0000, 0x0000, 0x0000, 0x0000, 0x0000, 0x0000, 0x0000, 0x0000, 0x0000, 0x0000,
  0x0000, 0x0000, 0x0000, 0x0000, 0x0000, 0x0000, 0x0000, 0x0000, 0x0000, 0x0000, 0x0000, 0x0000,
  0x0000, 0x0000, 0x0000, 0x0000, 0x0000, 0x0000, 0x0000, 0x0000, 0x0000, 0x0000, 0x0000, 0x0000,
  0x0000, 0x0000, 0x0000, 0x0000, 0x0000, 0x0000, 0x0000, 0x0000, 0x0000, 0x0000, 0x0000, 0x0000,
  0x0000, 0x0000, 0x0000, 0x0000, 0x0000, 0x0000, 0x0000, 0x0000, 0x0000, 0x0000, 0x0000, 0x0000,
  0x0020, 0x0020, 0x0020, 0x0020, 0x0020, 0x0020, 0x0020, 0x0020, 0x0020, 0x0020, 0x0040, 0x0040,
  0x0060, 0x0060, 0x0080, 0x00A0, 0x00A0, 0x00E0, 0x0100, 0x0140, 0x0160, 0x01A0, 0x01C0, 0x01C0,
  0x01E0, 0x0240, 0x0280, 0x02C0, 0x0300, 0x0360, 0x03A0, 0x0BE0, 0x0C21, 0x0420, 0x0400, 0x0420,
  0x0440, 0x0C80, 0x1502, 0x2D85, 0x4607, 0x5EAB, 0x6F0D, 0x7F6E, 0x87B0, 0x8FF0, 0x8FF1, 0x8FF2,
  0x8FF2, 0x8FF1, 0x8FF1, 0x97F2, 0x97F2, 0x8FF1, 0x8FF1, 0x8FF1, 0x8FF1, 0x97F1, 0x8FF2, 0x8FF2,
  0x8FF1, 0x8FF1, 0x8FD0, 0x8790, 0x772F, 0x66AC, 0x4E49, 0x35A6, 0x2523, 0x0C81, 0x0420, 0x0420,
  0x0400, 0x0400, 0x0420, 0x0420, 0x03E0, 0x0360, 0x0320, 0x02E0, 0x0280, 0x0260, 0x0220, 0x01C0,
  0x01A0, 0x0180, 0x0160, 0x0160, 0x0120, 0x00E0, 0x00C0, 0x00A0, 0x0080, 0x0060, 0x0060, 0x0060,
  0x0040, 0x0020, 0x0020, 0x0020, 0x0020, 0x0020, 0x0020, 0x0020, 0x0020, 0x0020, 0x0020, 0x0020,
  0x0000, 0x0000, 0x0000, 0x0000, 0x0000, 0x0000, 0x0000, 0x0000, 0x0000, 0x0000, 0x0000, 0x0000,
  0x0000, 0x0000, 0x0000, 0x0000, 0x0000, 0x0000, 0x0000, 0x0000, 0x0000, 0x0000, 0x0000, 0x0000,
  0x0000, 0x0000, 0x0000, 0x0000, 0x0000, 0x0000, 0x0000, 0x0000, 0x0000, 0x0000, 0x0000, 0x0000,
  0x0000, 0x0000, 0x0000, 0x0000, 0x0000, 0x0000, 0x0000, 0x0000, 0x0000, 0x0000, 0x0000, 0x0000,
  0x0000, 0x0000, 0x0000, 0x0000, 0x0000, 0x0000, 0x0000, 0x0000, 0x0000, 0x0000, 0x0000, 0x0000,
  0x0000, 0x0000, 0x0000, 0x0000, 0x0020, 0x0020, 0x0020, 0x0020, 0x0020, 0x0020, 0x0020, 0x0020,
  0x0020, 0x0020, 0x0020, 0x0020, 0x0020, 0x0040, 0x0060, 0x0060, 0x0080, 0x0080, 0x00A0, 0x00E0,
  0x0100, 0x0140, 0x0160, 0x0160, 0x0180, 0x01A0, 0x01E0, 0x0200, 0x0240, 0x0280, 0x02C0, 0x0300,
  0x0360, 0x03A0, 0x03E0, 0x0400, 0x0420, 0x0420, 0x0400, 0x0400, 0x0420, 0x0440, 0x0C61, 0x14C2,
  0x2524, 0x2D85, 0x3E07, 0x4628, 0x4E69, 0x56AA, 0x5ECB, 0x5EEB, 0x670C, 0x670B, 0x670C, 0x670C,
  0x5ECB, 0x56AA, 0x4E89, 0x4669, 0x3E27, 0x2DA6, 0x2544, 0x1CE3, 0x1481, 0x0440, 0x0420, 0x0400,
  0x0400, 0x0400, 0x0400, 0x0401, 0x03E0, 0x03A0, 0x0380, 0x0320, 0x02E0, 0x02A0, 0x0260, 0x0220,
  0x0200, 0x01C0, 0x01A0, 0x0180, 0x0160, 0x0140, 0x0120, 0x00E0, 0x00C0, 0x00A0, 0x0080, 0x0080,
  0x0060, 0x0040, 0x0040, 0x0020, 0x0020, 0x0020, 0x0020, 0x0020, 0x0020, 0x0020, 0x0000, 0x0000,
  0x0000, 0x0000, 0x0000, 0x0000, 0x0000, 0x0000, 0x0000, 0x0000, 0x0000, 0x0000, 0x0000, 0x0000,
  0x0000, 0x0000, 0x0000, 0x0000, 0x0000, 0x0000, 0x0000, 0x0000, 0x0000, 0x0000, 0x0000, 0x0000,
  0x0000, 0x0000, 0x0000, 0x0000, 0x0000, 0x0000, 0x0000, 0x0000, 0x0000, 0x0000, 0x0000, 0x0000,
  0x0000, 0x0000, 0x0000, 0x0000, 0x0000, 0x0000, 0x0000, 0x0000, 0x0000, 0x0000, 0x0000, 0x0000,
  0x0000, 0x0000, 0x0000, 0x0000, 0x0000, 0x0000, 0x0000, 0x0000, 0x0000, 0x0000, 0x0000, 0x0000,
  0x0000, 0x0000, 0x0000, 0x0000, 0x0000, 0x0000, 0x0000, 0x0000, 0x0000, 0x0020, 0x0020, 0x0020,
  0x0020, 0x0020, 0x0000, 0x0000, 0x0000, 0x0000, 0x0000, 0x0000, 0x0000, 0x0020, 0x0040, 0x0040,
  0x0060, 0x0060, 0x0060, 0x0080, 0x00A0, 0x00E0, 0x0100, 0x0120, 0x0140, 0x0160, 0x0180, 0x01A0,
  0x01C0, 0x01E0, 0x0220, 0x0240, 0x0280, 0x02C0, 0x0300, 0x0320, 0x0380, 0x03A0, 0x03E1, 0x0400,
  0x0400, 0x0400, 0x0400, 0x0400, 0x0400, 0x0400, 0x0400, 0x0400, 0x0420, 0x0420, 0x0420, 0x0440,
  0x0C60, 0x0C40, 0x0C40, 0x0C41, 0x0420, 0x0440, 0x0420, 0x0400, 0x0400, 0x03E0, 0x03E0, 0x03E0,
  0x0400, 0x0400, 0x0400, 0x0400, 0x0400, 0x03C0, 0x0360, 0x0320, 0x0300, 0x02C0, 0x02A0, 0x0260,
  0x0220, 0x0200, 0x01C0, 0x01A0, 0x0180, 0x0160, 0x0140, 0x0120, 0x0100, 0x00C0, 0x00C0, 0x0080,
  0x0080, 0x0060, 0x0040, 0x0040, 0x0020, 0x0020, 0x0020, 0x0020, 0x0000, 0x0000, 0x0000, 0x0000,
  0x0000, 0x0000, 0x0000, 0x0000, 0x0000, 0x0000, 0x0000, 0x0000, 0x0000, 0x0000, 0x0000, 0x0000,
  0x0000, 0x0000, 0x0000, 0x0000, 0x0000, 0x0000, 0x0000, 0x0000, 0x0000, 0x0000, 0x0000, 0x0000,
  0x0000, 0x0000, 0x0000, 0x0000, 0x0000, 0x0000, 0x0000, 0x0000, 0x0000, 0x0000, 0x0000, 0x0000,
  0x0000, 0x0000, 0x0000, 0x0000, 0x0000, 0x0000, 0x0000, 0x0000, 0x0000, 0x0000, 0x0000, 0x0000,
  0x0000, 0x0000, 0x0000, 0x0000, 0x0000, 0x0000, 0x0000, 0x0000, 0x0000, 0x0000, 0x0000, 0x0000,
  0x0000, 0x0000, 0x0000, 0x0000, 0x0000, 0x0000, 0x0000, 0x0000, 0x0000, 0x0000, 0x0000, 0x0000,
  0x0000, 0x0000, 0x0000, 0x0000, 0x0000, 0x0000, 0x0000, 0x0000, 0x0000, 0x0000, 0x0000, 0x0000,
  0x0000, 0x0000, 0x0020, 0x0020, 0x0020, 0x0040, 0x0040, 0x0060, 0x0060, 0x0080, 0x00A0, 0x00E0,
  0x0100, 0x0120, 0x0120, 0x0140, 0x0160, 0x0180, 0x01A0, 0x01C0, 0x0200, 0x0220, 0x0240, 0x0240,
  0x0280, 0x02C0, 0x02E0, 0x0340, 0x0380, 0x03A0, 0x03C0, 0x03E1, 0x0C01, 0x0401, 0x0420, 0x0420,
  0x0420, 0x0400, 0x0400, 0x0C20, 0x0420, 0x0400, 0x0400, 0x0400, 0x0400, 0x0400, 0x0421, 0x0400,
  0x0401, 0x0400, 0x0400, 0x03E0, 0x03C0, 0x03A0, 0x0380, 0x0340, 0x0320, 0x02E0, 0x02A0, 0x0280,
  0x0260, 0x0240, 0x0200, 0x01C0, 0x01A0, 0x0180, 0x0180, 0x0160, 0x0140, 0x0100, 0x00E0, 0x00C0,
  0x00A0, 0x00A0, 0x0080, 0x0060, 0x0040, 0x0040, 0x0020, 0x0020, 0x0020, 0x0020, 0x0020, 0x0000,
  0x0000, 0x0000, 0x0000, 0x0000, 0x0000, 0x0000, 0x0000, 0x0000, 0x0000, 0x0000, 0x0000, 0x0000,
  0x0000, 0x0000, 0x0000, 0x0000, 0x0000, 0x0000, 0x0000, 0x0000, 0x0000, 0x0000, 0x0000, 0x0000,
  0x0000, 0x0000, 0x0000, 0x0000, 0x0000, 0x0000, 0x0000, 0x0000, 0x0000, 0x0000, 0x0000, 0x0000,
  0x0000, 0x0000, 0x0000, 0x0000, 0x0000, 0x0000, 0x0000, 0x0000, 0x0000, 0x0000, 0x0000, 0x0000,
  0x0000, 0x0000, 0x0000, 0x0000, 0x0000, 0x0000, 0x0000, 0x0000, 0x0000, 0x0000, 0x0000, 0x0000,
  0x0000, 0x0000, 0x0000, 0x0000, 0x0000, 0x0000, 0x0000, 0x0000, 0x0000, 0x0000, 0x0000, 0x0000,
  0x0000, 0x0000, 0x0000, 0x0000, 0x0000, 0x0000, 0x0000, 0x0000, 0x0000, 0x0000, 0x0000, 0x0000,
  0x0000, 0x0000, 0x0000, 0x0000, 0x0000, 0x0000, 0x0000, 0x0000, 0x0000, 0x0020, 0x0020, 0x0040,
  0x0040, 0x0040, 0x0060, 0x0080, 0x00A0, 0x00C0, 0x00C0, 0x00E0, 0x0120, 0x0140, 0x0160, 0x0160,
  0x0180, 0x0180, 0x01C0, 0x01E0, 0x0200, 0x0220, 0x0240, 0x0260, 0x0280, 0x02A0, 0x02C0, 0x02E0,
  0x0300, 0x0320, 0x0360, 0x0360, 0x0360, 0x0380, 0x0380, 0x0380, 0x0380, 0x0380, 0x0380, 0x0380,
  0x0380, 0x0380, 0x0380, 0x0360, 0x0360, 0x0340, 0x0320, 0x0300, 0x02C0, 0x02A0, 0x0280, 0x0280,
  0x0260, 0x0240, 0x0200, 0x01E0, 0x01C0, 0x01A0, 0x0180, 0x0160, 0x0160, 0x0120, 0x0120, 0x0100,
  0x00E0, 0x00A0, 0x0080, 0x0080, 0x0080, 0x0060, 0x0040, 0x0020, 0x0020, 0x0020, 0x0020, 0x0000,
  0x0000, 0x0000, 0x0000, 0x0000, 0x0000, 0x0000, 0x0000, 0x0000, 0x0000, 0x0000, 0x0000, 0x0000,
  0x0000, 0x0000, 0x0000, 0x0000, 0x0000, 0x0000, 0x0000, 0x0000, 0x0000, 0x0000, 0x0000, 0x0000,
  0x0000, 0x0000, 0x0000, 0x0000, 0x0000, 0x0000, 0x0000, 0x0000, 0x0000, 0x0000, 0x0000, 0x0000,
  0x0000, 0x0000, 0x0000, 0x0000, 0x0000, 0x0000, 0x0000, 0x0000, 0x0000, 0x0000, 0x0000, 0x0000,
  0x0000, 0x0000, 0x0000, 0x0000, 0x0000, 0x0000, 0x0000, 0x0000, 0x0000, 0x0000, 0x0000, 0x0000,
  0x0000, 0x0000, 0x0000, 0x0000, 0x0000, 0x0000, 0x0000, 0x0000, 0x0000, 0x0000, 0x0000, 0x0000,
  0x0000, 0x0000, 0x0000, 0x0000, 0x0000, 0x0000, 0x0000, 0x0000, 0x0000, 0x0000, 0x0000, 0x0000,
  0x0000, 0x0000, 0x0000, 0x0000, 0x0000, 0x0000, 0x0000, 0x0000, 0x0000, 0x0000, 0x0000, 0x0000,
  0x0000, 0x0000, 0x0020, 0x0020, 0x0020, 0x0040, 0x0040, 0x0040, 0x0060, 0x0080, 0x0080, 0x00A0,
  0x00C0, 0x00E0, 0x0100, 0x0120, 0x0140, 0x0160, 0x0180, 0x0160, 0x0180, 0x01A0, 0x01C0, 0x01E0,
  0x0200, 0x0200, 0x0220, 0x0220, 0x0240, 0x0260, 0x0280, 0x0280, 0x0280, 0x0280, 0x02A0, 0x02A0,
  0x02A0, 0x02A0, 0x02A0, 0x02A0, 0x02A0, 0x02A0, 0x0280, 0x0280, 0x0280, 0x0260, 0x0240, 0x0240,
  0x0220, 0x0200, 0x01E0, 0x01C0, 0x01A0, 0x01A0, 0x01A0, 0x0180, 0x0160, 0x0160, 0x0140, 0x0120,
  0x0100, 0x00E0, 0x00C0, 0x00A0, 0x00A0, 0x0060, 0x0060, 0x0060, 0x0040, 0x0040, 0x0020, 0x0000,
  0x0000, 0x0000, 0x0000, 0x0000, 0x0000, 0x0000, 0x0000, 0x0000, 0x0000, 0x0000, 0x0000, 0x0000,
  0x0000, 0x0000, 0x0000, 0x0000, 0x0000, 0x0000, 0x0000, 0x0000, 0x0000, 0x0000, 0x0000, 0x0000,
  0x0000, 0x0000, 0x0000, 0x0000, 0x0000, 0x0000, 0x0000, 0x0000, 0x0000, 0x0000, 0x0000, 0x0000,
  0x0000, 0x0000, 0x0000, 0x0000, 0x0000, 0x0000, 0x0000, 0x0000, 0x0000, 0x0000, 0x0000, 0x0000,
  0x0000, 0x0000, 0x0000, 0x0000, 0x0000, 0x0000, 0x0000, 0x0000, 0x0000, 0x0000, 0x0000, 0x0000,
  0x0000, 0x0000, 0x0000, 0x0000, 0x0000, 0x0000, 0x0000, 0x0000, 0x0000, 0x0000, 0x0000, 0x0000,
  0x0000, 0x0000, 0x0000, 0x0000, 0x0000, 0x0000, 0x0000, 0x0000, 0x0000, 0x0000, 0x0000, 0x0000,
  0x0000, 0x0000, 0x0000, 0x0000, 0x0000, 0x0000, 0x0000, 0x0000, 0x0000, 0x0000, 0x0000, 0x0000,
  0x0000, 0x0000, 0x0000, 0x0000, 0x0000, 0x0000, 0x0000, 0x0000, 0x0000, 0x0000, 0x0020, 0x0020,
  0x0040, 0x0060, 0x0060, 0x0060, 0x0080, 0x00A0, 0x00A0, 0x00C0, 0x00E0, 0x0100, 0x0120, 0x0120,
  0x0140, 0x0160, 0x0160, 0x0160, 0x0180, 0x0180, 0x01A0, 0x01A0, 0x01A0, 0x01C0, 0x01E0, 0x01E0,
  0x01E0, 0x0200, 0x0200, 0x0200, 0x0200, 0x0200, 0x0200, 0x0200, 0x0200, 0x0200, 0x0200, 0x0200,
  0x01E0, 0x01C0, 0x01C0, 0x01A0, 0x01A0, 0x0180, 0x0180, 0x0180, 0x0160, 0x0140, 0x0140, 0x0120,
  0x0120, 0x0100, 0x00E0, 0x00C0, 0x00A0, 0x0080, 0x0080, 0x0060, 0x0060, 0x0040, 0x0040, 0x0040,
  0x0020, 0x0020, 0x0000, 0x0000, 0x0000, 0x0000, 0x0000, 0x0000, 0x0000, 0x0000, 0x0000, 0x0000,
  0x0000, 0x0000, 0x0000, 0x0000, 0x0000, 0x0000, 0x0000, 0x0000, 0x0000, 0x0000, 0x0000, 0x0000,
  0x0000, 0x0000, 0x0000, 0x0000, 0x0000, 0x0000, 0x0000, 0x0000, 0x0000, 0x0000, 0x0000, 0x0000,
  0x0000, 0x0000, 0x0000, 0x0000, 0x0000, 0x0000, 0x0000, 0x0000, 0x0000, 0x0000, 0x0000, 0x0000,
  0x0000, 0x0000, 0x0000, 0x0000, 0x0000, 0x0000, 0x0000, 0x0000, 0x0000, 0x0000, 0x0000, 0x0000,
  0x0000, 0x0000, 0x0000, 0x0000, 0x0000, 0x0000, 0x0000, 0x0000, 0x0000, 0x0000, 0x0000, 0x0000,
  0x0000, 0x0000, 0x0000, 0x0000, 0x0000, 0x0000, 0x0000, 0x0000, 0x0000, 0x0000, 0x0000, 0x0000,
  0x0000, 0x0000, 0x0000, 0x0000, 0x0000, 0x0000, 0x0000, 0x0000, 0x0000, 0x0000, 0x0000, 0x0000,
  0x0000, 0x0000, 0x0000, 0x0000, 0x0000, 0x0000, 0x0000, 0x0000, 0x0000, 0x0000, 0x0000, 0x0000,
  0x0000, 0x0000, 0x0000, 0x0000, 0x0020, 0x0020, 0x0020, 0x0040, 0x0040, 0x0060, 0x0080, 0x0080,
  0x00A0, 0x00A0, 0x00A0, 0x00C0, 0x00E0, 0x0100, 0x0100, 0x0100, 0x0120, 0x0140, 0x0160, 0x0160,
  0x0180, 0x0180, 0x0180, 0x0180, 0x0180, 0x0180, 0x0180, 0x0180, 0x01A0, 0x01A0, 0x01A0, 0x01A0,
  0x01A0, 0x01A0, 0x01A0, 0x0180, 0x0180, 0x0180, 0x0160, 0x0160, 0x0160, 0x0140, 0x0140, 0x0120,
  0x0100, 0x00E0, 0x00E0, 0x00C0, 0x00A0, 0x00A0, 0x0080, 0x0080, 0x0060, 0x0060, 0x0040, 0x0040,
  0x0020, 0x0020, 0x0000, 0x0000, 0x0000, 0x0000, 0x0000, 0x0000, 0x0000, 0x0000, 0x0000, 0x0000,
  0x0000, 0x0000, 0x0000, 0x0000, 0x0000, 0x0000, 0x0000, 0x0000, 0x0000, 0x0000, 0x0000, 0x0000,
  0x0000, 0x0000, 0x0000, 0x0000, 0x0000, 0x0000, 0x0000, 0x0000, 0x0000, 0x0000, 0x0000, 0x0000,
  0x0000, 0x0000, 0x0000, 0x0000, 0x0000, 0x0000, 0x0000, 0x0000, 0x0000, 0x0000, 0x0000, 0x0000,
  0x0000, 0x0000, 0x0000, 0x0000, 0x0000, 0x0000, 0x0000, 0x0000, 0x0000, 0x0000, 0x0000, 0x0000,
  0x0000, 0x0000, 0x0000, 0x0000, 0x0000, 0x0000, 0x0000, 0x0000, 0x0000, 0x0000, 0x0000, 0x0000,
  0x0000, 0x0000, 0x0000, 0x0000, 0x0000, 0x0000, 0x0000, 0x0000, 0x0000, 0x0000, 0x0000, 0x0000,
  0x0000, 0x0000, 0x0000, 0x0000, 0x0000, 0x0000, 0x0000, 0x0000, 0x0000, 0x0000, 0x0000, 0x0000,
  0x0000, 0x0000, 0x0000, 0x0000, 0x0000, 0x0000, 0x0000, 0x0000, 0x0000, 0x0000, 0x0000, 0x0000,
  0x0000, 0x0000, 0x0000, 0x0000, 0x0000, 0x0000, 0x0000, 0x0000, 0x0000, 0x0000, 0x0000, 0x0020,
  0x0020, 0x0020, 0x0040, 0x0060, 0x0060, 0x0060, 0x0060, 0x0060, 0x0080, 0x00A0, 0x00A0, 0x00C0,
  0x00E0, 0x00E0, 0x00E0, 0x0100, 0x0120, 0x0120, 0x0120, 0x0120, 0x0140, 0x0120, 0x0120, 0x0120,
  0x0140, 0x0140, 0x0140, 0x0140, 0x0140, 0x0140, 0x0140, 0x0120, 0x0120, 0x0120, 0x0100, 0x0100,
  0x0100, 0x00E0, 0x00C0, 0x00C0, 0x00A0, 0x00A0, 0x0080, 0x0080, 0x0080, 0x0060, 0x0060, 0x0040,
  0x0040, 0x0040, 0x0020, 0x0020, 0x0000, 0x0000, 0x0000, 0x0000, 0x0000, 0x0000, 0x0000, 0x0000,
  0x0000, 0x0000, 0x0000, 0x0000, 0x0000, 0x0000, 0x0000, 0x0000, 0x0000, 0x0000, 0x0000, 0x0000,
  0x0000, 0x0000, 0x0000, 0x0000, 0x0000, 0x0000, 0x0000, 0x0000, 0x0000, 0x0000, 0x0000, 0x0000,
  0x0000, 0x0000, 0x0000, 0x0000, 0x0000, 0x0000, 0x0000, 0x0000, 0x0000, 0x0000, 0x0000, 0x0000,
  0x0000, 0x0000, 0x0000, 0x0000, 0x0000, 0x0000, 0x0000, 0x0000, 0x0000, 0x0000, 0x0000, 0x0000,
  0x0000, 0x0000, 0x0000, 0x0000, 0x0000, 0x0000, 0x0000, 0x0000, 0x0000, 0x0000, 0x0000, 0x0000,
  0x0000, 0x0000, 0x0000, 0x0000, 0x0000, 0x0000, 0x0000, 0x0000, 0x0000, 0x0000, 0x0000, 0x0000,
  0x0000, 0x0000, 0x0000, 0x0000, 0x0000, 0x0000, 0x0000, 0x0000, 0x0000, 0x0000, 0x0000, 0x0000,
  0x0000, 0x0000, 0x0000, 0x0000, 0x0000, 0x0000, 0x0000, 0x0000, 0x0000, 0x0000, 0x0000, 0x0000,
  0x0000, 0x0000, 0x0000, 0x0000, 0x0000, 0x0000, 0x0000, 0x0000, 0x0000, 0x0000, 0x0000, 0x0000,
  0x0000, 0x0000, 0x0000, 0x0000, 0x0000, 0x0000, 0x0020, 0x0020, 0x0040, 0x0040, 0x0040, 0x0040,
  0x0060, 0x0060, 0x0080, 0x0080, 0x0080, 0x0080, 0x00A0, 0x00A0, 0x00A0, 0x00A0, 0x00A0, 0x00C0,
  0x00C0, 0x00C0, 0x00C0, 0x00C0, 0x00E0, 0x00E0, 0x00E0, 0x00C0, 0x00C0, 0x00C0, 0x00C0, 0x00C0,
  0x00C0, 0x00C0, 0x00A0, 0x00A0, 0x00A0, 0x0080, 0x0080, 0x0080, 0x0080, 0x0060, 0x0060, 0x0040,
  0x0040, 0x0040, 0x0020, 0x0020, 0x0020, 0x0020, 0x0000, 0x0000, 0x0000, 0x0000, 0x0000, 0x0000,
  0x0000, 0x0000, 0x0000, 0x0000, 0x0000, 0x0000, 0x0000, 0x0000, 0x0000, 0x0000, 0x0000, 0x0000,
  0x0000, 0x0000, 0x0000, 0x0000, 0x0000, 0x0000, 0x0000, 0x0000, 0x0000, 0x0000, 0x0000, 0x0000,
  0x0000, 0x0000, 0x0000, 0x0000, 0x0000, 0x0000, 0x0000, 0x0000, 0x0000, 0x0000, 0x0000, 0x0000,
  0x0000, 0x0000, 0x0000, 0x0000, 0x0000, 0x0000, 0x0000, 0x0000, 0x0000, 0x0000, 0x0000, 0x0000,
  0x0000, 0x0000, 0x0000, 0x0000, 0x0000, 0x0000, 0x0000, 0x0000, 0x0000, 0x0000, 0x0000, 0x0000,
  0x0000, 0x0000, 0x0000, 0x0000, 0x0000, 0x0000, 0x0000, 0x0000, 0x0000, 0x0000, 0x0000, 0x0000,
  0x0000, 0x0000, 0x0000, 0x0000, 0x0000, 0x0000, 0x0000, 0x0000, 0x0000, 0x0000, 0x0000, 0x0000,
  0x0000, 0x0000, 0x0000, 0x0000, 0x0000, 0x0000, 0x0000, 0x0000, 0x0000, 0x0000, 0x0000, 0x0000,
  0x0000, 0x0000, 0x0000, 0x0000, 0x0000, 0x0000, 0x0000, 0x0000, 0x0000, 0x0000, 0x0000, 0x0000,
  0x0000, 0x0000, 0x0000, 0x0000, 0x0000, 0x0000, 0x0000, 0x0000, 0x0000, 0x0000, 0x0000, 0x0000,
  0x0000, 0x0000, 0x0020, 0x0040, 0x0040, 0x0040, 0x0040, 0x0040, 0x0040, 0x0040, 0x0060, 0x0060,
  0x0060, 0x0060, 0x0060, 0x0060, 0x0080, 0x0080, 0x0080, 0x0080, 0x0080, 0x0080, 0x0080, 0x0080,
  0x0080, 0x0080, 0x0080, 0x0080, 0x0080, 0x0080, 0x0060, 0x0060, 0x0060, 0x0060, 0x0060, 0x0040,
  0x0060, 0x0040, 0x0020, 0x0020, 0x0020, 0x0000, 0x0000, 0x0000, 0x0000, 0x0000, 0x0000, 0x0000,
  0x0000, 0x0000, 0x0000, 0x0000, 0x0000, 0x0000, 0x0000, 0x0000, 0x0000, 0x0000, 0x0000, 0x0000,
  0x0000, 0x0000, 0x0000, 0x0000, 0x0000, 0x0000, 0x0000, 0x0000, 0x0000, 0x0000, 0x0000, 0x0000,
  0x0000, 0x0000, 0x0000, 0x0000, 0x0000, 0x0000, 0x0000, 0x0000, 0x0000, 0x0000, 0x0000, 0x0000,
  0x0000, 0x0000, 0x0000, 0x0000, 0x0000, 0x0000, 0x0000, 0x0000, 0x0000, 0x0000, 0x0000, 0x0000,
  0x0000, 0x0000, 0x0000, 0x0000, 0x0000, 0x0000, 0x0000, 0x0000, 0x0000, 0x0000, 0x0000, 0x0000
};

float balanceDGB = 0.0f;
float dgbPriceUsd = 0.0f;
float dgbPriceGbp = 0.0f;
float dgbPriceCad = 0.0f;
float walletFiatValue = 0.0f;
float lastBalanceDGB = -1.0f;
float deltaDGB = 0.0f;

bool haveWalletData = false;
bool haveFiatData = false;
bool popupActive = false;
bool popupPersistent = false;
bool portalMode = false;
bool minedBaselineReady = false;

String statusText = "BOOT";
String lastMinedTxId = "";
unsigned long popupUntil = 0;
unsigned long lastWalletFetch = 0;
unsigned long lastFiatFetch = 0;
unsigned long lastMinedAlertCheck = 0;
unsigned long lastMiningDisplayRefresh = 0;

float miningHashrateKh = 0.0f;
uint64_t miningTotalHashes = 0;
uint32_t miningSubmittedShares = 0;
uint32_t miningPendingShares = 0;
uint32_t miningAcceptedShares = 0;
uint32_t miningRejectedShares = 0;
uint32_t miningBlocksFound = 0;
uint32_t miningUptimeSeconds = 0;
double miningBestDiff = 0.0;
double miningPoolDifficulty = 0.0;
bool miningHardwareSha = false;
String miningRuntimeStatus = "OFF";

bool isBlockPopupVisible();

void rearLedOn() {
  digitalWrite(REAR_LED, LOW);
}

String fmt2(float v) {
  char buf[24];
  dtostrf(v, 0, 2, buf);
  return String(buf);
}

String fmtDecimals(float v, uint8_t decimals) {
  char buf[24];
  dtostrf(v, 0, decimals, buf);
  return String(buf);
}

String normalizeCurrency(String currency) {
  currency.trim();
  currency.toUpperCase();
  if (currency == "GBP" || currency == "CAD") return currency;
  return "USD";
}

String currentCurrencyCode() {
  return normalizeCurrency(cfgCurrency);
}

String currencyDisplayName(const String& currencyCode) {
  if (currencyCode == "GBP") return "Great British Pound";
  if (currencyCode == "CAD") return "Canadian Dollar";
  return "US Dollar";
}

String currencyPrefix(const String& currencyCode) {
  if (currencyCode == "GBP") return "\xC2\xA3";
  if (currencyCode == "CAD") return "CAD$";
  return "$";
}

String currencyPrefixHtml(const String& currencyCode) {
  if (currencyCode == "GBP") return "&pound;";
  if (currencyCode == "CAD") return "CAD$";
  return "$";
}

float dgbPriceForCurrency(const String& currencyCode) {
  if (currencyCode == "GBP") return dgbPriceGbp;
  if (currencyCode == "CAD") return dgbPriceCad;
  return dgbPriceUsd;
}

float currentDgbFiatPrice() {
  return dgbPriceForCurrency(currentCurrencyCode());
}

float currentWalletFiatValue() {
  float price = currentDgbFiatPrice();
  if (!(haveWalletData && price > 0.0f)) return 0.0f;
  return balanceDGB * price;
}

void syncFiatAvailability() {
  haveFiatData = (currentDgbFiatPrice() > 0.0f);
}

String currentCurrencyWaitText() {
  return currentCurrencyCode() + " WAIT";
}

String formatFiatAmount(const String& currencyCode, float amount, uint8_t decimals) {
  return currencyPrefix(currencyCode) + fmtDecimals(amount, decimals);
}

String currentFiatAmountText(float amount, uint8_t decimals) {
  return formatFiatAmount(currentCurrencyCode(), amount, decimals);
}

void drawPoundGlyph2x(int x, int y, uint16_t color, uint16_t bg) {
  static const uint8_t poundGlyph[8] = {
    0b001110,
    0b010001,
    0b010000,
    0b111100,
    0b011000,
    0b111100,
    0b010000,
    0b111110
  };

  tft.fillRect(x, y, 12, 16, bg);
  for (int row = 0; row < 8; ++row) {
    for (int col = 0; col < 6; ++col) {
      if (poundGlyph[row] & (1 << (5 - col))) {
        tft.fillRect(x + (col * 2), y + (row * 2), 2, 2, color);
      }
    }
  }
}

String currentCurrencyRetryText() {
  return currentCurrencyCode() + " RETRY";
}

String liveCurrencyWaitStatus() {
  return "LIVE / " + currentCurrencyCode() + " WAIT";
}

float extractJsonFloat(const String& body, const char* key) {
  int pos = body.indexOf(key);
  if (pos < 0) return 0.0f;

  String sub = body.substring(pos + strlen(key));
  int comma = sub.indexOf(",");
  int brace = sub.indexOf("}");
  int end = comma;

  if (end < 0 || (brace >= 0 && brace < end)) end = brace;
  if (end > 0) sub = sub.substring(0, end);
  sub.trim();
  return sub.toFloat();
}

String compactJson(String body) {
  body.replace("\n", "");
  body.replace("\r", "");
  body.replace("\t", "");
  body.replace(" ", "");
  return body;
}

String extractJsonStringValue(const String& body, const char* key) {
  int pos = body.indexOf(key);
  if (pos < 0) return "";
  int start = pos + strlen(key);
  int end = body.indexOf("\"", start);
  if (end < 0 || end <= start) return "";
  return body.substring(start, end);
}

bool extractLatestMinedTx(const String& rawBody, String& txid, float& received) {
  String body = compactJson(rawBody);
  int typePos = body.indexOf("\"type\":\"mined\"");
  if (typePos < 0) return false;

  int objStart = body.lastIndexOf("{", typePos);
  int objEnd = body.indexOf("}", typePos);
  if (objStart < 0 || objEnd < 0 || objEnd <= objStart) return false;

  String obj = body.substring(objStart, objEnd + 1);
  txid = extractJsonStringValue(obj, "\"txid\":\"");
  received = extractJsonStringValue(obj, "\"received\":\"").toFloat();
  if (received <= 0.0f) received = extractJsonFloat(obj, "\"received\":");
  if (received <= 0.0f) received = extractJsonFloat(obj, "\"amount\":");
  if (received <= 0.0f) received = extractJsonFloat(obj, "\"value\":");
  return !txid.isEmpty();
}

String currencyChoiceHtml(const char* code, const char* label, const char* hint) {
  String checked = currentCurrencyCode() == code ? " checked" : "";
  return
    "<label class='choice'>"
      "<input type='radio' name='currency' value='" + String(code) + "'" + checked + ">"
      "<span class='choice-body'>"
        "<span class='choice-code'>" + String(code) + "</span>"
        "<span class='choice-label'>" + String(label) + "</span>"
        "<span class='choice-hint'>" + String(hint) + "</span>"
      "</span>"
    "</label>";
}

void trimConfig() {
  cfgWallet.trim();
  cfgCurrency = normalizeCurrency(cfgCurrency);
  cfgMiningPoolHost.trim();
  cfgMiningPoolPort.trim();
  cfgMiningUser.trim();
  cfgMiningWorker.trim();
  cfgMiningPass.trim();
  if (cfgMiningPoolPort.isEmpty()) cfgMiningPoolPort = "3333";
  if (cfgMiningPass.isEmpty()) cfgMiningPass = "x";
}

void savePrefs() {
  trimConfig();
  prefs.begin("solo", false);
  prefs.putString("wallet", cfgWallet);
  prefs.putString("currency", cfgCurrency);
  prefs.putBool("flip", cfgFlip);
  prefs.putBool("mineen", cfgMiningEnabled);
  prefs.putString("poolhost", cfgMiningPoolHost);
  prefs.putString("poolport", cfgMiningPoolPort);
  prefs.putString("mineuser", cfgMiningUser);
  prefs.putString("worker", cfgMiningWorker);
  prefs.putString("minepass", cfgMiningPass);
  prefs.putString("lastmtx", lastMinedTxId);
  prefs.putBool("minebase", minedBaselineReady);
  prefs.putFloat("lastbal", lastBalanceDGB);
  prefs.putFloat("lastusd", dgbPriceUsd);
  prefs.putFloat("lastgbp", dgbPriceGbp);
  prefs.putFloat("lastcad", dgbPriceCad);
  prefs.end();
}

void loadPrefs() {
  prefs.begin("solo", true);
  cfgWallet = prefs.getString("wallet", "");
  cfgCurrency = prefs.getString("currency", "USD");
  cfgFlip = prefs.getBool("flip", false);
  cfgMiningEnabled = prefs.getBool("mineen", false);
  cfgMiningPoolHost = prefs.getString("poolhost", "");
  cfgMiningPoolPort = prefs.getString("poolport", "3333");
  cfgMiningUser = prefs.getString("mineuser", "");
  cfgMiningWorker = prefs.getString("worker", "");
  cfgMiningPass = prefs.getString("minepass", "x");
  lastMinedTxId = prefs.getString("lastmtx", "");
  minedBaselineReady = prefs.getBool("minebase", false);
  lastBalanceDGB = prefs.getFloat("lastbal", -1.0f);
  dgbPriceUsd = prefs.getFloat("lastusd", 0.0f);
  dgbPriceGbp = prefs.getFloat("lastgbp", 0.0f);
  dgbPriceCad = prefs.getFloat("lastcad", 0.0f);
  prefs.end();
  trimConfig();
  syncFiatAvailability();
}

void saveLastBalance() {
  prefs.begin("solo", false);
  prefs.putFloat("lastbal", lastBalanceDGB);
  prefs.end();
}

void saveMinedAlertState() {
  prefs.begin("solo", false);
  prefs.putString("lastmtx", lastMinedTxId);
  prefs.putBool("minebase", minedBaselineReady);
  prefs.end();
}

void saveLastFiatPrices() {
  prefs.begin("solo", false);
  prefs.putFloat("lastusd", dgbPriceUsd);
  prefs.putFloat("lastgbp", dgbPriceGbp);
  prefs.putFloat("lastcad", dgbPriceCad);
  prefs.end();
}

void applyRotation() {
  tft.setRotation(cfgFlip ? 3 : 1);
}

String currentIpText() {
  if (WiFi.status() == WL_CONNECTED) return WiFi.localIP().toString();
  return "NO WIFI";
}

String htmlEscape(String s) {
  s.replace("&", "&amp;");
  s.replace("<", "&lt;");
  s.replace(">", "&gt;");
  s.replace("\"", "&quot;");
  return s;
}

String jsonEscape(String s) {
  s.replace("\\", "\\\\");
  s.replace("\"", "\\\"");
  s.replace("\n", "\\n");
  s.replace("\r", "\\r");
  return s;
}

SoloHunterMiningConfig currentMiningEngineConfig() {
  SoloHunterMiningConfig config;
  config.enabled = cfgMiningEnabled;
  config.poolHost = cfgMiningPoolHost;
  long port = cfgMiningPoolPort.toInt();
  config.poolPort = (port > 0 && port <= 65535) ? (uint16_t)port : 3333;
  config.username = cfgMiningUser;
  config.worker = cfgMiningWorker;
  config.password = cfgMiningPass;
  return config;
}

void syncMiningStats() {
  SoloHunterMiningStats stats = soloHunterMinerGetStats();
  miningHashrateKh = stats.hashrateKh;
  miningTotalHashes = stats.totalHashes;
  miningSubmittedShares = stats.submittedShares;
  miningPendingShares = stats.pendingShares;
  miningAcceptedShares = stats.acceptedShares;
  miningRejectedShares = stats.rejectedShares;
  miningBlocksFound = stats.blocksFound;
  miningUptimeSeconds = stats.uptimeSeconds;
  miningBestDiff = stats.bestDifficulty;
  miningPoolDifficulty = stats.poolDifficulty;
  miningHardwareSha = stats.hardwareSha;
  miningRuntimeStatus = stats.status;
}

String formatMiningHashrate() {
  return String((uint32_t)lroundf(miningHashrateKh)) + "KH";
}

String uint64Text(uint64_t value) {
  char text[24];
  snprintf(text, sizeof(text), "%llu", (unsigned long long)value);
  return String(text);
}

String formatMiningTotalHashes() {
  if (miningTotalHashes >= 1000000000ULL) {
    return fmtDecimals((float)miningTotalHashes / 1000000000.0f, 2) + "B";
  }
  if (miningTotalHashes >= 1000000ULL) {
    return fmtDecimals((float)miningTotalHashes / 1000000.0f, 2) + "M";
  }
  if (miningTotalHashes >= 1000ULL) {
    return fmtDecimals((float)miningTotalHashes / 1000.0f, 2) + "K";
  }
  return uint64Text(miningTotalHashes);
}

String formatMiningUptime() {
  uint32_t hours = miningUptimeSeconds / 3600U;
  uint32_t minutes = (miningUptimeSeconds / 60U) % 60U;
  uint32_t seconds = miningUptimeSeconds % 60U;
  char text[24];
  snprintf(text, sizeof(text), "%02lu:%02lu:%02lu",
           (unsigned long)hours, (unsigned long)minutes,
           (unsigned long)seconds);
  return String(text);
}

String formatMiningDiff() {
  if (miningBestDiff >= 1000000.0) return fmtDecimals((float)(miningBestDiff / 1000000.0), 2) + "M";
  if (miningBestDiff >= 1000.0) return fmtDecimals((float)(miningBestDiff / 1000.0), 2) + "K";
  if (miningBestDiff >= 1.0) return fmtDecimals((float)miningBestDiff, 2);
  if (miningBestDiff > 0.0) return fmtDecimals((float)miningBestDiff, 6);
  return fmtDecimals((float)miningBestDiff, 2);
}

String formatMiningDiffCompact() {
  if (miningBestDiff >= 1.0) return formatMiningDiff();
  if (miningBestDiff <= 0.0) return "0.00";
  if (miningBestDiff < 0.0001) return "<.0001";
  return fmtDecimals((float)miningBestDiff, 4);
}

void drawMiningStats() {
  syncMiningStats();
  if (!cfgMiningEnabled) return;

  tft.fillRect(38, 56, 36, 60, C_BG);
  tft.setTextSize(1);
  tft.setTextColor(C_GREEN, C_BG);
  tft.setCursor(38, 58);
  tft.print(formatMiningHashrate());
  tft.setCursor(38, 70);
  tft.print(miningAcceptedShares);
  tft.setCursor(38, 82);
  tft.print(miningRejectedShares);
  tft.setCursor(38, 94);
  tft.print(formatMiningDiffCompact());
  tft.setCursor(38, 106);
  tft.print(miningBlocksFound);
}

void drawBorder() {
  // Semi-thick neon border
  tft.drawRect(0, 0, 320, 240, C_GREEN);
  tft.drawRect(1, 1, 318, 238, C_GREEN);
  tft.drawRect(2, 2, 316, 236, C_GREEN2);
  tft.drawRect(3, 3, 314, 234, C_GREEN2);
}

void drawStaticLayout() {
  tft.fillScreen(C_BG);
  drawBorder();

  tft.setTextColor(C_GREEN, C_BG);
  tft.setTextSize(2);
  tft.setCursor(74, 10);
  tft.print("__SOLO_HUNTER__");

  int imgX = (320 - IMG_W) / 2;
  int imgY = 34;

  tft.setSwapBytes(true);
  tft.pushImage(imgX, imgY, IMG_W, IMG_H, acceptedImg);
  tft.setSwapBytes(false);
  tft.fillRect(6, 50, 68, 70, C_BG);
  if (cfgMiningEnabled) {
    tft.setTextSize(1);
    tft.setTextColor(C_GREEN, C_BG);
    tft.setCursor(8, 58);
    tft.print("HASH");
    tft.setCursor(8, 70);
    tft.print("ACC");
    tft.setCursor(8, 82);
    tft.print("REJ");
    tft.setCursor(8, 94);
    tft.print("BEST");
    tft.setCursor(8, 106);
    tft.print("BLK");
  }
  drawMiningStats();

  tft.drawFastHLine(20, 180, 280, C_GREEN2);
  tft.drawFastHLine(20, 222, 280, C_GREEN2);

  tft.setTextSize(1);
  tft.setTextColor(C_DIM, C_BG);
  tft.setCursor(24, 186);
  tft.print("DGB BAL");
  String fiatLabel = currentCurrencyCode() + " VALUE";
  int fiatLabelX = 296 - tft.textWidth(fiatLabel);
  if (fiatLabelX < 216) fiatLabelX = 216;
  tft.setCursor(fiatLabelX, 186);
  tft.print(fiatLabel);
  tft.setCursor(24, 226);
  tft.print("STATUS");
}

void drawValues() {
  tft.fillRect(20, 194, 280, 24, C_BG);
  tft.setTextSize(2);
  walletFiatValue = 0.0f;

  if (haveWalletData) {
    tft.setTextColor(C_GREEN, C_BG);
    tft.setCursor(24, 196);
    tft.print(fmt2(balanceDGB));

    String currencyCode = currentCurrencyCode();
    String fiatText = currentCurrencyWaitText();
    bool drawCustomPound = false;
    String fiatAmountText = "";
    if (haveFiatData) {
      walletFiatValue = currentWalletFiatValue();
      if (currencyCode == "GBP") {
        fiatAmountText = fmt2(walletFiatValue);
        drawCustomPound = true;
      } else {
        fiatText = currentFiatAmountText(walletFiatValue, 2);
      }
      tft.setTextColor(C_GREEN, C_BG);
    } else {
      tft.setTextColor(C_WARN, C_BG);
    }

    if (drawCustomPound) {
      const int poundWidth = 12;
      const int poundGap = 2;
      int amountX = 296 - tft.textWidth(fiatAmountText);
      int poundX = amountX - poundGap - poundWidth;

      if (poundX < 144) {
        poundX = 144;
        amountX = poundX + poundWidth + poundGap;
      }

      drawPoundGlyph2x(poundX, 196, C_GREEN, C_BG);
      tft.setCursor(amountX, 196);
      tft.print(fiatAmountText);
    } else {
      int fiatX = 296 - tft.textWidth(fiatText);
      if (fiatX < 144) fiatX = 144;
      tft.setCursor(fiatX, 196);
      tft.print(fiatText);
    }
  } else {
    if (WiFi.status() == WL_CONNECTED && cfgWallet.isEmpty()) {
      tft.setTextSize(1);
      tft.setTextColor(C_WARN, C_BG);
      tft.setCursor(24, 203);
      tft.print("CONNECT TO ");
      tft.setTextColor(C_GREEN, C_BG);
      tft.print(WiFi.localIP().toString());
    } else {
      tft.setTextColor(C_WARN, C_BG);
      tft.setCursor(24, 196);
      tft.print("NO DATA");
    }
  }

  tft.fillRect(78, 224, 222, 12, C_BG);
  tft.setTextSize(1);
  tft.setTextColor(statusText.startsWith("LIVE") ? C_GREEN : C_ALERT, C_BG);
  tft.setCursor(78, 226);
  tft.print(statusText);
  drawMiningStats();
}

void drawBlockPopup() {
  if (!isBlockPopupVisible()) return;

  int w = 240;
  int h = 90;
  int x = (320 - w) / 2;
  int y = (240 - h) / 2;

  tft.fillRoundRect(x, y, w, h, 12, C_POPBG);
  tft.drawRoundRect(x, y, w, h, 12, C_GREEN);
  tft.drawRoundRect(x + 1, y + 1, w - 2, h - 2, 12, C_GREEN2);

  tft.setTextColor(C_WARN, C_POPBG);
  tft.setTextSize(2);
  tft.setCursor(x + 40, y + 15);
  tft.print("BLOCK FOUND");

  tft.setTextColor(C_GREEN, C_POPBG);
  tft.setTextSize(2);

  String reward = "+" + fmt2(deltaDGB) + " DGB";
  int16_t textWidth = reward.length() * 12;
  int textX = x + (w - textWidth) / 2;

  tft.setCursor(textX, y + 50);
  tft.print(reward);
}

void startBlockPopup(float amount) {
  deltaDGB = amount;
  popupActive = true;
  popupPersistent = true;
  popupUntil = 0;
  drawBlockPopup();
}

bool isBlockPopupVisible() {
  return popupActive && (popupPersistent || millis() < popupUntil);
}

void clearBlockPopup() {
  popupActive = false;
  popupPersistent = false;
  popupUntil = 0;
  drawStaticLayout();
  drawValues();
}

bool fetchDgbBalance() {
  if (WiFi.status() != WL_CONNECTED) {
    statusText = "BAL RETRY";
    return false;
  }

  if (cfgWallet.isEmpty()) {
    statusText = "NO WALLET CONFIG";
    return false;
  }

  WiFiClientSecure client;
  client.setInsecure();
  HTTPClient http;
  http.setConnectTimeout(5000);
  http.setTimeout(10000);
  http.setUserAgent("ESP32-SOLO-HUNTER/1.0.6");

  if (!http.begin(client, chainzUrl())) {
    statusText = "BAL RETRY";
    return false;
  }

  int code = http.GET();
  if (code != 200) {
    statusText = "BAL HTTP " + String(code);
    http.end();
    return false;
  }

  String body = http.getString();
  http.end();
  body.trim();

  if (!body.length() || body.startsWith("ERROR")) {
    statusText = "BAL RETRY";
    return false;
  }

  balanceDGB = body.toFloat();
  haveWalletData = true;
  return true;
}

bool fetchDgbFiatPrices() {
  if (WiFi.status() != WL_CONNECTED) {
    statusText = haveWalletData ? liveCurrencyWaitStatus() : currentCurrencyRetryText();
    return false;
  }

  WiFiClientSecure client;
  client.setInsecure();
  HTTPClient http;
  http.setConnectTimeout(5000);
  http.setTimeout(10000);
  http.setUserAgent("ESP32-SOLO-HUNTER/1.0.6");

  if (!http.begin(client, geckoUrl())) {
    statusText = haveWalletData ? liveCurrencyWaitStatus() : currentCurrencyRetryText();
    return false;
  }

  int code = http.GET();
  if (code == 429) {
    statusText = haveWalletData ? liveCurrencyWaitStatus() : currentCurrencyRetryText();
    http.end();
    return false;
  }
  if (code != 200) {
    statusText = haveWalletData ? liveCurrencyWaitStatus() : currentCurrencyCode() + " HTTP " + String(code);
    http.end();
    return false;
  }

  String body = http.getString();
  http.end();

  bool updated = false;
  float newUsd = extractJsonFloat(body, "\"usd\":");
  float newGbp = extractJsonFloat(body, "\"gbp\":");
  float newCad = extractJsonFloat(body, "\"cad\":");

  if (newUsd > 0.0f) {
    dgbPriceUsd = newUsd;
    updated = true;
  }
  if (newGbp > 0.0f) {
    dgbPriceGbp = newGbp;
    updated = true;
  }
  if (newCad > 0.0f) {
    dgbPriceCad = newCad;
    updated = true;
  }

  if (updated) {
    saveLastFiatPrices();
    syncFiatAvailability();
    return haveFiatData;
  }

  syncFiatAvailability();
  statusText = haveWalletData ? liveCurrencyWaitStatus() : currentCurrencyCode() + " PARSE FAIL";
  return false;
}

bool fetchLatestMinedTx(String& txid, float& received) {
  if (WiFi.status() != WL_CONNECTED || cfgWallet.isEmpty()) return false;

  WiFiClientSecure client;
  client.setInsecure();
  HTTPClient http;
  http.setConnectTimeout(5000);
  http.setTimeout(10000);
  http.setUserAgent("ESP32-SOLO-HUNTER/1.0.6");

  if (!http.begin(client, minedTxUrl())) return false;

  int code = http.GET();
  if (code != 200) {
    http.end();
    return false;
  }

  String body = http.getString();
  http.end();
  return extractLatestMinedTx(body, txid, received);
}

void checkForMinedBlockAlert() {
  if (WiFi.status() != WL_CONNECTED || cfgWallet.isEmpty()) return;

  String txid;
  float received = 0.0f;
  bool foundMinedTx = fetchLatestMinedTx(txid, received);

  if (!minedBaselineReady) {
    if (foundMinedTx) lastMinedTxId = txid;
    minedBaselineReady = true;
    saveMinedAlertState();
    return;
  }

  if (!foundMinedTx || txid.isEmpty() || txid == lastMinedTxId) return;

  lastMinedTxId = txid;
  if (received > 0.0f || !popupActive) {
    startBlockPopup(received);
  }
  saveMinedAlertState();
}

void refreshWalletOnly() {
  bool balOk = fetchDgbBalance();
  if (balOk) {
    statusText = "LIVE " + WiFi.localIP().toString();

    if (lastBalanceDGB < 0.0f) {
      lastBalanceDGB = balanceDGB;
      saveLastBalance();
    } else if (balanceDGB != lastBalanceDGB) {
      if (balanceDGB > lastBalanceDGB) {
        startBlockPopup(balanceDGB - lastBalanceDGB);
      }
      lastBalanceDGB = balanceDGB;
      saveLastBalance();
    }
  } else if (haveWalletData) {
    statusText = "LIVE / BAL RETRY";
  }
}

void refreshFiatOnly() {
  if (!haveWalletData || cfgWallet.isEmpty()) return;
  bool fiatOk = fetchDgbFiatPrices();
  if (fiatOk) {
    statusText = "LIVE " + WiFi.localIP().toString();
  } else if (haveWalletData && haveFiatData) {
    statusText = liveCurrencyWaitStatus();
  }
}

void handleRoot() {
  syncMiningStats();
  String currencyCode = currentCurrencyCode();
  String walletBalanceText = haveWalletData ? fmt2(balanceDGB) + " DGB" : (cfgWallet.isEmpty() ? "Add wallet address" : "Waiting for wallet");
  String walletValueText = haveWalletData && haveFiatData ? currencyPrefixHtml(currencyCode) + fmtDecimals(currentWalletFiatValue(), 2) : (haveWalletData ? currentCurrencyWaitText() : "--");
  String priceText = haveFiatData ? currencyPrefixHtml(currencyCode) + fmtDecimals(currentDgbFiatPrice(), 4) : currentCurrencyWaitText();
  String screenModeText = cfgFlip ? "Flipped 180" : "Standard";
  String miningStateText = cfgMiningEnabled ? miningRuntimeStatus : "OFF";
  String miningPoolText = cfgMiningPoolHost.isEmpty() ? "No pool configured" : cfgMiningPoolHost + ":" + cfgMiningPoolPort;
  String miningHashrateText = formatMiningHashrate();
  String miningTotalHashesText = formatMiningTotalHashes();
  String miningUptimeText = formatMiningUptime();
  String miningBestText = formatMiningDiffCompact();
  String miningEngineText =
      cfgMiningEnabled ? (miningHardwareSha ? "HW SHA" : "CPU FALLBACK") : "OFF";

  String page;
  page.reserve(14000);
  page += "<!doctype html><html><head><meta name='viewport' content='width=device-width,initial-scale=1'>";
  page += "<title>SOLO HUNTER v1.0.6 Control Panel</title>";
  page += "<style>";
  page += ":root{--bg:#07110b;--panel:#101a13;--panel-2:#152319;--line:#294433;--accent:#62ff9b;--accent-2:#1cc86d;--text:#edf7f0;--muted:#9db5a5;--shadow:0 24px 60px rgba(0,0,0,.35)}";
  page += "*{box-sizing:border-box}body{margin:0;min-height:100vh;padding:24px;color:var(--text);font-family:'Trebuchet MS','Segoe UI',sans-serif;background:radial-gradient(circle at top,#16301d 0,#08100a 58%,#050806 100%)}";
  page += "body::before{content:'';position:fixed;inset:0;background:linear-gradient(135deg,rgba(98,255,155,.08),transparent 42%),radial-gradient(circle at top right,rgba(98,255,155,.16),transparent 30%);pointer-events:none}";
  page += ".shell{max-width:1080px;margin:0 auto;display:grid;gap:18px;position:relative;z-index:1}.panel{background:linear-gradient(180deg,rgba(21,35,25,.98),rgba(10,18,12,.94));border:1px solid var(--line);border-radius:24px;padding:22px;box-shadow:var(--shadow)}";
  page += ".hero{padding:28px}.eyebrow{text-transform:uppercase;letter-spacing:.18em;font-size:12px;color:var(--accent)}h1{margin:8px 0 10px;font-size:clamp(28px,5vw,44px);line-height:1.04}.hero-copy,.section-head p,.action-panel p{margin:0;color:var(--muted);line-height:1.55}";
  page += ".chip-row{display:flex;flex-wrap:wrap;gap:10px;margin-top:18px}.pill{display:inline-flex;align-items:center;padding:10px 14px;border-radius:999px;background:rgba(98,255,155,.08);border:1px solid rgba(98,255,155,.22);color:#e4ffed;font-size:14px}";
  page += ".layout{display:grid;grid-template-columns:1.08fr .92fr;gap:18px}.section-head{display:flex;justify-content:space-between;align-items:flex-start;gap:12px;margin-bottom:18px}.section-head h2,.action-panel h2{margin:0 0 6px;font-size:22px}.section-pills{display:flex;justify-content:flex-end;gap:10px;flex-wrap:wrap}";
  page += ".tabs{display:grid;gap:18px}.tabbar{display:flex;gap:10px;flex-wrap:wrap}.tab-button{background:#0b140e;color:var(--text);border:1px solid #35533f;box-shadow:none}.tab-button.active{background:linear-gradient(135deg,var(--accent),var(--accent-2));color:#041109}.tab-pane{display:none}.tab-pane.active{display:block}.field-grid{display:grid;grid-template-columns:repeat(2,minmax(0,1fr));gap:14px}.full{grid-column:1/-1}";
  page += ".stats{display:grid;grid-template-columns:repeat(2,minmax(0,1fr));gap:14px}.stat{padding:16px;border-radius:18px;background:linear-gradient(180deg,rgba(7,17,11,.82),rgba(12,22,15,.95));border:1px solid rgba(98,255,155,.12)}.mining-stats{grid-template-columns:repeat(2,minmax(0,1fr))}.mining-stats .stat strong{font-size:22px}.miner-meta{display:grid;grid-template-columns:repeat(2,minmax(0,1fr));gap:10px;margin-top:14px}.miner-meta div{padding:11px 12px;border-top:1px solid var(--line)}.miner-meta span{display:block;color:var(--muted);font-size:11px;text-transform:uppercase}.miner-meta strong{display:block;margin-top:5px;font-size:14px;overflow-wrap:anywhere}";
  page += ".stat-label{display:block;font-size:12px;text-transform:uppercase;letter-spacing:.08em;color:var(--muted);margin-bottom:10px}.stat strong{display:block;font-size:28px;line-height:1.1;margin-bottom:8px}.stat small{color:var(--muted);font-size:13px}";
  page += ".field-label{display:block;font-size:13px;text-transform:uppercase;letter-spacing:.08em;color:var(--muted);margin-bottom:10px}input{width:100%;padding:14px 16px;border-radius:16px;border:1px solid #35533f;background:#0b140e;color:var(--text);font-size:15px;outline:none}";
  page += "input:focus{border-color:var(--accent);box-shadow:0 0 0 3px rgba(98,255,155,.12)}.choices{display:grid;grid-template-columns:repeat(3,minmax(0,1fr));gap:12px;margin-bottom:18px}.choice{display:block;position:relative;cursor:pointer}";
  page += ".choice input{position:absolute;opacity:0;pointer-events:none}.choice-body{display:block;padding:16px;border-radius:18px;border:1px solid #35533f;background:#0b140e;transition:transform .15s ease,border-color .15s ease,box-shadow .15s ease}";
  page += ".choice input:checked + .choice-body{border-color:var(--accent);box-shadow:0 0 0 3px rgba(98,255,155,.16);transform:translateY(-1px)}.choice-code{display:block;font-size:20px;font-weight:700;margin-bottom:8px}.choice-label{display:block;font-size:14px;font-weight:700;margin-bottom:6px}.choice-hint{display:block;font-size:12px;color:var(--muted);line-height:1.45}";
  page += ".toggle-row{display:grid;gap:12px;margin:18px 0 22px}.toggle{display:flex;align-items:center;gap:12px;padding:14px 16px;border-radius:16px;background:#0b140e;border:1px solid #2e4936}.toggle input{width:18px;height:18px;accent-color:var(--accent-2);margin:0}";
  page += ".actions{display:flex;gap:12px;flex-wrap:wrap}button{appearance:none;border:none;border-radius:16px;padding:14px 18px;font-weight:700;font-size:15px;cursor:pointer;transition:transform .15s ease,box-shadow .15s ease}button:hover{transform:translateY(-1px)}";
  page += ".primary{background:linear-gradient(135deg,var(--accent),var(--accent-2));color:#041109;box-shadow:0 12px 30px rgba(28,200,109,.25)}.secondary{background:#0b140e;color:var(--text);border:1px solid #35533f}.action-panel{display:flex;justify-content:space-between;align-items:center;gap:16px}";
  page += "@media (max-width:900px){body{padding:16px}.layout,.field-grid{grid-template-columns:1fr}.stats,.choices{grid-template-columns:1fr}.mining-stats,.miner-meta{grid-template-columns:repeat(2,minmax(0,1fr))}.action-panel{flex-direction:column;align-items:flex-start}}@media (max-width:520px){.mining-stats,.miner-meta{grid-template-columns:1fr}}";
  page += "</style></head><body><main class='shell'>";
  page += "<section class='hero panel'><div class='eyebrow'>SOLO HUNTER v1.0.6 Control Panel</div>";
  page += "<h1>Display setup and SHA-256 mining settings.</h1>";
  page += "<p class='hero-copy'>Use the Display tab for wallet, currency, and screen settings. Use the Mining tab for pool login details.</p>";
  page += "<div class='chip-row'>";
  page += "<span class='pill' id='ci'>IP: " + htmlEscape(currentIpText()) + "</span>";
  page += "<span class='pill' id='cs'>Status: " + htmlEscape(statusText) + "</span>";
  page += "<span class='pill' id='cc'>Currency: " + htmlEscape(currencyCode) + " | " + htmlEscape(currencyDisplayName(currencyCode)) + "</span>";
  page += "</div></section>";
  page += "<section class='panel tabs'><div class='tabbar'>";
  page += "<button class='tab-button active' type='button' data-tab='display'>Display</button>";
  page += "<button class='tab-button' type='button' data-tab='mining'>Mining</button>";
  page += "</div><div id='tab-display' class='tab-pane active'><section class='layout'>";
  page += "<div class='panel'><div class='section-head'><div><h2>Live Dashboard</h2><p>Selected currency drives both the screen value and the live browser stats below.</p></div><span class='pill'>" + htmlEscape(currencyDisplayName(currencyCode)) + "</span></div>";
  page += "<div class='stats'>";
  page += "<article class='stat'><span class='stat-label'>Wallet Balance</span><strong id='bd'>" + htmlEscape(walletBalanceText) + "</strong><small>Current DigiByte balance from Chainz.</small></article>";
  page += "<article class='stat'><span class='stat-label'>Wallet Value</span><strong id='wf'>" + walletValueText + "</strong><small>The value currently shown on the device.</small></article>";
  page += "<article class='stat'><span class='stat-label'>DGB Price</span><strong id='pf'>" + priceText + "</strong><small>Latest CoinGecko market price in the selected currency.</small></article>";
  page += "<article class='stat'><span class='stat-label'>Screen Mode</span><strong id='sm'>" + htmlEscape(screenModeText) + "</strong><small>Current display orientation.</small></article>";
  page += "</div></div>";
  page += "<div class='panel'><div class='section-head'><div><h2>Device Settings</h2><p>Everything important is on one page so the device is easier to configure and check at a glance.</p></div></div>";
  page += "<form method='POST' action='/save'>";
  page += "<input type='hidden' name='section' value='display'>";
  page += "<label class='field-label' for='wallet'>DGB Wallet Address</label>";
  page += "<input id='wallet' name='wallet' value='" + htmlEscape(cfgWallet) + "' placeholder='Enter your DigiByte wallet address'>";
  page += "<div class='field-label'>Display Currency</div>";
  page += "<div class='choices'>";
  page += currencyChoiceHtml("USD", "US Dollar", "Standard US dollar wallet value");
  page += currencyChoiceHtml("GBP", "Great British Pound", "British pound wallet value");
  page += currencyChoiceHtml("CAD", "Canadian Dollar", "Canadian dollar wallet value");
  page += "</div>";
  page += "<div class='toggle-row'>";
  page += "<label class='toggle'><input type='checkbox' name='flip' " + String(cfgFlip ? "checked" : "") + "><span>Flip screen 180&deg;</span></label>";
  page += "</div>";
  page += "<div class='actions'><button class='primary' type='submit'>Save Settings</button></div>";
  page += "</form></div></section></div>";
  page += "<div id='tab-mining' class='tab-pane'>";
  page += "<section class='layout'>";
  page += "<div class='panel'><div class='section-head'><div><h2>Mining Dashboard</h2><p>Live SHA-256 mining data.</p></div><div class='section-pills'><span class='pill' id='ms0'>" + htmlEscape(miningStateText) + "</span><span class='pill' id='mp0'>" + htmlEscape(miningPoolText) + "</span></div></div>";
  page += "<div class='stats mining-stats'>";
  page += "<article class='stat'><span class='stat-label'>Hashrate</span><strong id='mh'>" + htmlEscape(miningHashrateText) + "</strong><small>Current SHA-256 hashing speed.</small></article>";
  page += "<article class='stat'><span class='stat-label'>Hash Engine</span><strong id='me'>" + htmlEscape(miningEngineText) + "</strong></article>";
  page += "<article class='stat'><span class='stat-label'>Session Hashes</span><strong id='mt'>" + htmlEscape(miningTotalHashesText) + "</strong></article>";
  page += "<article class='stat'><span class='stat-label'>Session Uptime</span><strong id='mu'>" + htmlEscape(miningUptimeText) + "</strong></article>";
  page += "<article class='stat'><span class='stat-label'>Accepted Shares</span><strong id='ma'>" + String(miningAcceptedShares) + "</strong></article>";
  page += "<article class='stat'><span class='stat-label'>Rejected Shares</span><strong id='mr'>" + String(miningRejectedShares) + "</strong></article>";
  page += "<article class='stat'><span class='stat-label'>Submitted Shares</span><strong id='ms'>" + String(miningSubmittedShares) + "</strong></article>";
  page += "<article class='stat'><span class='stat-label'>Pending Shares</span><strong id='mp'>" + String(miningPendingShares) + "</strong></article>";
  page += "<article class='stat'><span class='stat-label'>Blocks Found</span><strong id='mb'>" + String(miningBlocksFound) + "</strong><small>Network-target hashes this run.</small></article>";
  page += "<article class='stat'><span class='stat-label'>Best Difficulty</span><strong id='md'>" + htmlEscape(miningBestText) + "</strong></article>";
  page += "<article class='stat'><span class='stat-label'>Pool Difficulty</span><strong id='mpd'>" + htmlEscape(fmtDecimals((float)miningPoolDifficulty, 4)) + "</strong></article>";
  page += "</div><div class='miner-meta'><div><span>Worker</span><strong id='mw'>" + htmlEscape(cfgMiningWorker.isEmpty() ? "--" : cfgMiningWorker) + "</strong></div><div><span>Firmware</span><strong id='mv'>v1.0.6 / HELIOS-ENGINE</strong></div></div></div>";
  page += "<div class='panel'><div class='section-head'><div><h2>Mining Settings</h2><p>Pool login for SHA-256 mining mode.</p></div></div>";
  page += "<form method='POST' action='/save'>";
  page += "<input type='hidden' name='section' value='mining'>";
  page += "<div class='toggle-row'>";
  page += "<label class='toggle'><input type='checkbox' name='mining_enabled' " + String(cfgMiningEnabled ? "checked" : "") + "><span>Enable SHA-256 mining mode</span></label>";
  page += "</div>";
  page += "<div class='field-grid'>";
  page += "<div><label class='field-label' for='mine_host'>Pool Host</label><input id='mine_host' name='mine_host' value='" + htmlEscape(cfgMiningPoolHost) + "' placeholder='sha256.pool.example'></div>";
  page += "<div><label class='field-label' for='mine_port'>Pool Port</label><input id='mine_port' name='mine_port' value='" + htmlEscape(cfgMiningPoolPort) + "' placeholder='3333'></div>";
  page += "<div class='full'><label class='field-label' for='mine_user'>Wallet / Username</label><input id='mine_user' name='mine_user' value='" + htmlEscape(cfgMiningUser) + "' placeholder='Wallet address or pool username'></div>";
  page += "<div><label class='field-label' for='mine_worker'>Worker Name</label><input id='mine_worker' name='mine_worker' value='" + htmlEscape(cfgMiningWorker) + "' placeholder='solo-hunter-01'></div>";
  page += "<div><label class='field-label' for='mine_pass'>Pool Password</label><input id='mine_pass' name='mine_pass' value='" + htmlEscape(cfgMiningPass) + "' placeholder='x'></div>";
  page += "</div>";
  page += "<div class='actions' style='margin-top:18px'><button class='primary' type='submit'>Save Mining Settings</button></div>";
  page += "</form></div></section></div></section>";
  page += "<section class='panel action-panel'><div><h2>Block Alert</h2><p>Dismiss the device block alert.</p></div>";
  page += "<form method='POST' action='/clear-popup'><button class='secondary' type='submit'>Clear Block Alert</button></form></section>";
  page += "<section class='panel action-panel'><div><h2>WiFi Setup</h2><p>Reopen the WiFi setup portal.</p></div>";
  page += "<form method='POST' action='/wifi'><button class='secondary' type='submit'>Open WiFi Setup</button></form></section>";
  page += "<script>";
  page += "const showTab=(name)=>{document.querySelectorAll('.tab-button').forEach((b)=>b.classList.toggle('active',b.dataset.tab===name));";
  page += "document.querySelectorAll('.tab-pane').forEach((pane)=>pane.classList.toggle('active',pane.id==='tab-'+name));};";
  page += "document.querySelectorAll('.tab-button').forEach((button)=>button.addEventListener('click',()=>{showTab(button.dataset.tab);location.hash=button.dataset.tab;}));";
  page += "showTab(location.hash==='#mining'?'mining':'display');";
  page += "const fmt=(n,d=2)=>Number.isFinite(n)?n.toFixed(d):'--';";
  page += "const prefix=(c)=>c==='GBP'?'\\u00A3':(c==='CAD'?'CAD$':'$');";
  page += "const hashFmt=(n)=>Number.isFinite(n)?Math.round(n)+'KH':'--';";
  page += "const countFmt=(n)=>Number.isFinite(n)?(n>=1e9?(n/1e9).toFixed(2)+'B':(n>=1e6?(n/1e6).toFixed(2)+'M':(n>=1e3?(n/1e3).toFixed(2)+'K':Math.round(n)))):'--';";
  page += "const uptimeFmt=(n)=>{n=Math.max(0,Math.floor(Number(n)||0));const h=Math.floor(n/3600),m=Math.floor(n/60)%60,s=n%60;return [h,m,s].map(v=>String(v).padStart(2,'0')).join(':');};";
  page += "const diffFmt=(n)=>Number.isFinite(n)?(n>=1000000?(n/1000000).toFixed(2)+'M':(n>=1000?(n/1000).toFixed(2)+'K':(n>=1?n.toFixed(2):(n>=0.0001?n.toFixed(4):(n>0?'<0.0001':'0.00'))))):'--';";
  page += "const el=id=>document.getElementById(id);";
  page += "async function refreshStatus(){try{const res=await fetch('/status',{cache:'no-store'});if(!res.ok)return;const s=await res.json();";
  page += "el('ci').textContent='IP: '+(s.ip||'NO WIFI');";
  page += "el('cs').textContent='Status: '+(s.status||'BOOT');";
  page += "el('cc').textContent='Currency: '+(s.currency||'USD')+' | '+(s.currency_name||'US Dollar');";
  page += "el('bd').textContent=s.have_wallet_data?fmt(s.balance_dgb)+' DGB':((s.wallet_configured?'Waiting for wallet':'Add wallet address'));";
  page += "el('wf').textContent=s.have_wallet_data&&s.have_fiat_data?(prefix(s.currency)+fmt(s.wallet_fiat)):((s.currency||'USD')+' WAIT');";
  page += "el('pf').textContent=s.have_fiat_data?(prefix(s.currency)+fmt(s.dgb_fiat,4)):((s.currency||'USD')+' WAIT');";
  page += "el('sm').textContent=s.flip?'Flipped 180':'Standard';";
  page += "el('ms0').textContent=s.mining_enabled?(s.mining_status||'STARTING'):'OFF';";
  page += "el('mp0').textContent=s.mining_pool?`${s.mining_pool}:${s.mining_pool_port}`:'No pool configured';";
  page += "el('mh').textContent=hashFmt(s.mining_hashrate_kh);";
  page += "el('me').textContent=s.mining_enabled?(s.mining_engine||'CPU FALLBACK'):'OFF';";
  page += "el('mt').textContent=countFmt(s.mining_total_hashes);";
  page += "el('mu').textContent=uptimeFmt(s.mining_uptime_seconds);";
  page += "el('ma').textContent=s.mining_accepted_shares||0;";
  page += "el('mr').textContent=s.mining_rejected_shares||0;";
  page += "el('ms').textContent=s.mining_submitted_shares||0;";
  page += "el('mp').textContent=s.mining_pending_shares||0;";
  page += "el('mb').textContent=s.mining_blocks_found||0;";
  page += "el('md').textContent=diffFmt(s.mining_best_diff);";
  page += "el('mpd').textContent=diffFmt(s.mining_pool_difficulty);";
  page += "el('mw').textContent=s.mining_worker||'--';";
  page += "el('mv').textContent='v'+(s.firmware_version||'1.0.6')+' / '+(s.mining_build||'HELIOS-ENGINE');";
  page += "}catch(e){}}refreshStatus();setInterval(refreshStatus,1000);";
  page += "</script></main></body></html>";
  server.send(200, "text/html", page);
}

void handleSave() {
  String saveSection = server.hasArg("section") ? server.arg("section") : "display";
  String oldWallet = cfgWallet;
  bool displaySave = (saveSection != "mining");

  if (displaySave) {
    if (server.hasArg("wallet")) cfgWallet = server.arg("wallet");
    if (server.hasArg("currency")) cfgCurrency = server.arg("currency");
    cfgFlip = server.hasArg("flip");
  } else {
    cfgMiningEnabled = server.hasArg("mining_enabled");
    if (server.hasArg("mine_host")) cfgMiningPoolHost = server.arg("mine_host");
    if (server.hasArg("mine_port")) cfgMiningPoolPort = server.arg("mine_port");
    if (server.hasArg("mine_user")) cfgMiningUser = server.arg("mine_user");
    if (server.hasArg("mine_worker")) cfgMiningWorker = server.arg("mine_worker");
    if (server.hasArg("mine_pass")) cfgMiningPass = server.arg("mine_pass");
  }

  trimConfig();
  bool walletChanged = (cfgWallet != oldWallet);

  if (displaySave && walletChanged) {
    haveWalletData = false;
    popupActive = false;
    popupPersistent = false;
    popupUntil = 0;
    deltaDGB = 0.0f;
    lastBalanceDGB = -1.0f;
    lastMinedTxId = "";
    minedBaselineReady = false;
  }

  syncFiatAvailability();
  savePrefs();
  if (!displaySave) soloHunterMinerConfigure(currentMiningEngineConfig());
  applyRotation();

  if (displaySave && WiFi.status() == WL_CONNECTED) {
    refreshWalletOnly();
    refreshFiatOnly();
    checkForMinedBlockAlert();
  }

  drawStaticLayout();
  drawValues();
  lastWalletFetch = millis();
  lastFiatFetch = millis();
  lastMinedAlertCheck = millis();

  server.sendHeader("Location", displaySave ? "/" : "/#mining", true);
  server.send(303, "text/plain", "");
}

void handleOpenWifiPortal() {
  portalMode = true;
  server.send(200, "text/html",
    "<!doctype html><html><head><meta name='viewport' content='width=device-width,initial-scale=1'>"
    "<title>WiFi Setup Requested</title>"
    "<style>body{margin:0;min-height:100vh;display:grid;place-items:center;background:#08100a;color:#edf7f0;font-family:'Trebuchet MS','Segoe UI',sans-serif;padding:20px}"
    ".card{max-width:520px;padding:24px;border-radius:22px;background:linear-gradient(180deg,#152319,#0b140e);border:1px solid #294433;box-shadow:0 24px 60px rgba(0,0,0,.35)}"
    "h2{margin:0 0 10px;color:#62ff9b}p{margin:0;color:#9db5a5;line-height:1.6}</style></head><body><div class='card'>"
    "<h2>WiFi portal requested.</h2><p>The device is switching into setup mode now. Connect to the SOLO_HUNTER_SETUP network if prompted.</p>"
    "</div></body></html>");
}

void handleClearPopup() {
  clearBlockPopup();
  server.sendHeader("Location", "/", true);
  server.send(303, "text/plain", "");
}

void handleStatusJson() {
  syncFiatAvailability();
  syncMiningStats();
  walletFiatValue = currentWalletFiatValue();
  String currencyCode = currentCurrencyCode();
  String json = "{";
  json += "\"ip\":\"" + jsonEscape(currentIpText()) + "\",";
  json += "\"status\":\"" + jsonEscape(statusText) + "\",";
  json += "\"currency\":\"" + jsonEscape(currencyCode) + "\",";
  json += "\"currency_name\":\"" + jsonEscape(currencyDisplayName(currencyCode)) + "\",";
  json += "\"balance_dgb\":" + String(balanceDGB, 8) + ",";
  json += "\"dgb_usd\":" + String(dgbPriceUsd, 8) + ",";
  json += "\"dgb_gbp\":" + String(dgbPriceGbp, 8) + ",";
  json += "\"dgb_cad\":" + String(dgbPriceCad, 8) + ",";
  json += "\"dgb_fiat\":" + String(currentDgbFiatPrice(), 8) + ",";
  json += "\"wallet_fiat\":" + String(walletFiatValue, 8) + ",";
  json += "\"wallet_usd\":" + String(balanceDGB * dgbPriceUsd, 8) + ",";
  json += "\"wallet_configured\":" + String(cfgWallet.isEmpty() ? "false" : "true") + ",";
  json += "\"have_wallet_data\":" + String(haveWalletData ? "true" : "false") + ",";
  json += "\"have_fiat_data\":" + String(haveFiatData ? "true" : "false") + ",";
  json += "\"mining_enabled\":" + String(cfgMiningEnabled ? "true" : "false") + ",";
  json += "\"mining_status\":\"" + jsonEscape(miningRuntimeStatus) + "\",";
  json += "\"mining_pool\":\"" + jsonEscape(cfgMiningPoolHost) + "\",";
  json += "\"mining_pool_port\":" + cfgMiningPoolPort + ",";
  json += "\"mining_worker\":\"" + jsonEscape(cfgMiningWorker) + "\",";
  json += "\"mining_engine\":\"" + String(cfgMiningEnabled ? (miningHardwareSha ? "HW SHA" : "CPU FALLBACK") : "OFF") + "\",";
  json += "\"mining_hashrate_kh\":" + String(miningHashrateKh, 3) + ",";
  json += "\"mining_total_hashes\":" + uint64Text(miningTotalHashes) + ",";
  json += "\"mining_submitted_shares\":" + String(miningSubmittedShares) + ",";
  json += "\"mining_pending_shares\":" + String(miningPendingShares) + ",";
  json += "\"mining_accepted_shares\":" + String(miningAcceptedShares) + ",";
  json += "\"mining_rejected_shares\":" + String(miningRejectedShares) + ",";
  json += "\"mining_blocks_found\":" + String(miningBlocksFound) + ",";
  json += "\"mining_uptime_seconds\":" + String(miningUptimeSeconds) + ",";
  json += "\"mining_best_diff\":" + String(miningBestDiff, 4) + ",";
  json += "\"mining_pool_difficulty\":" + String(miningPoolDifficulty, 6) + ",";
  json += "\"firmware_version\":\"1.0.6\",";
  json += "\"mining_build\":\"HELIOS-ENGINE\",";
  json += "\"flip\":" + String(cfgFlip ? "true" : "false");
  json += "}";
  server.send(200, "application/json", json);
}

void setupWebServer() {
  server.on("/", HTTP_GET, handleRoot);
  server.on("/save", HTTP_POST, handleSave);
  server.on("/clear-popup", HTTP_POST, handleClearPopup);
  server.on("/wifi", HTTP_POST, handleOpenWifiPortal);
  server.on("/status", HTTP_GET, handleStatusJson);
  server.begin();
}

void runWifiManagerPortal() {
  WiFiManager wm;
  portalMode = true;
  drawStaticLayout();
  statusText = "CONNECT TO SOLO_HUNTER_SETUP WIFI";
  drawValues();
  wm.setConfigPortalTimeout(180);
  bool connected = wm.autoConnect(AP_SSID, AP_PASS);

  if (!connected) {
    statusText = "WIFI PORTAL TIMEOUT";
    drawValues();
    return;
  }

  portalMode = false;
  statusText = cfgWallet.isEmpty() ? "NO WALLET CONFIG" : "LIVE " + WiFi.localIP().toString();
  drawValues();
}

// Keep display/network work on core 0, above the software helper, as in HELIOS.
static TaskHandle_t soloForegroundTaskHandle = nullptr;
static esp_pm_lock_handle_t soloMiningPowerLock = nullptr;
static esp_pm_lock_handle_t soloCpuFrequencyLock = nullptr;
void serviceSoloForeground();

void soloForegroundTask(void*) {
  for (;;) serviceSoloForeground();
}

void setup() {
  pinMode(TFT_BL, OUTPUT);
  digitalWrite(TFT_BL, HIGH);

  pinMode(REAR_LED, OUTPUT);
  rearLedOn();

  tft.init();
  loadPrefs();
  applyRotation();
  tft.setTextDatum(top_left);
  tft.fillScreen(C_BG);

  drawStaticLayout();
  statusText = "STARTING WIFI...";
  drawValues();

  if (WiFi.status() != WL_CONNECTED) {
    runWifiManagerPortal();
  }

  setupWebServer();

  if (WiFi.status() == WL_CONNECTED) {
    refreshWalletOnly();
    refreshFiatOnly();
    checkForMinedBlockAlert();
  }

  drawStaticLayout();
  drawValues();

  if (isBlockPopupVisible()) drawBlockPopup();

  lastWalletFetch = millis();
  lastFiatFetch = millis();
  lastMinedAlertCheck = millis();
  lastMiningDisplayRefresh = millis();

  WiFi.setSleep(false);
  if (esp_pm_lock_create(ESP_PM_NO_LIGHT_SLEEP, 0, "solo-miner",
                         &soloMiningPowerLock) == ESP_OK) {
    esp_pm_lock_acquire(soloMiningPowerLock);
  }
  if (esp_pm_lock_create(ESP_PM_CPU_FREQ_MAX, 0, "solo-cpu",
                         &soloCpuFrequencyLock) == ESP_OK) {
    esp_pm_lock_acquire(soloCpuFrequencyLock);
  }
  soloHunterMinerBegin(currentMiningEngineConfig());
  BaseType_t created = xTaskCreatePinnedToCore(
      soloForegroundTask, "solo-ui", 12288, nullptr, 2,
      &soloForegroundTaskHandle, 0);
  if (created != pdPASS) {
    soloForegroundTaskHandle = nullptr;
    // Share core 1 fairly with the miner if the foreground task cannot start.
    vTaskPrioritySet(nullptr, 2);
  }
}

void loop() {
  if (soloForegroundTaskHandle == nullptr) {
    serviceSoloForeground();
  } else {
    delay(1000);
  }
}

void serviceSoloForeground() {
  rearLedOn();
  server.handleClient();

  if (portalMode) {
    runWifiManagerPortal();
    drawStaticLayout();
    drawValues();
  }

  if (WiFi.status() != WL_CONNECTED) {
    delay(100);
    return;
  }

  if (popupActive) {
    if (!isBlockPopupVisible()) {
      clearBlockPopup();
    } else {
      delay(20);
      return;
    }
  }

  if (millis() - lastMiningDisplayRefresh >= MINING_DISPLAY_REFRESH_MS) {
    lastMiningDisplayRefresh = millis();
    drawMiningStats();
  }

  if (millis() - lastWalletFetch >= WALLET_REFRESH_MS) {
    lastWalletFetch = millis();
    refreshWalletOnly();
    drawValues();
  }

  if (millis() - lastFiatFetch >= FIAT_REFRESH_MS) {
    lastFiatFetch = millis();
    refreshFiatOnly();
    drawValues();
  }

  if (millis() - lastMinedAlertCheck >= MINED_ALERT_REFRESH_MS) {
    lastMinedAlertCheck = millis();
    checkForMinedBlockAlert();
    if (isBlockPopupVisible()) drawBlockPopup();
  }

  delay(20);
}
